n0093
Tue Mar 31 10:06:01 PM EDT 2026
/home/sm3934/miniconda3/envs/ipm_rcrl_env/bin/python
run= 17 seed= 1 env= CartPolePerturbedEnv
env=CartPolePerturbedEnv
state_dim=4
action_dim=1
max_action=10.0
max_episode_steps=1000
No env selected
------use_orthogonal_init------
------use_orthogonal_init------
------use_orthogonal_init------
evaluate_num:1 	 evaluate_reward:52.0 	 evaluate_cost:10.0 	 evaluate_max_cost:10.0
ch, vs_mean, vl_pi, beta penalty= 0 0.006694882642477751 14.421409606933594 310.53524017333984
evaluate_num:2 	 evaluate_reward:34.333333333333336 	 evaluate_cost:10.0 	 evaluate_max_cost:10.0
ch, vs_mean, vl_pi, beta penalty= 0 8.23387622833252 15.851661682128906 346.29154205322266
ch, vs_mean, vl_pi, beta penalty= 0 14.778709411621094 13.363219261169434 284.08048152923584
ch, vs_mean, vl_pi, beta penalty= 0 18.900033950805664 14.395002365112305 309.8750591278076
evaluate_num:3 	 evaluate_reward:54.333333333333336 	 evaluate_cost:10.0 	 evaluate_max_cost:10.0
ch, vs_mean, vl_pi, beta penalty= 0 21.10712432861328 19.566007614135742 439.15019035339355
ch, vs_mean, vl_pi, beta penalty= 0 28.333293914794922 21.314985275268555 482.87463188171387
ch, vs_mean, vl_pi, beta penalty= 0 39.985740661621094 19.338254928588867 433.4563732147217
ch, vs_mean, vl_pi, beta penalty= 0 48.95682907104492 17.591846466064453 389.7961616516113
ch, vs_mean, vl_pi, beta penalty= 0 54.302547454833984 15.754009246826172 343.8502311706543
ch, vs_mean, vl_pi, beta penalty= 0 57.74064636230469 15.058366775512695 326.4591693878174
ch, vs_mean, vl_pi, beta penalty= 0 62.61688995361328 14.268842697143555 306.72106742858887
ch, vs_mean, vl_pi, beta penalty= 0 65.5677490234375 14.010854721069336 300.2713680267334
ch, vs_mean, vl_pi, beta penalty= 0 67.72201538085938 13.823284149169922 295.58210372924805
ch, vs_mean, vl_pi, beta penalty= 0 68.78713989257812 13.666289329528809 291.6572332382202
ch, vs_mean, vl_pi, beta penalty= 0 71.648193359375 13.453714370727539 286.3428592681885
evaluate_num:4 	 evaluate_reward:313.6666666666667 	 evaluate_cost:186.287897429151 	 evaluate_max_cost:12.409390758194636
ch, vs_mean, vl_pi, beta penalty= 1 73.22566986083984 13.310307502746582 282.75768756866455
ch, vs_mean, vl_pi, beta penalty= 1 76.47603607177734 21.814529418945312 495.3632354736328
ch, vs_mean, vl_pi, beta penalty= 1 75.77704620361328 16.004871368408203 350.1217842102051
ch, vs_mean, vl_pi, beta penalty= 1 81.46470642089844 13.052515029907227 276.31287574768066
ch, vs_mean, vl_pi, beta penalty= 1 82.94258880615234 13.878856658935547 296.9714164733887
ch, vs_mean, vl_pi, beta penalty= 1 79.40594482421875 20.927114486694336 473.1778621673584
ch, vs_mean, vl_pi, beta penalty= 1 83.26849365234375 10.0 200.0
ch, vs_mean, vl_pi, beta penalty= 1 81.92488098144531 14.331472396850586 308.28680992126465
ch, vs_mean, vl_pi, beta penalty= 1 83.24948120117188 13.736833572387695 293.4208393096924
ch, vs_mean, vl_pi, beta penalty= 1 83.2791976928711 12.460367202758789 261.5091800689697
ch, vs_mean, vl_pi, beta penalty= 1 83.29412078857422 12.824056625366211 270.6014156341553
ch, vs_mean, vl_pi, beta penalty= 1 83.263916015625 13.608245849609375 290.2061462402344
ch, vs_mean, vl_pi, beta penalty= 1 82.80915069580078 13.533864974975586 288.34662437438965
ch, vs_mean, vl_pi, beta penalty= 1 83.29167175292969 10.0 200.0
ch, vs_mean, vl_pi, beta penalty= 1 81.7813720703125 13.543183326721191 288.5795831680298
ch, vs_mean, vl_pi, beta penalty= 1 83.28809356689453 11.875845909118652 246.8961477279663
ch, vs_mean, vl_pi, beta penalty= 1 83.16233825683594 13.514604568481445 287.86511421203613
ch, vs_mean, vl_pi, beta penalty= 1 83.28460693359375 10.0 200.0
ch, vs_mean, vl_pi, beta penalty= 1 83.30318450927734 11.075465202331543 226.88663005828857
ch, vs_mean, vl_pi, beta penalty= 1 83.29791259765625 11.315298080444336 232.8824520111084
ch, vs_mean, vl_pi, beta penalty= 1 83.29762268066406 10.0 200.0
ch, vs_mean, vl_pi, beta penalty= 1 83.29051971435547 10.0 200.0
evaluate_num:5 	 evaluate_reward:500.0 	 evaluate_cost:0.0 	 evaluate_max_cost:0
New best model found! Saving model with reward: 500.0 and max cost: 0
ch, vs_mean, vl_pi, beta penalty= 1 83.29365539550781 10.0 200.0
ch, vs_mean, vl_pi, beta penalty= 1 83.28564453125 10.0 200.0
ch, vs_mean, vl_pi, beta penalty= 1 83.2750015258789 10.0 200.0
ch, vs_mean, vl_pi, beta penalty= 1 83.27507781982422 11.238384246826172 230.9596061706543
ch, vs_mean, vl_pi, beta penalty= 1 83.29338836669922 11.743520736694336 243.5880184173584
ch, vs_mean, vl_pi, beta penalty= 1 83.23912048339844 11.954590797424316 248.8647699356079
ch, vs_mean, vl_pi, beta penalty= 1 83.29419708251953 11.872961044311523 246.8240261077881
ch, vs_mean, vl_pi, beta penalty= 1 83.29780578613281 11.529718399047852 238.2429599761963
ch, vs_mean, vl_pi, beta penalty= 1 83.26055908203125 13.472712516784668 286.8178129196167
ch, vs_mean, vl_pi, beta penalty= 1 82.73760986328125 13.713744163513184 292.8436040878296
ch, vs_mean, vl_pi, beta penalty= 1 80.28377532958984 13.551660537719727 288.79151344299316
ch, vs_mean, vl_pi, beta penalty= 1 78.47203826904297 13.783369064331055 294.58422660827637
ch, vs_mean, vl_pi, beta penalty= 1 78.95036315917969 23.953493118286133 548.8373279571533
ch, vs_mean, vl_pi, beta penalty= 1 77.3849105834961 15.032648086547852 325.8162021636963
ch, vs_mean, vl_pi, beta penalty= 1 70.36949157714844 13.709616661071777 292.74041652679443
ch, vs_mean, vl_pi, beta penalty= 1 69.68186950683594 13.677572250366211 291.9393062591553
ch, vs_mean, vl_pi, beta penalty= 1 65.99992370605469 13.638017654418945 290.95044136047363
ch, vs_mean, vl_pi, beta penalty= 1 65.78939056396484 13.589677810668945 289.74194526672363
ch, vs_mean, vl_pi, beta penalty= 1 67.03449249267578 13.535329818725586 288.38324546813965
ch, vs_mean, vl_pi, beta penalty= 1 69.42047882080078 13.51199722290039 287.79993057250977
evaluate_num:6 	 evaluate_reward:299.0 	 evaluate_cost:146.38350106322292 	 evaluate_max_cost:12.425058822180697
ch, vs_mean, vl_pi, beta penalty= 1 69.76636505126953 13.460641860961914 286.51604652404785
ch, vs_mean, vl_pi, beta penalty= 1 70.99787139892578 13.442778587341309 286.0694646835327
ch, vs_mean, vl_pi, beta penalty= 1 71.49330139160156 13.413512229919434 285.33780574798584
ch, vs_mean, vl_pi, beta penalty= 1 74.09220886230469 13.655722618103027 291.3930654525757
ch, vs_mean, vl_pi, beta penalty= 1 76.16877746582031 13.93056869506836 298.264217376709
ch, vs_mean, vl_pi, beta penalty= 1 74.78866577148438 13.539752006530762 288.49380016326904
ch, vs_mean, vl_pi, beta penalty= 1 70.80261993408203 13.344505310058594 283.61263275146484
ch, vs_mean, vl_pi, beta penalty= 1 70.7621078491211 13.317224502563477 282.9306125640869
ch, vs_mean, vl_pi, beta penalty= 1 71.16454315185547 13.299652099609375 282.4913024902344
ch, vs_mean, vl_pi, beta penalty= 1 70.34223175048828 13.270569801330566 281.76424503326416
ch, vs_mean, vl_pi, beta penalty= 1 73.82261657714844 13.239029884338379 280.9757471084595
ch, vs_mean, vl_pi, beta penalty= 1 74.93851470947266 13.212591171264648 280.3147792816162
ch, vs_mean, vl_pi, beta penalty= 1 78.28890991210938 13.190033912658691 279.7508478164673
ch, vs_mean, vl_pi, beta penalty= 1 82.80986022949219 11.066468238830566 226.66170597076416
ch, vs_mean, vl_pi, beta penalty= 1 79.50470733642578 10.0 200.0
ch, vs_mean, vl_pi, beta penalty= 1 82.22418212890625 11.050511360168457 226.26278400421143
ch, vs_mean, vl_pi, beta penalty= 1 82.23772430419922 11.105521202087402 227.63803005218506
ch, vs_mean, vl_pi, beta penalty= 1 82.56713104248047 10.0 200.0
ch, vs_mean, vl_pi, beta penalty= 1 83.175537109375 10.0 200.0
ch, vs_mean, vl_pi, beta penalty= 1 83.16517639160156 10.0 200.0
evaluate_num:7 	 evaluate_reward:500.0 	 evaluate_cost:0.0 	 evaluate_max_cost:0
ch, vs_mean, vl_pi, beta penalty= 1 83.20550537109375 10.0 200.0
ch, vs_mean, vl_pi, beta penalty= 1 83.18543243408203 10.0 200.0
ch, vs_mean, vl_pi, beta penalty= 1 82.75923156738281 10.0 200.0
ch, vs_mean, vl_pi, beta penalty= 1 83.05963134765625 10.0 200.0
ch, vs_mean, vl_pi, beta penalty= 1 83.02027130126953 10.0 200.0
ch, vs_mean, vl_pi, beta penalty= 1 83.05338287353516 10.0 200.0
ch, vs_mean, vl_pi, beta penalty= 1 82.85723114013672 10.0 200.0
ch, vs_mean, vl_pi, beta penalty= 1 83.11738586425781 10.0 200.0
ch, vs_mean, vl_pi, beta penalty= 1 82.95245361328125 10.0 200.0
ch, vs_mean, vl_pi, beta penalty= 1 83.0764389038086 10.0 200.0
ch, vs_mean, vl_pi, beta penalty= 1 83.1620101928711 10.0 200.0
ch, vs_mean, vl_pi, beta penalty= 1 83.17420196533203 10.0 200.0
ch, vs_mean, vl_pi, beta penalty= 1 83.02182006835938 10.0 200.0
ch, vs_mean, vl_pi, beta penalty= 1 83.23928833007812 10.0 200.0
ch, vs_mean, vl_pi, beta penalty= 1 83.19542694091797 10.0 200.0
ch, vs_mean, vl_pi, beta penalty= 1 82.97664642333984 10.0 200.0
ch, vs_mean, vl_pi, beta penalty= 1 83.20684051513672 10.0 200.0
ch, vs_mean, vl_pi, beta penalty= 1 83.1494140625 10.0 200.0
ch, vs_mean, vl_pi, beta penalty= 1 83.25347900390625 10.0 200.0
ch, vs_mean, vl_pi, beta penalty= 1 83.23738861083984 10.0 200.0
ch, vs_mean, vl_pi, beta penalty= 1 83.23540496826172 10.0 200.0
ch, vs_mean, vl_pi, beta penalty= 1 83.22502899169922 10.0 200.0
ch, vs_mean, vl_pi, beta penalty= 1 82.92185974121094 10.0 200.0
ch, vs_mean, vl_pi, beta penalty= 1 83.16511535644531 10.0 200.0
ch, vs_mean, vl_pi, beta penalty= 1 82.93318176269531 10.0 200.0
evaluate_num:8 	 evaluate_reward:361.3333333333333 	 evaluate_cost:3.3333333333333335 	 evaluate_max_cost:10.0
ch, vs_mean, vl_pi, beta penalty= 1 83.12825775146484 10.0 200.0
ch, vs_mean, vl_pi, beta penalty= 1 81.69481658935547 11.038446426391602 225.96116065979004
ch, vs_mean, vl_pi, beta penalty= 1 83.1801986694336 10.0 200.0
ch, vs_mean, vl_pi, beta penalty= 1 83.18023681640625 10.0 200.0
ch, vs_mean, vl_pi, beta penalty= 1 83.13082122802734 10.0 200.0
ch, vs_mean, vl_pi, beta penalty= 1 83.07723999023438 10.0 200.0
ch, vs_mean, vl_pi, beta penalty= 1 83.22341918945312 10.0 200.0
ch, vs_mean, vl_pi, beta penalty= 1 82.41419219970703 10.0 200.0
ch, vs_mean, vl_pi, beta penalty= 1 83.15423583984375 10.0 200.0
ch, vs_mean, vl_pi, beta penalty= 1 83.01587677001953 10.0 200.0
ch, vs_mean, vl_pi, beta penalty= 1 83.26148986816406 10.0 200.0
ch, vs_mean, vl_pi, beta penalty= 1 83.24468994140625 10.0 200.0
ch, vs_mean, vl_pi, beta penalty= 1 82.88152313232422 10.0 200.0
ch, vs_mean, vl_pi, beta penalty= 1 82.8084487915039 10.0 200.0
ch, vs_mean, vl_pi, beta penalty= 1 82.66539001464844 10.0 200.0
ch, vs_mean, vl_pi, beta penalty= 1 82.9627456665039 10.0 200.0
ch, vs_mean, vl_pi, beta penalty= 1 83.1969985961914 10.0 200.0
ch, vs_mean, vl_pi, beta penalty= 1 83.28402709960938 10.0 200.0
ch, vs_mean, vl_pi, beta penalty= 1 83.13101196289062 10.0 200.0
ch, vs_mean, vl_pi, beta penalty= 1 83.08711242675781 10.0 200.0
ch, vs_mean, vl_pi, beta penalty= 1 82.92359161376953 10.0 200.0
ch, vs_mean, vl_pi, beta penalty= 1 83.25851440429688 10.0 200.0
ch, vs_mean, vl_pi, beta penalty= 1 82.94072723388672 10.0 200.0
ch, vs_mean, vl_pi, beta penalty= 1 83.27801513671875 10.0 200.0
evaluate_num:9 	 evaluate_reward:500.0 	 evaluate_cost:0.0 	 evaluate_max_cost:0
ch, vs_mean, vl_pi, beta penalty= 1 82.95919036865234 10.0 200.0
ch, vs_mean, vl_pi, beta penalty= 1 83.14202117919922 10.0 200.0
ch, vs_mean, vl_pi, beta penalty= 1 82.35039520263672 10.0 200.0
ch, vs_mean, vl_pi, beta penalty= 1 82.86883544921875 10.0 200.0
ch, vs_mean, vl_pi, beta penalty= 1 82.81464385986328 10.0 200.0
ch, vs_mean, vl_pi, beta penalty= 1 83.01626586914062 10.0 200.0
ch, vs_mean, vl_pi, beta penalty= 1 82.08441925048828 10.0 200.0
ch, vs_mean, vl_pi, beta penalty= 1 82.83314514160156 10.0 200.0
ch, vs_mean, vl_pi, beta penalty= 1 83.02129364013672 10.0 200.0
ch, vs_mean, vl_pi, beta penalty= 1 82.37226104736328 10.0 200.0
ch, vs_mean, vl_pi, beta penalty= 1 83.01380920410156 10.0 200.0
ch, vs_mean, vl_pi, beta penalty= 1 83.27478790283203 10.0 200.0
ch, vs_mean, vl_pi, beta penalty= 1 83.04203033447266 10.0 200.0
ch, vs_mean, vl_pi, beta penalty= 1 83.25970458984375 10.0 200.0
ch, vs_mean, vl_pi, beta penalty= 1 83.2347412109375 10.0 200.0
ch, vs_mean, vl_pi, beta penalty= 1 83.2630615234375 10.0 200.0
ch, vs_mean, vl_pi, beta penalty= 1 83.19942474365234 10.0 200.0
ch, vs_mean, vl_pi, beta penalty= 1 83.2292709350586 10.0 200.0
ch, vs_mean, vl_pi, beta penalty= 1 83.0940933227539 10.0 200.0
ch, vs_mean, vl_pi, beta penalty= 1 83.24494171142578 10.0 200.0
ch, vs_mean, vl_pi, beta penalty= 1 83.19085693359375 11.150849342346191 228.77123355865479
ch, vs_mean, vl_pi, beta penalty= 1 83.0173568725586 11.075556755065918 226.88891887664795
ch, vs_mean, vl_pi, beta penalty= 1 82.8925552368164 10.0 200.0
ch, vs_mean, vl_pi, beta penalty= 1 82.97164916992188 11.317112922668457 232.92782306671143
evaluate_num:10 	 evaluate_reward:500.0 	 evaluate_cost:72.40731641433774 	 evaluate_max_cost:1.1540976469116007
ch, vs_mean, vl_pi, beta penalty= 1 82.92558288574219 11.401769638061523 235.0442409515381
ch, vs_mean, vl_pi, beta penalty= 1 82.24732971191406 11.885309219360352 247.1327304840088
ch, vs_mean, vl_pi, beta penalty= 1 82.68202209472656 11.711407661437988 242.7851915359497
ch, vs_mean, vl_pi, beta penalty= 1 82.95365905761719 11.609600067138672 240.2400016784668
ch, vs_mean, vl_pi, beta penalty= 1 82.78744506835938 11.902944564819336 247.5736141204834
ch, vs_mean, vl_pi, beta penalty= 1 76.19340515136719 14.555896759033203 313.8974189758301
ch, vs_mean, vl_pi, beta penalty= 1 79.32466888427734 13.75031852722168 293.757963180542
ch, vs_mean, vl_pi, beta penalty= 1 82.69584655761719 12.216409683227539 255.41024208068848
ch, vs_mean, vl_pi, beta penalty= 1 77.07913208007812 14.521894454956055 313.04736137390137
ch, vs_mean, vl_pi, beta penalty= 1 79.79979705810547 12.69249153137207 267.31228828430176
ch, vs_mean, vl_pi, beta penalty= 1 79.55995178222656 12.881769180297852 272.0442295074463
ch, vs_mean, vl_pi, beta penalty= 1 82.63179016113281 11.338415145874023 233.4603786468506
ch, vs_mean, vl_pi, beta penalty= 1 80.6734390258789 12.057343482971191 251.43358707427979
ch, vs_mean, vl_pi, beta penalty= 1 77.68074798583984 12.99754524230957 274.93863105773926
ch, vs_mean, vl_pi, beta penalty= 1 82.59860229492188 11.863264083862305 246.58160209655762
ch, vs_mean, vl_pi, beta penalty= 1 81.29159545898438 12.146047592163086 253.65118980407715
ch, vs_mean, vl_pi, beta penalty= 1 82.80331420898438 11.353139877319336 233.8284969329834
ch, vs_mean, vl_pi, beta penalty= 1 79.68746948242188 12.554637908935547 263.8659477233887
ch, vs_mean, vl_pi, beta penalty= 1 83.0879135131836 12.479471206665039 261.986780166626
ch, vs_mean, vl_pi, beta penalty= 1 78.95747375488281 12.684743881225586 267.11859703063965
ch, vs_mean, vl_pi, beta penalty= 1 83.04129791259766 10.0 200.0
ch, vs_mean, vl_pi, beta penalty= 1 83.24341583251953 11.68404769897461 242.10119247436523
ch, vs_mean, vl_pi, beta penalty= 1 83.18424987792969 11.564362525939941 239.10906314849854
ch, vs_mean, vl_pi, beta penalty= 1 82.68379211425781 11.547405242919922 238.68513107299805
ch, vs_mean, vl_pi, beta penalty= 1 82.21524047851562 11.651790618896484 241.2947654724121
evaluate_num:11 	 evaluate_reward:500.0 	 evaluate_cost:110.62504372357536 	 evaluate_max_cost:1.6379276945473789
ch, vs_mean, vl_pi, beta penalty= 1 83.23616790771484 10.0 200.0
ch, vs_mean, vl_pi, beta penalty= 1 82.79563903808594 11.998819351196289 249.97048377990723
ch, vs_mean, vl_pi, beta penalty= 1 80.89444732666016 12.950143814086914 273.75359535217285
ch, vs_mean, vl_pi, beta penalty= 1 82.7652359008789 12.327159881591797 258.1789970397949
ch, vs_mean, vl_pi, beta penalty= 1 82.75569915771484 11.642377853393555 241.05944633483887
ch, vs_mean, vl_pi, beta penalty= 1 83.23487091064453 14.319740295410156 307.9935073852539
ch, vs_mean, vl_pi, beta penalty= 1 75.86819458007812 14.558279037475586 313.95697593688965
ch, vs_mean, vl_pi, beta penalty= 1 82.76683044433594 12.109004974365234 252.72512435913086
ch, vs_mean, vl_pi, beta penalty= 1 82.80375671386719 15.392845153808594 334.82112884521484
ch, vs_mean, vl_pi, beta penalty= 1 82.73800659179688 12.030241966247559 250.75604915618896
ch, vs_mean, vl_pi, beta penalty= 1 83.03312683105469 15.199959754943848 329.9989938735962
ch, vs_mean, vl_pi, beta penalty= 1 82.55955505371094 12.18121337890625 254.53033447265625
ch, vs_mean, vl_pi, beta penalty= 1 83.26799011230469 11.120838165283203 228.02095413208008
ch, vs_mean, vl_pi, beta penalty= 1 74.29771423339844 15.173593521118164 329.3398380279541
ch, vs_mean, vl_pi, beta penalty= 1 82.94480895996094 12.142094612121582 253.55236530303955
ch, vs_mean, vl_pi, beta penalty= 1 83.09066009521484 10.0 200.0
ch, vs_mean, vl_pi, beta penalty= 1 82.24058532714844 12.573537826538086 264.33844566345215
ch, vs_mean, vl_pi, beta penalty= 1 82.8504638671875 11.914464950561523 247.8616237640381
ch, vs_mean, vl_pi, beta penalty= 1 82.22430419921875 12.279603004455566 256.99007511138916
ch, vs_mean, vl_pi, beta penalty= 1 83.11881256103516 11.108633041381836 227.7158260345459
ch, vs_mean, vl_pi, beta penalty= 1 83.21542358398438 15.202472686767578 330.06181716918945
ch, vs_mean, vl_pi, beta penalty= 1 83.11693572998047 10.0 200.0
ch, vs_mean, vl_pi, beta penalty= 1 83.25088500976562 11.235417366027832 230.8854341506958
ch, vs_mean, vl_pi, beta penalty= 1 82.82899475097656 13.085539817810059 277.13849544525146
evaluate_num:12 	 evaluate_reward:500.0 	 evaluate_cost:0.0 	 evaluate_max_cost:0
ch, vs_mean, vl_pi, beta penalty= 1 83.27322387695312 15.191305160522461 329.7826290130615
ch, vs_mean, vl_pi, beta penalty= 1 83.197998046875 11.598077774047852 239.9519443511963
ch, vs_mean, vl_pi, beta penalty= 1 80.99359893798828 12.573137283325195 264.3284320831299
ch, vs_mean, vl_pi, beta penalty= 1 83.30233001708984 10.0 200.0
ch, vs_mean, vl_pi, beta penalty= 1 83.08666229248047 10.0 200.0
ch, vs_mean, vl_pi, beta penalty= 1 83.15194702148438 11.343323707580566 233.58309268951416
ch, vs_mean, vl_pi, beta penalty= 1 81.90943908691406 13.45555305480957 286.38882637023926
ch, vs_mean, vl_pi, beta penalty= 1 83.09220886230469 15.182280540466309 329.5570135116577
ch, vs_mean, vl_pi, beta penalty= 1 82.00959777832031 12.799426078796387 269.98565196990967
ch, vs_mean, vl_pi, beta penalty= 1 83.0706558227539 12.959356307983398 273.98390769958496
ch, vs_mean, vl_pi, beta penalty= 1 83.23751068115234 12.57203483581543 264.30087089538574
ch, vs_mean, vl_pi, beta penalty= 1 82.76597595214844 14.895793914794922 322.39484786987305
ch, vs_mean, vl_pi, beta penalty= 1 83.24992370605469 12.975072860717773 274.37682151794434
ch, vs_mean, vl_pi, beta penalty= 1 82.55525207519531 15.11572265625 327.89306640625
ch, vs_mean, vl_pi, beta penalty= 1 82.64505767822266 15.100545883178711 327.5136470794678
ch, vs_mean, vl_pi, beta penalty= 1 82.89242553710938 12.438501358032227 260.96253395080566
ch, vs_mean, vl_pi, beta penalty= 1 83.24388885498047 14.238350868225098 305.95877170562744
ch, vs_mean, vl_pi, beta penalty= 1 82.99737548828125 15.092975616455078 327.32439041137695
ch, vs_mean, vl_pi, beta penalty= 1 82.93479919433594 15.085075378417969 327.1268844604492
ch, vs_mean, vl_pi, beta penalty= 1 83.19144439697266 14.026782989501953 300.6695747375488
ch, vs_mean, vl_pi, beta penalty= 1 82.96235656738281 10.0 200.0
ch, vs_mean, vl_pi, beta penalty= 1 83.19623565673828 11.668048858642578 241.70122146606445
ch, vs_mean, vl_pi, beta penalty= 1 83.2366714477539 10.0 200.0
ch, vs_mean, vl_pi, beta penalty= 1 83.1869888305664 11.272822380065918 231.82055950164795
evaluate_num:13 	 evaluate_reward:500.0 	 evaluate_cost:0.0 	 evaluate_max_cost:0
ch, vs_mean, vl_pi, beta penalty= 1 83.18904876708984 12.684864044189453 267.1216011047363
ch, vs_mean, vl_pi, beta penalty= 1 83.135009765625 13.321074485778809 283.0268621444702
ch, vs_mean, vl_pi, beta penalty= 1 83.04727172851562 11.49822998046875 237.45574951171875
ch, vs_mean, vl_pi, beta penalty= 1 82.9848861694336 12.429155349731445 260.72888374328613
ch, vs_mean, vl_pi, beta penalty= 1 83.26063537597656 11.304265975952148 232.6066493988037
ch, vs_mean, vl_pi, beta penalty= 1 82.81392669677734 11.131758689880371 228.29396724700928
ch, vs_mean, vl_pi, beta penalty= 1 82.84892272949219 11.741092681884766 243.52731704711914
ch, vs_mean, vl_pi, beta penalty= 1 83.13609313964844 10.0 200.0
ch, vs_mean, vl_pi, beta penalty= 1 82.60968017578125 10.0 200.0
ch, vs_mean, vl_pi, beta penalty= 1 82.5933837890625 11.440011978149414 236.00029945373535
ch, vs_mean, vl_pi, beta penalty= 1 82.42169189453125 11.228052139282227 230.70130348205566
ch, vs_mean, vl_pi, beta penalty= 1 83.25959014892578 13.112722396850586 277.81805992126465
ch, vs_mean, vl_pi, beta penalty= 1 82.99090576171875 11.141897201538086 228.54743003845215
ch, vs_mean, vl_pi, beta penalty= 1 82.51253509521484 11.402466773986816 235.0616693496704
ch, vs_mean, vl_pi, beta penalty= 1 82.9403305053711 14.865867614746094 321.64669036865234
ch, vs_mean, vl_pi, beta penalty= 1 82.67442321777344 15.03877067565918 325.9692668914795
ch, vs_mean, vl_pi, beta penalty= 1 82.73070526123047 13.721928596496582 293.04821491241455
ch, vs_mean, vl_pi, beta penalty= 1 82.79849243164062 15.040258407592773 326.00646018981934
ch, vs_mean, vl_pi, beta penalty= 1 82.5947494506836 12.784830093383789 269.6207523345947
ch, vs_mean, vl_pi, beta penalty= 1 82.95307922363281 12.656503677368164 266.4125919342041
ch, vs_mean, vl_pi, beta penalty= 1 82.92475128173828 13.205240249633789 280.1310062408447
ch, vs_mean, vl_pi, beta penalty= 1 81.84542846679688 15.022605895996094 325.56514739990234
ch, vs_mean, vl_pi, beta penalty= 1 82.241943359375 14.990375518798828 324.7593879699707
ch, vs_mean, vl_pi, beta penalty= 1 82.77859497070312 14.972199440002441 324.30498600006104
ch, vs_mean, vl_pi, beta penalty= 1 82.88020324707031 12.236764907836914 255.91912269592285
evaluate_num:14 	 evaluate_reward:500.0 	 evaluate_cost:60.90646950923132 	 evaluate_max_cost:1.5781666395312222
ch, vs_mean, vl_pi, beta penalty= 1 82.64566040039062 14.949714660644531 323.7428665161133
ch, vs_mean, vl_pi, beta penalty= 1 82.79703521728516 12.059520721435547 251.48801803588867
ch, vs_mean, vl_pi, beta penalty= 1 83.01853942871094 14.944762229919434 323.61905574798584
ch, vs_mean, vl_pi, beta penalty= 1 83.03080749511719 13.064130783081055 276.60326957702637
ch, vs_mean, vl_pi, beta penalty= 1 83.25426483154297 13.311262130737305 282.7815532684326
ch, vs_mean, vl_pi, beta penalty= 1 82.73231506347656 12.34548568725586 258.6371421813965
ch, vs_mean, vl_pi, beta penalty= 1 82.93051147460938 14.895185470581055 322.37963676452637
ch, vs_mean, vl_pi, beta penalty= 1 83.12428283691406 13.533342361450195 288.3335590362549
ch, vs_mean, vl_pi, beta penalty= 1 83.01238250732422 13.553396224975586 288.83490562438965
ch, vs_mean, vl_pi, beta penalty= 1 83.0036849975586 13.543025016784668 288.5756254196167
ch, vs_mean, vl_pi, beta penalty= 1 82.85566711425781 13.549040794372559 288.72601985931396
ch, vs_mean, vl_pi, beta penalty= 1 83.04530334472656 12.647760391235352 266.1940097808838
ch, vs_mean, vl_pi, beta penalty= 1 83.08436584472656 13.672964096069336 291.8241024017334
ch, vs_mean, vl_pi, beta penalty= 1 83.26907348632812 10.0 200.0
ch, vs_mean, vl_pi, beta penalty= 1 82.92826843261719 11.118967056274414 227.97417640686035
ch, vs_mean, vl_pi, beta penalty= 1 82.92192077636719 10.0 200.0
ch, vs_mean, vl_pi, beta penalty= 1 82.89642333984375 10.0 200.0
ch, vs_mean, vl_pi, beta penalty= 1 83.16230010986328 10.0 200.0
ch, vs_mean, vl_pi, beta penalty= 1 83.1789321899414 10.0 200.0
ch, vs_mean, vl_pi, beta penalty= 1 83.06047058105469 13.709503173828125 292.7375793457031
ch, vs_mean, vl_pi, beta penalty= 1 83.15107727050781 12.16856575012207 254.21414375305176
ch, vs_mean, vl_pi, beta penalty= 1 83.06874084472656 11.771218299865723 244.28045749664307
ch, vs_mean, vl_pi, beta penalty= 1 83.16719818115234 11.821203231811523 245.5300807952881
ch, vs_mean, vl_pi, beta penalty= 1 83.16777801513672 12.108796119689941 252.71990299224854
evaluate_num:15 	 evaluate_reward:500.0 	 evaluate_cost:0.0 	 evaluate_max_cost:0
ch, vs_mean, vl_pi, beta penalty= 1 83.0705337524414 10.0 200.0
ch, vs_mean, vl_pi, beta penalty= 1 83.13250732421875 10.0 200.0
ch, vs_mean, vl_pi, beta penalty= 1 82.92291259765625 10.0 200.0
ch, vs_mean, vl_pi, beta penalty= 1 83.18870544433594 10.0 200.0
ch, vs_mean, vl_pi, beta penalty= 1 83.04237365722656 10.0 200.0
ch, vs_mean, vl_pi, beta penalty= 1 83.01599884033203 10.0 200.0
ch, vs_mean, vl_pi, beta penalty= 1 83.23763275146484 11.81170654296875 245.29266357421875
ch, vs_mean, vl_pi, beta penalty= 1 83.03292846679688 10.0 200.0
ch, vs_mean, vl_pi, beta penalty= 1 83.00823974609375 10.0 200.0
ch, vs_mean, vl_pi, beta penalty= 1 82.94770050048828 11.64522933959961 241.13073348999023
ch, vs_mean, vl_pi, beta penalty= 1 83.29603576660156 10.0 200.0
ch, vs_mean, vl_pi, beta penalty= 1 83.17168426513672 11.499139785766602 237.47849464416504
ch, vs_mean, vl_pi, beta penalty= 1 82.91670227050781 11.930713653564453 248.26784133911133
ch, vs_mean, vl_pi, beta penalty= 1 83.15628814697266 10.0 200.0
ch, vs_mean, vl_pi, beta penalty= 1 83.17301940917969 10.0 200.0
ch, vs_mean, vl_pi, beta penalty= 1 83.21649932861328 11.943578720092773 248.58946800231934
ch, vs_mean, vl_pi, beta penalty= 1 82.9228515625 10.0 200.0
ch, vs_mean, vl_pi, beta penalty= 1 83.1416015625 10.0 200.0
ch, vs_mean, vl_pi, beta penalty= 1 83.21997833251953 10.0 200.0
ch, vs_mean, vl_pi, beta penalty= 1 83.1280288696289 11.671834945678711 241.79587364196777
ch, vs_mean, vl_pi, beta penalty= 1 83.26542663574219 10.0 200.0
ch, vs_mean, vl_pi, beta penalty= 1 83.18209838867188 11.632801055908203 240.82002639770508
ch, vs_mean, vl_pi, beta penalty= 1 83.22898864746094 10.0 200.0
ch, vs_mean, vl_pi, beta penalty= 1 83.13002014160156 11.127745628356934 228.19364070892334
evaluate_num:16 	 evaluate_reward:500.0 	 evaluate_cost:0.0 	 evaluate_max_cost:0
ch, vs_mean, vl_pi, beta penalty= 1 83.25736999511719 11.336284637451172 233.4071159362793
ch, vs_mean, vl_pi, beta penalty= 1 83.16873168945312 10.0 200.0
ch, vs_mean, vl_pi, beta penalty= 1 83.15752410888672 10.0 200.0
ch, vs_mean, vl_pi, beta penalty= 1 83.17589569091797 10.0 200.0
ch, vs_mean, vl_pi, beta penalty= 1 83.05635070800781 10.0 200.0
ch, vs_mean, vl_pi, beta penalty= 1 83.20947265625 10.0 200.0
ch, vs_mean, vl_pi, beta penalty= 1 83.0839614868164 12.023327827453613 250.58319568634033
ch, vs_mean, vl_pi, beta penalty= 1 83.24087524414062 10.0 200.0
ch, vs_mean, vl_pi, beta penalty= 1 83.25942993164062 10.0 200.0
ch, vs_mean, vl_pi, beta penalty= 1 83.16334533691406 11.445117950439453 236.12794876098633
ch, vs_mean, vl_pi, beta penalty= 1 83.10565185546875 11.528558731079102 238.21396827697754
ch, vs_mean, vl_pi, beta penalty= 1 83.16352081298828 10.0 200.0
ch, vs_mean, vl_pi, beta penalty= 1 83.20320129394531 10.0 200.0
ch, vs_mean, vl_pi, beta penalty= 1 83.12782287597656 10.0 200.0
ch, vs_mean, vl_pi, beta penalty= 1 83.00782775878906 10.0 200.0
ch, vs_mean, vl_pi, beta penalty= 1 82.9375 10.0 200.0
ch, vs_mean, vl_pi, beta penalty= 1 83.16326904296875 10.0 200.0
ch, vs_mean, vl_pi, beta penalty= 1 83.1497573852539 10.0 200.0
ch, vs_mean, vl_pi, beta penalty= 1 83.05905151367188 10.0 200.0
ch, vs_mean, vl_pi, beta penalty= 1 82.97357940673828 10.0 200.0
ch, vs_mean, vl_pi, beta penalty= 1 82.95581817626953 10.0 200.0
ch, vs_mean, vl_pi, beta penalty= 1 82.80672454833984 10.0 200.0
ch, vs_mean, vl_pi, beta penalty= 1 83.10003662109375 10.0 200.0
ch, vs_mean, vl_pi, beta penalty= 1 82.63435363769531 10.0 200.0
ch, vs_mean, vl_pi, beta penalty= 1 83.01859283447266 10.0 200.0
evaluate_num:17 	 evaluate_reward:500.0 	 evaluate_cost:0.0 	 evaluate_max_cost:0
ch, vs_mean, vl_pi, beta penalty= 1 83.14033508300781 11.376073837280273 234.40184593200684
ch, vs_mean, vl_pi, beta penalty= 1 83.19432067871094 10.0 200.0
ch, vs_mean, vl_pi, beta penalty= 1 82.92845153808594 10.0 200.0
ch, vs_mean, vl_pi, beta penalty= 1 82.74178314208984 10.0 200.0
ch, vs_mean, vl_pi, beta penalty= 1 82.59789276123047 11.819110870361328 245.4777717590332
ch, vs_mean, vl_pi, beta penalty= 1 82.80580139160156 10.0 200.0
ch, vs_mean, vl_pi, beta penalty= 1 83.05844116210938 10.0 200.0
ch, vs_mean, vl_pi, beta penalty= 1 82.89244842529297 10.0 200.0
ch, vs_mean, vl_pi, beta penalty= 1 83.06532287597656 10.0 200.0
ch, vs_mean, vl_pi, beta penalty= 1 83.21512603759766 10.0 200.0
ch, vs_mean, vl_pi, beta penalty= 1 82.97854614257812 11.967657089233398 249.19142723083496
ch, vs_mean, vl_pi, beta penalty= 1 83.04589080810547 10.0 200.0
ch, vs_mean, vl_pi, beta penalty= 1 83.09590148925781 11.758008003234863 243.95020008087158
ch, vs_mean, vl_pi, beta penalty= 1 82.65447235107422 10.0 200.0
ch, vs_mean, vl_pi, beta penalty= 1 83.29515838623047 10.0 200.0
ch, vs_mean, vl_pi, beta penalty= 1 82.86813354492188 11.707091331481934 242.67728328704834
ch, vs_mean, vl_pi, beta penalty= 1 83.20327758789062 11.689166069030762 242.22915172576904
ch, vs_mean, vl_pi, beta penalty= 1 82.75598907470703 11.786347389221191 244.65868473052979
ch, vs_mean, vl_pi, beta penalty= 1 82.99744415283203 10.0 200.0
ch, vs_mean, vl_pi, beta penalty= 1 83.12950134277344 10.0 200.0
ch, vs_mean, vl_pi, beta penalty= 1 83.19181823730469 11.718645095825195 242.96612739562988
ch, vs_mean, vl_pi, beta penalty= 1 82.755859375 10.0 200.0
ch, vs_mean, vl_pi, beta penalty= 1 83.05204010009766 11.374329566955566 234.35823917388916
ch, vs_mean, vl_pi, beta penalty= 1 82.75116729736328 10.0 200.0
evaluate_num:18 	 evaluate_reward:500.0 	 evaluate_cost:0.0 	 evaluate_max_cost:0
ch, vs_mean, vl_pi, beta penalty= 1 83.21343231201172 10.0 200.0
ch, vs_mean, vl_pi, beta penalty= 1 83.1434326171875 11.444655418395996 236.1163854598999
ch, vs_mean, vl_pi, beta penalty= 1 82.8304443359375 11.394621849060059 234.86554622650146
ch, vs_mean, vl_pi, beta penalty= 1 83.17255401611328 10.0 200.0
ch, vs_mean, vl_pi, beta penalty= 1 83.26789855957031 10.0 200.0
ch, vs_mean, vl_pi, beta penalty= 1 83.03433227539062 10.0 200.0
ch, vs_mean, vl_pi, beta penalty= 1 82.91602325439453 11.294541358947754 232.36353397369385
ch, vs_mean, vl_pi, beta penalty= 1 82.84308624267578 11.528936386108398 238.22340965270996
ch, vs_mean, vl_pi, beta penalty= 1 83.074951171875 10.0 200.0
ch, vs_mean, vl_pi, beta penalty= 1 82.90725708007812 10.0 200.0
ch, vs_mean, vl_pi, beta penalty= 1 83.08283233642578 10.0 200.0
ch, vs_mean, vl_pi, beta penalty= 1 83.05867004394531 11.550646781921387 238.76616954803467
ch, vs_mean, vl_pi, beta penalty= 1 83.00052642822266 11.618346214294434 240.45865535736084
ch, vs_mean, vl_pi, beta penalty= 1 83.22022247314453 11.442943572998047 236.07358932495117
ch, vs_mean, vl_pi, beta penalty= 1 82.76115417480469 11.749421119689941 243.73552799224854
ch, vs_mean, vl_pi, beta penalty= 1 83.12806701660156 10.0 200.0
ch, vs_mean, vl_pi, beta penalty= 1 82.60509490966797 10.0 200.0
ch, vs_mean, vl_pi, beta penalty= 1 83.06829833984375 11.234587669372559 230.86469173431396
ch, vs_mean, vl_pi, beta penalty= 1 83.22416687011719 11.491545677185059 237.28864192962646
ch, vs_mean, vl_pi, beta penalty= 1 82.21708679199219 10.0 200.0
ch, vs_mean, vl_pi, beta penalty= 1 82.89322662353516 11.667978286743164 241.6994571685791
ch, vs_mean, vl_pi, beta penalty= 1 82.85539245605469 10.0 200.0
ch, vs_mean, vl_pi, beta penalty= 1 83.22320556640625 11.721540451049805 243.03851127624512
ch, vs_mean, vl_pi, beta penalty= 1 82.95584869384766 12.172786712646484 254.3196678161621
evaluate_num:19 	 evaluate_reward:500.0 	 evaluate_cost:0.0 	 evaluate_max_cost:0
ch, vs_mean, vl_pi, beta penalty= 1 82.93396759033203 11.603119850158691 240.07799625396729
ch, vs_mean, vl_pi, beta penalty= 1 82.96758270263672 10.0 200.0
ch, vs_mean, vl_pi, beta penalty= 1 82.24513244628906 11.916625022888184 247.9156255722046
ch, vs_mean, vl_pi, beta penalty= 1 82.77886962890625 12.345376968383789 258.6344242095947
ch, vs_mean, vl_pi, beta penalty= 1 82.56828308105469 12.164490699768066 254.11226749420166
ch, vs_mean, vl_pi, beta penalty= 1 82.52252197265625 10.0 200.0
ch, vs_mean, vl_pi, beta penalty= 1 82.63775634765625 11.620309829711914 240.50774574279785
ch, vs_mean, vl_pi, beta penalty= 1 82.22628021240234 12.316009521484375 257.9002380371094
ch, vs_mean, vl_pi, beta penalty= 1 82.73734283447266 11.278502464294434 231.96256160736084
ch, vs_mean, vl_pi, beta penalty= 1 82.38802337646484 11.908275604248047 247.70689010620117
ch, vs_mean, vl_pi, beta penalty= 1 82.1302261352539 11.854340553283691 246.35851383209229
ch, vs_mean, vl_pi, beta penalty= 1 81.36800384521484 11.507183074951172 237.6795768737793
ch, vs_mean, vl_pi, beta penalty= 1 81.38896179199219 11.898321151733398 247.45802879333496
ch, vs_mean, vl_pi, beta penalty= 1 81.9876480102539 11.921721458435059 248.04303646087646
ch, vs_mean, vl_pi, beta penalty= 1 81.48467254638672 11.735729217529297 243.39323043823242
ch, vs_mean, vl_pi, beta penalty= 1 82.44559478759766 11.127791404724121 228.19478511810303
ch, vs_mean, vl_pi, beta penalty= 1 80.89878845214844 11.687353134155273 242.18382835388184
ch, vs_mean, vl_pi, beta penalty= 1 82.3781967163086 11.865423202514648 246.6355800628662
ch, vs_mean, vl_pi, beta penalty= 1 82.25251007080078 11.763301849365234 244.08254623413086
ch, vs_mean, vl_pi, beta penalty= 1 81.87750244140625 11.732950210571289 243.32375526428223
ch, vs_mean, vl_pi, beta penalty= 1 82.50228881835938 12.150671005249023 253.7667751312256
ch, vs_mean, vl_pi, beta penalty= 1 81.94330596923828 12.154230117797852 253.8557529449463
ch, vs_mean, vl_pi, beta penalty= 1 82.51284790039062 12.198902130126953 254.97255325317383
ch, vs_mean, vl_pi, beta penalty= 1 82.6192398071289 10.0 200.0
ch, vs_mean, vl_pi, beta penalty= 1 83.01729583740234 11.883892059326172 247.0973014831543
evaluate_num:20 	 evaluate_reward:500.0 	 evaluate_cost:1.0049838976042038 	 evaluate_max_cost:1.0085353995686888
ch, vs_mean, vl_pi, beta penalty= 1 83.13157653808594 12.076066970825195 251.90167427062988
ch, vs_mean, vl_pi, beta penalty= 1 82.77783966064453 14.228632926940918 305.71582317352295
ch, vs_mean, vl_pi, beta penalty= 1 82.87118530273438 24.37311553955078 559.3278884887695
ch, vs_mean, vl_pi, beta penalty= 1 82.80944061279297 19.268957138061523 431.7239284515381
ch, vs_mean, vl_pi, beta penalty= 1 82.97190856933594 11.958019256591797 248.95048141479492
ch, vs_mean, vl_pi, beta penalty= 1 83.01984405517578 10.0 200.0
ch, vs_mean, vl_pi, beta penalty= 1 83.0411376953125 14.367737770080566 309.19344425201416
ch, vs_mean, vl_pi, beta penalty= 1 83.08585357666016 14.407034873962402 310.17587184906006
ch, vs_mean, vl_pi, beta penalty= 1 82.53306579589844 12.769060134887695 269.2265033721924
ch, vs_mean, vl_pi, beta penalty= 1 83.18119812011719 12.870787620544434 271.76969051361084
ch, vs_mean, vl_pi, beta penalty= 1 83.09512329101562 10.0 200.0
ch, vs_mean, vl_pi, beta penalty= 1 83.16534423828125 11.057358741760254 226.43396854400635
ch, vs_mean, vl_pi, beta penalty= 1 82.56525421142578 11.277405738830566 231.93514347076416
ch, vs_mean, vl_pi, beta penalty= 1 83.12610626220703 11.344964981079102 233.62412452697754
ch, vs_mean, vl_pi, beta penalty= 1 83.0455551147461 13.331220626831055 283.28051567077637
ch, vs_mean, vl_pi, beta penalty= 1 83.10232543945312 14.981311798095703 324.5327949523926
ch, vs_mean, vl_pi, beta penalty= 1 82.99052429199219 13.582215309143066 289.55538272857666
ch, vs_mean, vl_pi, beta penalty= 1 82.6597900390625 12.85626220703125 271.40655517578125
ch, vs_mean, vl_pi, beta penalty= 1 82.9761734008789 12.530730247497559 263.26825618743896
ch, vs_mean, vl_pi, beta penalty= 1 82.97314453125 12.933313369750977 273.3328342437744
ch, vs_mean, vl_pi, beta penalty= 1 83.0671157836914 13.843880653381348 296.0970163345337
ch, vs_mean, vl_pi, beta penalty= 1 82.78564453125 10.0 200.0
ch, vs_mean, vl_pi, beta penalty= 1 82.60338592529297 12.811942100524902 270.29855251312256
ch, vs_mean, vl_pi, beta penalty= 1 82.79881286621094 12.813787460327148 270.3446865081787
evaluate_num:21 	 evaluate_reward:500.0 	 evaluate_cost:26.14236048367737 	 evaluate_max_cost:1.1492352689409246
ch, vs_mean, vl_pi, beta penalty= 1 82.86509704589844 13.463013648986816 286.5753412246704
ch, vs_mean, vl_pi, beta penalty= 1 82.54179382324219 10.0 200.0
ch, vs_mean, vl_pi, beta penalty= 1 81.77667999267578 11.523691177368164 238.0922794342041
ch, vs_mean, vl_pi, beta penalty= 1 82.62724304199219 12.574542999267578 264.36357498168945
ch, vs_mean, vl_pi, beta penalty= 1 82.6719970703125 12.852952003479004 271.3238000869751
ch, vs_mean, vl_pi, beta penalty= 1 83.08794403076172 13.37098503112793 284.27462577819824
ch, vs_mean, vl_pi, beta penalty= 1 82.23889923095703 13.006336212158203 275.1584053039551
ch, vs_mean, vl_pi, beta penalty= 1 83.00833129882812 13.062631607055664 276.5657901763916
ch, vs_mean, vl_pi, beta penalty= 1 82.95443725585938 12.94085693359375 273.52142333984375
ch, vs_mean, vl_pi, beta penalty= 1 82.89409637451172 13.436834335327148 285.9208583831787
ch, vs_mean, vl_pi, beta penalty= 1 83.00809478759766 12.642467498779297 266.0616874694824
ch, vs_mean, vl_pi, beta penalty= 1 83.20249938964844 13.013591766357422 275.33979415893555
ch, vs_mean, vl_pi, beta penalty= 1 83.21057891845703 12.861810684204102 271.54526710510254
ch, vs_mean, vl_pi, beta penalty= 1 82.61003875732422 13.357237815856934 283.93094539642334
ch, vs_mean, vl_pi, beta penalty= 1 82.4046630859375 12.795976638793945 269.89941596984863
ch, vs_mean, vl_pi, beta penalty= 1 82.75126647949219 13.43107795715332 285.776948928833
ch, vs_mean, vl_pi, beta penalty= 1 82.85816955566406 12.893305778503418 272.33264446258545
ch, vs_mean, vl_pi, beta penalty= 1 82.55488586425781 12.971826553344727 274.29566383361816
ch, vs_mean, vl_pi, beta penalty= 1 82.8125991821289 13.428404808044434 285.71012020111084
ch, vs_mean, vl_pi, beta penalty= 1 82.79814147949219 12.836379051208496 270.9094762802124
ch, vs_mean, vl_pi, beta penalty= 1 82.9391098022461 13.050798416137695 276.2699604034424
ch, vs_mean, vl_pi, beta penalty= 1 82.69720458984375 12.733643531799316 268.3410882949829
ch, vs_mean, vl_pi, beta penalty= 1 82.83792114257812 12.944591522216797 273.6147880554199
ch, vs_mean, vl_pi, beta penalty= 1 82.4803466796875 13.572225570678711 289.3056392669678
ch, vs_mean, vl_pi, beta penalty= 1 82.46388244628906 12.888823509216309 272.2205877304077
evaluate_num:22 	 evaluate_reward:500.0 	 evaluate_cost:209.05099826539035 	 evaluate_max_cost:2.0069601128809422
ch, vs_mean, vl_pi, beta penalty= 1 82.33207702636719 12.795950889587402 269.89877223968506
ch, vs_mean, vl_pi, beta penalty= 1 83.00821685791016 12.452513694763184 261.3128423690796
ch, vs_mean, vl_pi, beta penalty= 1 82.84918212890625 14.132475852966309 303.3118963241577
ch, vs_mean, vl_pi, beta penalty= 1 82.51966094970703 13.214080810546875 280.3520202636719
ch, vs_mean, vl_pi, beta penalty= 1 82.78746795654297 13.146697044372559 278.66742610931396
ch, vs_mean, vl_pi, beta penalty= 1 82.68773651123047 12.03251838684082 250.8129596710205
ch, vs_mean, vl_pi, beta penalty= 1 82.8005142211914 14.135252952575684 303.3813238143921
ch, vs_mean, vl_pi, beta penalty= 1 82.79920959472656 12.839507102966309 270.9876775741577
ch, vs_mean, vl_pi, beta penalty= 1 83.02572631835938 13.150655746459961 278.766393661499
ch, vs_mean, vl_pi, beta penalty= 1 83.07001495361328 13.681975364685059 292.04938411712646
ch, vs_mean, vl_pi, beta penalty= 1 82.66941833496094 13.531562805175781 288.28907012939453
ch, vs_mean, vl_pi, beta penalty= 1 83.09263610839844 13.195781707763672 279.8945426940918
ch, vs_mean, vl_pi, beta penalty= 1 82.69134521484375 13.105988502502441 277.64971256256104
ch, vs_mean, vl_pi, beta penalty= 1 82.31635284423828 10.0 200.0
ch, vs_mean, vl_pi, beta penalty= 1 82.7557373046875 10.0 200.0
ch, vs_mean, vl_pi, beta penalty= 1 82.89332580566406 13.119836807250977 277.9959201812744
ch, vs_mean, vl_pi, beta penalty= 1 82.86470794677734 13.413544654846191 285.3386163711548
ch, vs_mean, vl_pi, beta penalty= 1 82.98028564453125 12.771575927734375 269.2893981933594
ch, vs_mean, vl_pi, beta penalty= 1 82.5544662475586 12.731401443481445 268.28503608703613
ch, vs_mean, vl_pi, beta penalty= 1 83.16899871826172 12.571185111999512 264.2796277999878
ch, vs_mean, vl_pi, beta penalty= 1 82.50509643554688 13.177087783813477 279.4271945953369
ch, vs_mean, vl_pi, beta penalty= 1 82.58450317382812 12.552934646606445 263.82336616516113
ch, vs_mean, vl_pi, beta penalty= 1 82.81037902832031 13.04118537902832 276.029634475708
ch, vs_mean, vl_pi, beta penalty= 1 82.66360473632812 12.691049575805664 267.2762393951416
evaluate_num:23 	 evaluate_reward:500.0 	 evaluate_cost:9.500658193213175 	 evaluate_max_cost:1.1087147814614895
ch, vs_mean, vl_pi, beta penalty= 1 82.06378173828125 12.682890892028809 267.0722723007202
ch, vs_mean, vl_pi, beta penalty= 1 82.39952087402344 12.463056564331055 261.57641410827637
ch, vs_mean, vl_pi, beta penalty= 1 82.18943786621094 12.64727783203125 266.18194580078125
ch, vs_mean, vl_pi, beta penalty= 1 82.41231536865234 10.0 200.0
ch, vs_mean, vl_pi, beta penalty= 1 82.65850830078125 13.218962669372559 280.47406673431396
ch, vs_mean, vl_pi, beta penalty= 1 82.3297348022461 10.0 200.0
ch, vs_mean, vl_pi, beta penalty= 1 82.84222412109375 13.629303932189941 290.73259830474854
ch, vs_mean, vl_pi, beta penalty= 1 82.4513931274414 13.639496803283691 290.9874200820923
ch, vs_mean, vl_pi, beta penalty= 1 82.1767807006836 12.818098068237305 270.4524517059326
ch, vs_mean, vl_pi, beta penalty= 1 82.1591796875 13.207884788513184 280.1971197128296
ch, vs_mean, vl_pi, beta penalty= 1 82.65760803222656 10.0 200.0
ch, vs_mean, vl_pi, beta penalty= 1 82.2589340209961 12.971973419189453 274.2993354797363
ch, vs_mean, vl_pi, beta penalty= 1 82.58479309082031 12.766814231872559 269.17035579681396
ch, vs_mean, vl_pi, beta penalty= 1 82.92369079589844 12.454407691955566 261.36019229888916
ch, vs_mean, vl_pi, beta penalty= 1 82.9111557006836 13.483094215393066 287.07735538482666
ch, vs_mean, vl_pi, beta penalty= 1 82.59861755371094 13.498157501220703 287.4539375305176
ch, vs_mean, vl_pi, beta penalty= 1 82.0518569946289 12.710540771484375 267.7635192871094
ch, vs_mean, vl_pi, beta penalty= 1 82.7626724243164 13.195516586303711 279.8879146575928
ch, vs_mean, vl_pi, beta penalty= 1 82.39996337890625 10.0 200.0
ch, vs_mean, vl_pi, beta penalty= 1 82.70552825927734 12.496115684509277 262.40289211273193
ch, vs_mean, vl_pi, beta penalty= 1 82.65880584716797 12.649572372436523 266.2393093109131
ch, vs_mean, vl_pi, beta penalty= 1 82.58829498291016 12.659168243408203 266.4792060852051
ch, vs_mean, vl_pi, beta penalty= 1 82.60615539550781 10.0 200.0
ch, vs_mean, vl_pi, beta penalty= 1 82.88368225097656 12.677077293395996 266.9269323348999
ch, vs_mean, vl_pi, beta penalty= 1 82.57647705078125 13.015600204467773 275.39000511169434
evaluate_num:24 	 evaluate_reward:500.0 	 evaluate_cost:121.16399470030102 	 evaluate_max_cost:2.0435652608365333
ch, vs_mean, vl_pi, beta penalty= 1 82.95677947998047 12.925073623657227 273.12684059143066
ch, vs_mean, vl_pi, beta penalty= 1 82.50297546386719 13.176025390625 279.400634765625
ch, vs_mean, vl_pi, beta penalty= 1 82.73724365234375 12.726367950439453 268.1591987609863
ch, vs_mean, vl_pi, beta penalty= 1 82.81587219238281 12.765979766845703 269.1494941711426
ch, vs_mean, vl_pi, beta penalty= 1 82.81282043457031 12.656564712524414 266.41411781311035
ch, vs_mean, vl_pi, beta penalty= 1 82.94551086425781 12.458292007446289 261.4573001861572
ch, vs_mean, vl_pi, beta penalty= 1 82.9305419921875 10.0 200.0
ch, vs_mean, vl_pi, beta penalty= 1 83.27701568603516 12.503185272216797 262.5796318054199
ch, vs_mean, vl_pi, beta penalty= 1 82.91717529296875 12.818686485290527 270.4671621322632
ch, vs_mean, vl_pi, beta penalty= 1 82.99003601074219 12.688490867614746 267.21227169036865
ch, vs_mean, vl_pi, beta penalty= 1 83.09406280517578 12.697083473205566 267.42708683013916
ch, vs_mean, vl_pi, beta penalty= 1 82.99845886230469 12.833008766174316 270.8252191543579
ch, vs_mean, vl_pi, beta penalty= 1 82.9399185180664 12.718820571899414 267.97051429748535
ch, vs_mean, vl_pi, beta penalty= 1 82.91700744628906 12.803150177001953 270.0787544250488
ch, vs_mean, vl_pi, beta penalty= 1 82.80779266357422 12.987957000732422 274.69892501831055
ch, vs_mean, vl_pi, beta penalty= 1 83.1060562133789 12.633792877197266 265.84482192993164
ch, vs_mean, vl_pi, beta penalty= 1 83.13036346435547 13.741310119628906 293.53275299072266
ch, vs_mean, vl_pi, beta penalty= 1 82.74559783935547 12.631006240844727 265.77515602111816
ch, vs_mean, vl_pi, beta penalty= 1 82.58506774902344 13.254465103149414 281.36162757873535
ch, vs_mean, vl_pi, beta penalty= 1 82.93944549560547 13.790894508361816 294.7723627090454
ch, vs_mean, vl_pi, beta penalty= 1 82.98063659667969 12.994078636169434 274.85196590423584
ch, vs_mean, vl_pi, beta penalty= 1 82.18411254882812 14.666321754455566 316.65804386138916
ch, vs_mean, vl_pi, beta penalty= 1 83.0390396118164 12.903738021850586 272.59345054626465
ch, vs_mean, vl_pi, beta penalty= 1 82.35673522949219 13.045246124267578 276.13115310668945
evaluate_num:25 	 evaluate_reward:500.0 	 evaluate_cost:50.08908890883533 	 evaluate_max_cost:1.3915587944725543
ch, vs_mean, vl_pi, beta penalty= 1 82.65324401855469 12.709908485412598 267.74771213531494
ch, vs_mean, vl_pi, beta penalty= 1 82.58855438232422 10.0 200.0
ch, vs_mean, vl_pi, beta penalty= 1 82.12946319580078 10.0 200.0
ch, vs_mean, vl_pi, beta penalty= 1 82.50740814208984 14.370718002319336 309.2679500579834
ch, vs_mean, vl_pi, beta penalty= 1 82.32783508300781 13.955016136169434 298.87540340423584
ch, vs_mean, vl_pi, beta penalty= 1 82.2987289428711 13.647055625915527 291.1763906478882
ch, vs_mean, vl_pi, beta penalty= 1 83.03047180175781 10.0 200.0
ch, vs_mean, vl_pi, beta penalty= 1 83.02412414550781 12.91276741027832 272.819185256958
ch, vs_mean, vl_pi, beta penalty= 1 83.17555236816406 13.723041534423828 293.0760383605957
ch, vs_mean, vl_pi, beta penalty= 1 82.81063079833984 12.723387718200684 268.0846929550171
ch, vs_mean, vl_pi, beta penalty= 1 82.85830688476562 13.445545196533203 286.1386299133301
ch, vs_mean, vl_pi, beta penalty= 1 82.97911071777344 13.051996231079102 276.29990577697754
ch, vs_mean, vl_pi, beta penalty= 1 82.98329162597656 12.449204444885254 261.23011112213135
ch, vs_mean, vl_pi, beta penalty= 1 82.9249496459961 13.019876480102539 275.4969120025635
ch, vs_mean, vl_pi, beta penalty= 1 82.5239028930664 10.0 200.0
ch, vs_mean, vl_pi, beta penalty= 1 82.6130599975586 10.0 200.0
ch, vs_mean, vl_pi, beta penalty= 1 82.84439086914062 12.667932510375977 266.6983127593994
ch, vs_mean, vl_pi, beta penalty= 1 82.99625396728516 12.514001846313477 262.8500461578369
ch, vs_mean, vl_pi, beta penalty= 1 82.72789001464844 12.907434463500977 272.6858615875244
ch, vs_mean, vl_pi, beta penalty= 1 82.96482849121094 13.147950172424316 278.6987543106079
ch, vs_mean, vl_pi, beta penalty= 1 83.10820007324219 10.0 200.0
ch, vs_mean, vl_pi, beta penalty= 1 82.94430541992188 13.051164627075195 276.2791156768799
ch, vs_mean, vl_pi, beta penalty= 1 83.09577178955078 10.0 200.0
ch, vs_mean, vl_pi, beta penalty= 1 82.78165435791016 10.0 200.0
evaluate_num:26 	 evaluate_reward:500.0 	 evaluate_cost:119.10699197614191 	 evaluate_max_cost:1.9261547543934658
ch, vs_mean, vl_pi, beta penalty= 1 82.59370422363281 14.552735328674316 313.8183832168579
ch, vs_mean, vl_pi, beta penalty= 1 83.27796173095703 12.650320053100586 266.25800132751465
ch, vs_mean, vl_pi, beta penalty= 1 82.55029296875 12.718088150024414 267.95220375061035
ch, vs_mean, vl_pi, beta penalty= 1 82.99119567871094 13.507495880126953 287.6873970031738
ch, vs_mean, vl_pi, beta penalty= 1 83.01826477050781 10.0 200.0
ch, vs_mean, vl_pi, beta penalty= 1 82.75617980957031 12.849427223205566 271.23568058013916
ch, vs_mean, vl_pi, beta penalty= 1 82.89805603027344 13.238996505737305 280.9749126434326
ch, vs_mean, vl_pi, beta penalty= 1 82.43977355957031 12.428658485412598 260.71646213531494
ch, vs_mean, vl_pi, beta penalty= 1 82.73770904541016 10.0 200.0
ch, vs_mean, vl_pi, beta penalty= 1 83.1244888305664 12.783147811889648 269.5786952972412
ch, vs_mean, vl_pi, beta penalty= 1 82.96411895751953 12.763324737548828 269.0831184387207
ch, vs_mean, vl_pi, beta penalty= 1 83.02220916748047 13.120789527893066 278.01973819732666
ch, vs_mean, vl_pi, beta penalty= 1 83.05293273925781 13.151958465576172 278.7989616394043
ch, vs_mean, vl_pi, beta penalty= 1 83.16353607177734 12.543763160705566 263.59407901763916
ch, vs_mean, vl_pi, beta penalty= 1 83.03229522705078 12.851409912109375 271.2852478027344
ch, vs_mean, vl_pi, beta penalty= 1 83.04023742675781 12.831360816955566 270.78402042388916
ch, vs_mean, vl_pi, beta penalty= 1 83.11024475097656 12.672956466674805 266.8239116668701
ch, vs_mean, vl_pi, beta penalty= 1 83.08695220947266 12.593934059143066 264.84835147857666
ch, vs_mean, vl_pi, beta penalty= 1 83.2358627319336 13.215259552001953 280.3814888000488
ch, vs_mean, vl_pi, beta penalty= 1 82.95541381835938 10.0 200.0
ch, vs_mean, vl_pi, beta penalty= 1 82.95736694335938 12.40963363647461 260.24084091186523
ch, vs_mean, vl_pi, beta penalty= 1 83.14453125 12.657990455627441 266.44976139068604
ch, vs_mean, vl_pi, beta penalty= 1 83.15727233886719 12.502519607543945 262.56299018859863
ch, vs_mean, vl_pi, beta penalty= 1 82.71744537353516 12.583242416381836 264.5810604095459
ch, vs_mean, vl_pi, beta penalty= 1 83.06495666503906 13.2840576171875 282.1014404296875
evaluate_num:27 	 evaluate_reward:500.0 	 evaluate_cost:120.54542242247214 	 evaluate_max_cost:1.6320014354722567
ch, vs_mean, vl_pi, beta penalty= 1 82.82929992675781 13.24500846862793 281.12521171569824
ch, vs_mean, vl_pi, beta penalty= 1 82.93197631835938 13.408708572387695 285.2177143096924
ch, vs_mean, vl_pi, beta penalty= 1 82.82192993164062 12.639049530029297 265.9762382507324
ch, vs_mean, vl_pi, beta penalty= 1 82.83950805664062 13.16392707824707 279.09817695617676
ch, vs_mean, vl_pi, beta penalty= 1 82.83466339111328 14.555659294128418 313.89148235321045
ch, vs_mean, vl_pi, beta penalty= 1 83.03007507324219 13.32763671875 283.19091796875
ch, vs_mean, vl_pi, beta penalty= 1 82.85749053955078 13.205987930297852 280.1496982574463
ch, vs_mean, vl_pi, beta penalty= 1 83.14144897460938 12.894256591796875 272.3564147949219
ch, vs_mean, vl_pi, beta penalty= 1 82.79542541503906 13.672712326049805 291.8178081512451
ch, vs_mean, vl_pi, beta penalty= 1 83.07527160644531 13.937206268310547 298.4301567077637
ch, vs_mean, vl_pi, beta penalty= 1 83.0683822631836 13.676042556762695 291.9010639190674
ch, vs_mean, vl_pi, beta penalty= 1 82.77073669433594 13.530078887939453 288.2519721984863
ch, vs_mean, vl_pi, beta penalty= 1 82.57522583007812 13.072724342346191 276.8181085586548
ch, vs_mean, vl_pi, beta penalty= 1 82.74063110351562 13.841185569763184 296.0296392440796
ch, vs_mean, vl_pi, beta penalty= 1 83.1409912109375 14.51746940612793 312.93673515319824
ch, vs_mean, vl_pi, beta penalty= 1 83.06788635253906 13.28729248046875 282.18231201171875
ch, vs_mean, vl_pi, beta penalty= 1 83.08138275146484 14.090616226196289 302.2654056549072
ch, vs_mean, vl_pi, beta penalty= 1 82.85917663574219 12.647512435913086 266.18781089782715
ch, vs_mean, vl_pi, beta penalty= 1 83.06615447998047 12.959168434143066 273.97921085357666
ch, vs_mean, vl_pi, beta penalty= 1 83.10586547851562 13.115296363830566 277.88240909576416
ch, vs_mean, vl_pi, beta penalty= 1 83.07868194580078 14.221467018127441 305.53667545318604
ch, vs_mean, vl_pi, beta penalty= 1 82.9970932006836 14.282173156738281 307.05432891845703
ch, vs_mean, vl_pi, beta penalty= 1 82.86486053466797 13.029651641845703 275.7412910461426
ch, vs_mean, vl_pi, beta penalty= 1 82.96571350097656 14.314870834350586 307.87177085876465
evaluate_num:28 	 evaluate_reward:500.0 	 evaluate_cost:98.76876617542202 	 evaluate_max_cost:1.5995071758175912
ch, vs_mean, vl_pi, beta penalty= 1 82.99072265625 13.566328048706055 289.15820121765137
ch, vs_mean, vl_pi, beta penalty= 1 82.88235473632812 10.0 200.0
ch, vs_mean, vl_pi, beta penalty= 1 82.75802612304688 14.262328147888184 306.5582036972046
ch, vs_mean, vl_pi, beta penalty= 1 82.95851135253906 12.855657577514648 271.3914394378662
ch, vs_mean, vl_pi, beta penalty= 1 82.6815185546875 13.464600563049316 286.6150140762329
ch, vs_mean, vl_pi, beta penalty= 1 82.8504638671875 13.726158142089844 293.1539535522461
ch, vs_mean, vl_pi, beta penalty= 1 82.20560455322266 12.786696434020996 269.6674108505249
ch, vs_mean, vl_pi, beta penalty= 1 83.04325866699219 12.961195945739746 274.02989864349365
ch, vs_mean, vl_pi, beta penalty= 1 82.95510864257812 12.800551414489746 270.01378536224365
ch, vs_mean, vl_pi, beta penalty= 1 82.75520324707031 12.885517120361328 272.1379280090332
ch, vs_mean, vl_pi, beta penalty= 1 82.66766357421875 13.227243423461914 280.68108558654785
ch, vs_mean, vl_pi, beta penalty= 1 83.11598205566406 12.685271263122559 267.13178157806396
ch, vs_mean, vl_pi, beta penalty= 1 82.64903259277344 13.50096321105957 287.52408027648926
ch, vs_mean, vl_pi, beta penalty= 1 82.60826873779297 13.738960266113281 293.47400665283203
ch, vs_mean, vl_pi, beta penalty= 1 82.35684204101562 14.408141136169434 310.20352840423584
ch, vs_mean, vl_pi, beta penalty= 1 82.1807861328125 12.947986602783203 273.6996650695801
ch, vs_mean, vl_pi, beta penalty= 1 82.43861389160156 12.419054985046387 260.47637462615967
ch, vs_mean, vl_pi, beta penalty= 1 82.83662414550781 13.338866233825684 283.4716558456421
ch, vs_mean, vl_pi, beta penalty= 1 82.6389389038086 13.053394317626953 276.3348579406738
ch, vs_mean, vl_pi, beta penalty= 1 82.53257751464844 13.215686798095703 280.3921699523926
ch, vs_mean, vl_pi, beta penalty= 1 82.58181762695312 12.766305923461914 269.15764808654785
ch, vs_mean, vl_pi, beta penalty= 1 82.60154724121094 12.575887680053711 264.3971920013428
ch, vs_mean, vl_pi, beta penalty= 1 82.06140899658203 12.685876846313477 267.1469211578369
ch, vs_mean, vl_pi, beta penalty= 1 83.15885925292969 13.262500762939453 281.5625190734863
ch, vs_mean, vl_pi, beta penalty= 1 82.59864044189453 13.630064964294434 290.75162410736084
evaluate_num:29 	 evaluate_reward:478.6666666666667 	 evaluate_cost:240.50536205884995 	 evaluate_max_cost:12.405258177004905
ch, vs_mean, vl_pi, beta penalty= 1 82.96218872070312 12.972055435180664 274.3013858795166
ch, vs_mean, vl_pi, beta penalty= 1 83.14225769042969 12.704424858093262 267.61062145233154
ch, vs_mean, vl_pi, beta penalty= 1 83.15745544433594 13.125043869018555 278.12609672546387
ch, vs_mean, vl_pi, beta penalty= 1 83.09680938720703 13.082721710205078 277.06804275512695
ch, vs_mean, vl_pi, beta penalty= 1 82.81684875488281 13.086801528930664 277.1700382232666
ch, vs_mean, vl_pi, beta penalty= 1 83.0897445678711 13.156322479248047 278.9080619812012
ch, vs_mean, vl_pi, beta penalty= 1 82.76286315917969 13.179712295532227 279.49280738830566
ch, vs_mean, vl_pi, beta penalty= 1 82.88191223144531 12.436631202697754 260.91578006744385
ch, vs_mean, vl_pi, beta penalty= 1 82.43312072753906 12.682367324829102 267.05918312072754
ch, vs_mean, vl_pi, beta penalty= 1 82.8961410522461 12.878131866455078 271.95329666137695
ch, vs_mean, vl_pi, beta penalty= 1 82.74429321289062 13.269257545471191 281.7314386367798
ch, vs_mean, vl_pi, beta penalty= 1 83.10738372802734 13.038835525512695 275.9708881378174
ch, vs_mean, vl_pi, beta penalty= 1 82.81204223632812 12.710427284240723 267.76068210601807
ch, vs_mean, vl_pi, beta penalty= 1 82.7516098022461 13.166265487670898 279.15663719177246
ch, vs_mean, vl_pi, beta penalty= 1 82.43406677246094 13.468923568725586 286.72308921813965
ch, vs_mean, vl_pi, beta penalty= 1 81.99575805664062 13.887285232543945 297.18213081359863
ch, vs_mean, vl_pi, beta penalty= 1 82.70796203613281 10.0 200.0
ch, vs_mean, vl_pi, beta penalty= 1 82.59693145751953 12.824217796325684 270.6054449081421
ch, vs_mean, vl_pi, beta penalty= 1 82.57568359375 12.889189720153809 272.2297430038452
ch, vs_mean, vl_pi, beta penalty= 1 82.8990707397461 10.0 200.0
ch, vs_mean, vl_pi, beta penalty= 1 82.89407348632812 12.497437477111816 262.4359369277954
ch, vs_mean, vl_pi, beta penalty= 1 82.72949981689453 10.0 200.0
ch, vs_mean, vl_pi, beta penalty= 1 82.60206604003906 12.500731468200684 262.5182867050171
ch, vs_mean, vl_pi, beta penalty= 1 82.95429229736328 10.0 200.0
evaluate_num:30 	 evaluate_reward:500.0 	 evaluate_cost:13.356201840957118 	 evaluate_max_cost:1.1080806510479544
ch, vs_mean, vl_pi, beta penalty= 1 82.33113098144531 12.578743934631348 264.4685983657837
ch, vs_mean, vl_pi, beta penalty= 1 83.1726303100586 13.028687477111816 275.7171869277954
ch, vs_mean, vl_pi, beta penalty= 1 83.06924438476562 12.506902694702148 262.6725673675537
ch, vs_mean, vl_pi, beta penalty= 1 82.69666290283203 10.0 200.0
ch, vs_mean, vl_pi, beta penalty= 1 81.26390838623047 12.748852729797363 268.7213182449341
ch, vs_mean, vl_pi, beta penalty= 1 80.44600677490234 12.685070991516113 267.12677478790283
ch, vs_mean, vl_pi, beta penalty= 1 82.41551971435547 12.575586318969727 264.38965797424316
ch, vs_mean, vl_pi, beta penalty= 1 82.6951675415039 12.556384086608887 263.90960216522217
ch, vs_mean, vl_pi, beta penalty= 1 82.31165313720703 12.831121444702148 270.7780361175537
ch, vs_mean, vl_pi, beta penalty= 1 82.3254165649414 12.8138427734375 270.3460693359375
ch, vs_mean, vl_pi, beta penalty= 1 82.12789154052734 12.904102325439453 272.6025581359863
ch, vs_mean, vl_pi, beta penalty= 1 81.92811584472656 13.04051399230957 276.01284980773926
ch, vs_mean, vl_pi, beta penalty= 1 82.13609313964844 13.055492401123047 276.3873100280762
ch, vs_mean, vl_pi, beta penalty= 1 82.3943099975586 12.930726051330566 273.26815128326416
ch, vs_mean, vl_pi, beta penalty= 1 81.995849609375 10.0 200.0
ch, vs_mean, vl_pi, beta penalty= 1 81.7715835571289 10.0 200.0
ch, vs_mean, vl_pi, beta penalty= 1 82.65794372558594 10.0 200.0
ch, vs_mean, vl_pi, beta penalty= 1 82.34945678710938 12.712096214294434 267.80240535736084
ch, vs_mean, vl_pi, beta penalty= 1 80.5809555053711 10.0 200.0
ch, vs_mean, vl_pi, beta penalty= 1 81.42945861816406 10.0 200.0
ch, vs_mean, vl_pi, beta penalty= 1 81.38969421386719 12.623749732971191 265.5937433242798
ch, vs_mean, vl_pi, beta penalty= 1 80.88230895996094 13.154901504516602 278.87253761291504
ch, vs_mean, vl_pi, beta penalty= 1 81.07402801513672 12.60659408569336 265.164852142334
ch, vs_mean, vl_pi, beta penalty= 1 82.39147186279297 12.514243125915527 262.8560781478882
evaluate_num:31 	 evaluate_reward:500.0 	 evaluate_cost:31.67840644195483 	 evaluate_max_cost:1.1922609576559005
ch, vs_mean, vl_pi, beta penalty= 1 81.06891632080078 13.24455451965332 281.113862991333
ch, vs_mean, vl_pi, beta penalty= 1 81.18661499023438 12.59181022644043 264.79525566101074
ch, vs_mean, vl_pi, beta penalty= 1 81.66802215576172 13.13105583190918 278.2763957977295
ch, vs_mean, vl_pi, beta penalty= 1 82.0171890258789 12.809549331665039 270.238733291626
ch, vs_mean, vl_pi, beta penalty= 1 81.989013671875 12.430594444274902 260.76486110687256
ch, vs_mean, vl_pi, beta penalty= 1 82.252197265625 11.092162132263184 227.3040533065796
ch, vs_mean, vl_pi, beta penalty= 1 81.75062561035156 10.0 200.0
ch, vs_mean, vl_pi, beta penalty= 1 82.19981384277344 12.783801078796387 269.59502696990967
ch, vs_mean, vl_pi, beta penalty= 1 82.55128479003906 12.768484115600586 269.21210289001465
ch, vs_mean, vl_pi, beta penalty= 1 81.4118881225586 12.530385971069336 263.2596492767334
ch, vs_mean, vl_pi, beta penalty= 1 82.29399108886719 13.156159400939941 278.90398502349854
ch, vs_mean, vl_pi, beta penalty= 1 82.60130310058594 10.0 200.0
ch, vs_mean, vl_pi, beta penalty= 1 82.62283325195312 10.0 200.0
ch, vs_mean, vl_pi, beta penalty= 1 82.604736328125 12.404314041137695 260.1078510284424
ch, vs_mean, vl_pi, beta penalty= 1 82.14195251464844 12.838967323303223 270.97418308258057
ch, vs_mean, vl_pi, beta penalty= 1 82.22364044189453 12.979844093322754 274.49610233306885
ch, vs_mean, vl_pi, beta penalty= 1 83.10285186767578 11.009389877319336 225.2347469329834
ch, vs_mean, vl_pi, beta penalty= 1 81.30060577392578 12.736620903015137 268.4155225753784
ch, vs_mean, vl_pi, beta penalty= 1 82.2356948852539 12.757691383361816 268.9422845840454
ch, vs_mean, vl_pi, beta penalty= 1 81.54915618896484 12.555541038513184 263.8885259628296
ch, vs_mean, vl_pi, beta penalty= 1 82.6762924194336 13.451253890991211 286.2813472747803
ch, vs_mean, vl_pi, beta penalty= 1 82.24415588378906 10.0 200.0
ch, vs_mean, vl_pi, beta penalty= 1 82.56642150878906 12.481359481811523 262.0339870452881
ch, vs_mean, vl_pi, beta penalty= 1 82.48505401611328 10.0 200.0
ch, vs_mean, vl_pi, beta penalty= 1 82.351806640625 10.0 200.0
evaluate_num:32 	 evaluate_reward:500.0 	 evaluate_cost:28.775774834094463 	 evaluate_max_cost:1.1478325464650683
ch, vs_mean, vl_pi, beta penalty= 1 82.35487365722656 10.0 200.0
ch, vs_mean, vl_pi, beta penalty= 1 82.55521392822266 12.807433128356934 270.18582820892334
ch, vs_mean, vl_pi, beta penalty= 1 82.84422302246094 10.0 200.0
ch, vs_mean, vl_pi, beta penalty= 1 82.67524719238281 12.53318977355957 263.32974433898926
ch, vs_mean, vl_pi, beta penalty= 1 81.8428955078125 13.013916969299316 275.3479242324829
ch, vs_mean, vl_pi, beta penalty= 1 82.61192321777344 10.0 200.0
ch, vs_mean, vl_pi, beta penalty= 1 82.15921783447266 12.446528434753418 261.16321086883545
ch, vs_mean, vl_pi, beta penalty= 1 82.69639587402344 10.0 200.0
ch, vs_mean, vl_pi, beta penalty= 1 82.40031433105469 10.0 200.0
ch, vs_mean, vl_pi, beta penalty= 1 82.98112487792969 10.0 200.0
ch, vs_mean, vl_pi, beta penalty= 1 83.03138732910156 10.0 200.0
ch, vs_mean, vl_pi, beta penalty= 1 83.19354248046875 12.686479568481445 267.16198921203613
ch, vs_mean, vl_pi, beta penalty= 1 82.61285400390625 12.826404571533203 270.6601142883301
ch, vs_mean, vl_pi, beta penalty= 1 82.39468383789062 13.043771743774414 276.09429359436035
ch, vs_mean, vl_pi, beta penalty= 1 83.22502899169922 12.497710227966309 262.4427556991577
ch, vs_mean, vl_pi, beta penalty= 1 82.74433898925781 12.951628684997559 273.79071712493896
ch, vs_mean, vl_pi, beta penalty= 1 82.8259506225586 12.532922744750977 263.3230686187744
ch, vs_mean, vl_pi, beta penalty= 1 82.96331024169922 10.0 200.0
ch, vs_mean, vl_pi, beta penalty= 1 82.46942138671875 10.0 200.0
ch, vs_mean, vl_pi, beta penalty= 1 82.60991668701172 12.884023666381836 272.1005916595459
ch, vs_mean, vl_pi, beta penalty= 1 82.99407958984375 12.608154296875 265.203857421875
ch, vs_mean, vl_pi, beta penalty= 1 82.996337890625 12.774885177612305 269.3721294403076
ch, vs_mean, vl_pi, beta penalty= 1 82.6844711303711 10.0 200.0
ch, vs_mean, vl_pi, beta penalty= 1 82.90865325927734 10.0 200.0
evaluate_num:33 	 evaluate_reward:500.0 	 evaluate_cost:102.37755061155133 	 evaluate_max_cost:1.3708876451455576
ch, vs_mean, vl_pi, beta penalty= 1 82.51359558105469 10.0 200.0
ch, vs_mean, vl_pi, beta penalty= 1 82.88314819335938 12.88398551940918 272.0996379852295
ch, vs_mean, vl_pi, beta penalty= 1 83.1118392944336 12.667621612548828 266.6905403137207
ch, vs_mean, vl_pi, beta penalty= 1 82.93109130859375 13.116019248962402 277.90048122406006
ch, vs_mean, vl_pi, beta penalty= 1 83.02175903320312 12.403502464294434 260.08756160736084
ch, vs_mean, vl_pi, beta penalty= 1 82.94847106933594 12.528543472290039 263.213586807251
ch, vs_mean, vl_pi, beta penalty= 1 83.14125061035156 12.971147537231445 274.27868843078613
ch, vs_mean, vl_pi, beta penalty= 1 82.89373016357422 12.902605056762695 272.5651264190674
ch, vs_mean, vl_pi, beta penalty= 1 82.6854476928711 10.0 200.0
ch, vs_mean, vl_pi, beta penalty= 1 82.95601654052734 10.0 200.0
ch, vs_mean, vl_pi, beta penalty= 1 83.102294921875 12.473265647888184 261.8316411972046
ch, vs_mean, vl_pi, beta penalty= 1 82.86832427978516 12.624520301818848 265.6130075454712
ch, vs_mean, vl_pi, beta penalty= 1 83.03936767578125 10.0 200.0
ch, vs_mean, vl_pi, beta penalty= 1 82.6634750366211 11.049295425415039 226.23238563537598
ch, vs_mean, vl_pi, beta penalty= 1 83.15968322753906 12.833627700805664 270.8406925201416
ch, vs_mean, vl_pi, beta penalty= 1 82.89720153808594 12.559205055236816 263.9801263809204
ch, vs_mean, vl_pi, beta penalty= 1 83.00267791748047 13.464360237121582 286.60900592803955
ch, vs_mean, vl_pi, beta penalty= 1 82.99874114990234 10.0 200.0
ch, vs_mean, vl_pi, beta penalty= 1 83.03677368164062 12.585943222045898 264.64858055114746
ch, vs_mean, vl_pi, beta penalty= 1 82.92117309570312 10.0 200.0
ch, vs_mean, vl_pi, beta penalty= 1 82.7451400756836 10.0 200.0
ch, vs_mean, vl_pi, beta penalty= 1 83.12285614013672 12.452637672424316 261.3159418106079
ch, vs_mean, vl_pi, beta penalty= 1 82.71957397460938 12.866829872131348 271.6707468032837
ch, vs_mean, vl_pi, beta penalty= 1 82.98284912109375 10.0 200.0
ch, vs_mean, vl_pi, beta penalty= 1 82.87171173095703 12.492313385009766 262.30783462524414
evaluate_num:34 	 evaluate_reward:500.0 	 evaluate_cost:115.72723807642852 	 evaluate_max_cost:1.6453414753319429
ch, vs_mean, vl_pi, beta penalty= 1 82.60906982421875 10.0 200.0
ch, vs_mean, vl_pi, beta penalty= 1 82.81282806396484 10.0 200.0
ch, vs_mean, vl_pi, beta penalty= 1 82.6573486328125 10.0 200.0
ch, vs_mean, vl_pi, beta penalty= 1 83.00775909423828 12.578734397888184 264.4683599472046
ch, vs_mean, vl_pi, beta penalty= 1 82.874755859375 12.533268928527832 263.3317232131958
ch, vs_mean, vl_pi, beta penalty= 1 83.06066131591797 13.485448837280273 287.13622093200684
ch, vs_mean, vl_pi, beta penalty= 1 82.83037567138672 12.577147483825684 264.4286870956421
ch, vs_mean, vl_pi, beta penalty= 1 83.02809143066406 10.0 200.0
ch, vs_mean, vl_pi, beta penalty= 1 82.83973693847656 13.8604736328125 296.5118408203125
ch, vs_mean, vl_pi, beta penalty= 1 82.75155639648438 10.0 200.0
ch, vs_mean, vl_pi, beta penalty= 1 82.93311309814453 10.0 200.0
ch, vs_mean, vl_pi, beta penalty= 1 82.95397186279297 12.470653533935547 261.7663383483887
ch, vs_mean, vl_pi, beta penalty= 1 82.92282104492188 10.0 200.0
ch, vs_mean, vl_pi, beta penalty= 1 82.9697036743164 13.193551063537598 279.83877658843994
ch, vs_mean, vl_pi, beta penalty= 1 82.57305145263672 10.0 200.0
ch, vs_mean, vl_pi, beta penalty= 1 83.06655883789062 13.026297569274902 275.65743923187256
ch, vs_mean, vl_pi, beta penalty= 1 82.93375396728516 12.610944747924805 265.2736186981201
ch, vs_mean, vl_pi, beta penalty= 1 82.87487030029297 12.869281768798828 271.7320442199707
ch, vs_mean, vl_pi, beta penalty= 1 82.9981689453125 10.0 200.0
ch, vs_mean, vl_pi, beta penalty= 1 82.75450897216797 13.162566184997559 279.06415462493896
ch, vs_mean, vl_pi, beta penalty= 1 82.7742919921875 12.896890640258789 272.4222660064697
ch, vs_mean, vl_pi, beta penalty= 1 82.6884765625 12.700586318969727 267.51465797424316
ch, vs_mean, vl_pi, beta penalty= 1 83.07135772705078 12.886768341064453 272.1692085266113
ch, vs_mean, vl_pi, beta penalty= 1 82.51187133789062 10.0 200.0
evaluate_num:35 	 evaluate_reward:500.0 	 evaluate_cost:157.31123882851827 	 evaluate_max_cost:1.5948019083409697
ch, vs_mean, vl_pi, beta penalty= 1 82.69454956054688 12.510956764221191 262.7739191055298
ch, vs_mean, vl_pi, beta penalty= 1 82.54730224609375 12.983037948608398 274.57594871520996
ch, vs_mean, vl_pi, beta penalty= 1 83.04740905761719 12.591401100158691 264.7850275039673
ch, vs_mean, vl_pi, beta penalty= 1 83.08966064453125 13.065245628356934 276.63114070892334
ch, vs_mean, vl_pi, beta penalty= 1 82.95689392089844 12.560729026794434 264.01822566986084
ch, vs_mean, vl_pi, beta penalty= 1 82.74183654785156 12.887389183044434 272.18472957611084
ch, vs_mean, vl_pi, beta penalty= 1 82.73052978515625 10.0 200.0
ch, vs_mean, vl_pi, beta penalty= 1 82.82343292236328 10.0 200.0
ch, vs_mean, vl_pi, beta penalty= 1 83.13543701171875 10.0 200.0
ch, vs_mean, vl_pi, beta penalty= 1 82.84062194824219 12.50977897644043 262.74447441101074
ch, vs_mean, vl_pi, beta penalty= 1 83.09548950195312 12.670031547546387 266.75078868865967
ch, vs_mean, vl_pi, beta penalty= 1 82.9123306274414 12.693403244018555 267.33508110046387
ch, vs_mean, vl_pi, beta penalty= 1 82.9449234008789 12.965356826782227 274.13392066955566
ch, vs_mean, vl_pi, beta penalty= 1 83.00178527832031 13.080615997314453 277.0153999328613
ch, vs_mean, vl_pi, beta penalty= 1 82.92866516113281 13.626770973205566 290.66927433013916
ch, vs_mean, vl_pi, beta penalty= 1 82.99790954589844 12.656055450439453 266.4013862609863
ch, vs_mean, vl_pi, beta penalty= 1 83.0342788696289 12.939458847045898 273.48647117614746
ch, vs_mean, vl_pi, beta penalty= 1 83.01937866210938 12.57693099975586 264.4232749938965
ch, vs_mean, vl_pi, beta penalty= 1 82.83484649658203 12.793645858764648 269.8411464691162
ch, vs_mean, vl_pi, beta penalty= 1 82.43385314941406 12.485021591186523 262.1255397796631
ch, vs_mean, vl_pi, beta penalty= 1 82.21226501464844 12.785649299621582 269.64123249053955
ch, vs_mean, vl_pi, beta penalty= 1 82.86552429199219 12.561369895935059 264.03424739837646
ch, vs_mean, vl_pi, beta penalty= 1 82.83647155761719 13.480530738830566 287.01326847076416
ch, vs_mean, vl_pi, beta penalty= 1 82.64530181884766 12.764123916625977 269.1030979156494
evaluate_num:36 	 evaluate_reward:500.0 	 evaluate_cost:165.04482122293905 	 evaluate_max_cost:1.6791737983393977
ch, vs_mean, vl_pi, beta penalty= 1 82.80532836914062 12.811849594116211 270.2962398529053
ch, vs_mean, vl_pi, beta penalty= 1 82.90181732177734 10.0 200.0
ch, vs_mean, vl_pi, beta penalty= 1 83.07504272460938 12.47629165649414 261.9072914123535
ch, vs_mean, vl_pi, beta penalty= 1 82.93797302246094 13.067401885986328 276.6850471496582
ch, vs_mean, vl_pi, beta penalty= 1 82.76173400878906 10.0 200.0
ch, vs_mean, vl_pi, beta penalty= 1 82.57963562011719 13.214441299438477 280.3610324859619
ch, vs_mean, vl_pi, beta penalty= 1 82.87210083007812 10.0 200.0
ch, vs_mean, vl_pi, beta penalty= 1 83.09078979492188 13.05150032043457 276.28750801086426
ch, vs_mean, vl_pi, beta penalty= 1 82.81439208984375 13.223926544189453 280.5981636047363
ch, vs_mean, vl_pi, beta penalty= 1 82.96996307373047 13.572181701660156 289.3045425415039
ch, vs_mean, vl_pi, beta penalty= 1 82.7979965209961 12.847879409790039 271.196985244751
ch, vs_mean, vl_pi, beta penalty= 1 82.71675109863281 13.035482406616211 275.8870601654053
ch, vs_mean, vl_pi, beta penalty= 1 82.7594223022461 13.115741729736328 277.8935432434082
ch, vs_mean, vl_pi, beta penalty= 1 82.79144287109375 11.095261573791504 227.3815393447876
ch, vs_mean, vl_pi, beta penalty= 1 82.58384704589844 10.0 200.0
ch, vs_mean, vl_pi, beta penalty= 1 82.72591400146484 10.0 200.0
ch, vs_mean, vl_pi, beta penalty= 1 82.8055419921875 12.577757835388184 264.4439458847046
ch, vs_mean, vl_pi, beta penalty= 1 82.7699966430664 12.733163833618164 268.3290958404541
ch, vs_mean, vl_pi, beta penalty= 1 82.7425537109375 12.857244491577148 271.4311122894287
ch, vs_mean, vl_pi, beta penalty= 1 82.8880615234375 12.446086883544922 261.15217208862305
ch, vs_mean, vl_pi, beta penalty= 1 82.13614654541016 13.634382247924805 290.8595561981201
ch, vs_mean, vl_pi, beta penalty= 1 82.5556869506836 12.703093528747559 267.57733821868896
ch, vs_mean, vl_pi, beta penalty= 1 82.05233001708984 12.659954071044922 266.49885177612305
ch, vs_mean, vl_pi, beta penalty= 1 82.73401641845703 12.601408958435059 265.03522396087646
ch, vs_mean, vl_pi, beta penalty= 1 82.55307006835938 10.0 200.0
evaluate_num:37 	 evaluate_reward:500.0 	 evaluate_cost:230.13658425944394 	 evaluate_max_cost:2.068681577686026
ch, vs_mean, vl_pi, beta penalty= 1 82.69528198242188 12.496184349060059 262.40460872650146
ch, vs_mean, vl_pi, beta penalty= 1 82.25092315673828 10.0 200.0
ch, vs_mean, vl_pi, beta penalty= 1 82.61540985107422 12.604479789733887 265.11199474334717
ch, vs_mean, vl_pi, beta penalty= 1 82.65521240234375 12.831198692321777 270.77996730804443
ch, vs_mean, vl_pi, beta penalty= 1 82.85784149169922 12.893433570861816 272.3358392715454
ch, vs_mean, vl_pi, beta penalty= 1 82.82003784179688 13.193114280700684 279.8278570175171
ch, vs_mean, vl_pi, beta penalty= 1 82.80389404296875 12.831777572631836 270.7944393157959
ch, vs_mean, vl_pi, beta penalty= 1 82.53646850585938 12.900548934936523 272.5137233734131
ch, vs_mean, vl_pi, beta penalty= 1 82.61935424804688 10.0 200.0
ch, vs_mean, vl_pi, beta penalty= 1 82.86581420898438 12.761810302734375 269.0452575683594
ch, vs_mean, vl_pi, beta penalty= 1 82.78251647949219 12.697867393493652 267.4466848373413
ch, vs_mean, vl_pi, beta penalty= 1 82.63938903808594 13.277612686157227 281.94031715393066
ch, vs_mean, vl_pi, beta penalty= 1 82.6941146850586 13.026031494140625 275.6507873535156
ch, vs_mean, vl_pi, beta penalty= 1 82.9134292602539 13.00941276550293 275.23531913757324
ch, vs_mean, vl_pi, beta penalty= 1 82.69892120361328 12.909485816955566 272.73714542388916
ch, vs_mean, vl_pi, beta penalty= 1 82.05912780761719 13.105223655700684 277.6305913925171
ch, vs_mean, vl_pi, beta penalty= 1 82.66226959228516 12.952917098999023 273.8229274749756
ch, vs_mean, vl_pi, beta penalty= 1 83.03398895263672 12.792253494262695 269.8063373565674
ch, vs_mean, vl_pi, beta penalty= 1 82.62338256835938 12.689960479736328 267.2490119934082
ch, vs_mean, vl_pi, beta penalty= 1 82.75574493408203 12.754057884216309 268.8514471054077
ch, vs_mean, vl_pi, beta penalty= 1 82.45929718017578 12.708802223205566 267.72005558013916
ch, vs_mean, vl_pi, beta penalty= 1 82.41834259033203 12.75703239440918 268.9258098602295
ch, vs_mean, vl_pi, beta penalty= 1 82.89685821533203 10.0 200.0
ch, vs_mean, vl_pi, beta penalty= 1 82.70384979248047 13.775068283081055 294.37670707702637
evaluate_num:38 	 evaluate_reward:500.0 	 evaluate_cost:156.21316787618957 	 evaluate_max_cost:1.9801484486340408
ch, vs_mean, vl_pi, beta penalty= 1 82.66853332519531 12.720820426940918 268.02051067352295
ch, vs_mean, vl_pi, beta penalty= 1 82.59503936767578 13.580082893371582 289.50207233428955
ch, vs_mean, vl_pi, beta penalty= 1 82.6376953125 13.588939666748047 289.7234916687012
ch, vs_mean, vl_pi, beta penalty= 1 82.81138610839844 13.284570693969727 282.11426734924316
ch, vs_mean, vl_pi, beta penalty= 1 82.85071563720703 13.927387237548828 298.1846809387207
ch, vs_mean, vl_pi, beta penalty= 1 82.9746322631836 13.05558967590332 276.389741897583
ch, vs_mean, vl_pi, beta penalty= 1 82.50623321533203 10.0 200.0
ch, vs_mean, vl_pi, beta penalty= 1 82.68802642822266 10.0 200.0
ch, vs_mean, vl_pi, beta penalty= 1 82.99280548095703 13.692485809326172 292.3121452331543
ch, vs_mean, vl_pi, beta penalty= 1 82.54280090332031 10.0 200.0
ch, vs_mean, vl_pi, beta penalty= 1 82.40975952148438 13.186117172241211 279.6529293060303
ch, vs_mean, vl_pi, beta penalty= 1 82.89502716064453 13.086048126220703 277.1512031555176
ch, vs_mean, vl_pi, beta penalty= 1 82.79430389404297 11.243463516235352 231.0865879058838
ch, vs_mean, vl_pi, beta penalty= 1 82.2135238647461 12.468875885009766 261.72189712524414
ch, vs_mean, vl_pi, beta penalty= 1 82.54933166503906 13.572152137756348 289.3038034439087
ch, vs_mean, vl_pi, beta penalty= 1 82.82923126220703 13.824323654174805 295.6080913543701
ch, vs_mean, vl_pi, beta penalty= 1 83.00666809082031 12.511430740356445 262.78576850891113
ch, vs_mean, vl_pi, beta penalty= 1 82.1200180053711 10.0 200.0
ch, vs_mean, vl_pi, beta penalty= 1 82.92861938476562 13.395366668701172 284.8841667175293
ch, vs_mean, vl_pi, beta penalty= 1 82.77460479736328 12.98426628112793 274.60665702819824
ch, vs_mean, vl_pi, beta penalty= 1 82.84213256835938 13.568138122558594 289.20345306396484
ch, vs_mean, vl_pi, beta penalty= 1 82.59675598144531 13.862312316894531 296.5578079223633
ch, vs_mean, vl_pi, beta penalty= 1 82.48500061035156 13.460450172424316 286.5112543106079
ch, vs_mean, vl_pi, beta penalty= 1 82.9451675415039 13.086620330810547 277.1655082702637
ch, vs_mean, vl_pi, beta penalty= 1 82.7872085571289 13.551839828491211 288.7959957122803
evaluate_num:39 	 evaluate_reward:500.0 	 evaluate_cost:125.47484480907865 	 evaluate_max_cost:1.6873683479977475
ch, vs_mean, vl_pi, beta penalty= 1 82.51393127441406 10.0 200.0
ch, vs_mean, vl_pi, beta penalty= 1 82.58955383300781 12.795950889587402 269.89877223968506
ch, vs_mean, vl_pi, beta penalty= 1 82.69609069824219 10.0 200.0
ch, vs_mean, vl_pi, beta penalty= 1 82.87294006347656 12.940385818481445 273.50964546203613
ch, vs_mean, vl_pi, beta penalty= 1 82.24951171875 12.772248268127441 269.30620670318604
ch, vs_mean, vl_pi, beta penalty= 1 82.77351379394531 12.459961891174316 261.4990472793579
ch, vs_mean, vl_pi, beta penalty= 1 82.57878875732422 13.064030647277832 276.6007661819458
ch, vs_mean, vl_pi, beta penalty= 1 82.65914154052734 12.645682334899902 266.14205837249756
ch, vs_mean, vl_pi, beta penalty= 1 82.5357437133789 13.080036163330078 277.00090408325195
ch, vs_mean, vl_pi, beta penalty= 1 82.64877319335938 13.702797889709473 292.5699472427368
ch, vs_mean, vl_pi, beta penalty= 1 82.55760955810547 12.65013313293457 266.25332832336426
ch, vs_mean, vl_pi, beta penalty= 1 83.02535247802734 12.700090408325195 267.5022602081299
ch, vs_mean, vl_pi, beta penalty= 1 82.83304595947266 12.646833419799805 266.1708354949951
ch, vs_mean, vl_pi, beta penalty= 1 82.71484375 13.370281219482422 284.25703048706055
ch, vs_mean, vl_pi, beta penalty= 1 82.9587173461914 11.151701927185059 228.79254817962646
ch, vs_mean, vl_pi, beta penalty= 1 82.42289733886719 12.924335479736328 273.1083869934082
ch, vs_mean, vl_pi, beta penalty= 1 82.48848724365234 12.764538764953613 269.11346912384033
ch, vs_mean, vl_pi, beta penalty= 1 82.39273834228516 14.150472640991211 303.7618160247803
ch, vs_mean, vl_pi, beta penalty= 1 82.70072174072266 12.869019508361816 271.7254877090454
ch, vs_mean, vl_pi, beta penalty= 1 82.42952728271484 13.468267440795898 286.70668601989746
ch, vs_mean, vl_pi, beta penalty= 1 82.40213012695312 13.064716339111328 276.6179084777832
ch, vs_mean, vl_pi, beta penalty= 1 82.45130157470703 12.569252967834473 264.2313241958618
ch, vs_mean, vl_pi, beta penalty= 1 82.71466064453125 10.0 200.0
ch, vs_mean, vl_pi, beta penalty= 1 82.41712951660156 12.716124534606934 267.90311336517334
evaluate_num:40 	 evaluate_reward:500.0 	 evaluate_cost:150.67442941444656 	 evaluate_max_cost:1.9813040481989266
ch, vs_mean, vl_pi, beta penalty= 1 82.55827331542969 13.095061302185059 277.37653255462646
ch, vs_mean, vl_pi, beta penalty= 1 82.61680603027344 11.314401626586914 232.86004066467285
ch, vs_mean, vl_pi, beta penalty= 1 82.53993225097656 10.0 200.0
ch, vs_mean, vl_pi, beta penalty= 1 82.49060821533203 12.554290771484375 263.8572692871094
ch, vs_mean, vl_pi, beta penalty= 1 82.96472930908203 10.0 200.0
ch, vs_mean, vl_pi, beta penalty= 1 82.92736053466797 13.027490615844727 275.68726539611816
ch, vs_mean, vl_pi, beta penalty= 1 82.58271789550781 12.937414169311523 273.4353542327881
ch, vs_mean, vl_pi, beta penalty= 1 82.33670806884766 12.330506324768066 258.26265811920166
ch, vs_mean, vl_pi, beta penalty= 1 82.91358947753906 13.444143295288086 286.10358238220215
ch, vs_mean, vl_pi, beta penalty= 1 82.81753540039062 13.191356658935547 279.7839164733887
ch, vs_mean, vl_pi, beta penalty= 1 82.6405029296875 13.407581329345703 285.1895332336426
ch, vs_mean, vl_pi, beta penalty= 1 82.61565399169922 12.62919807434082 265.7299518585205
ch, vs_mean, vl_pi, beta penalty= 1 82.77277374267578 11.137140274047852 228.4285068511963
ch, vs_mean, vl_pi, beta penalty= 1 82.91287231445312 13.245813369750977 281.1453342437744
ch, vs_mean, vl_pi, beta penalty= 1 82.77960205078125 12.76793098449707 269.19827461242676
ch, vs_mean, vl_pi, beta penalty= 1 82.29295349121094 12.663453102111816 266.5863275527954
ch, vs_mean, vl_pi, beta penalty= 1 82.43504333496094 12.622089385986328 265.5522346496582
ch, vs_mean, vl_pi, beta penalty= 1 82.91109466552734 14.046161651611328 301.1540412902832
ch, vs_mean, vl_pi, beta penalty= 1 82.37831115722656 13.585624694824219 289.64061737060547
ch, vs_mean, vl_pi, beta penalty= 1 82.91812896728516 13.222339630126953 280.5584907531738
ch, vs_mean, vl_pi, beta penalty= 1 83.0211181640625 12.925067901611328 273.1266975402832
ch, vs_mean, vl_pi, beta penalty= 1 82.87483215332031 13.740619659423828 293.5154914855957
ch, vs_mean, vl_pi, beta penalty= 1 82.65431213378906 12.999094009399414 274.97735023498535
ch, vs_mean, vl_pi, beta penalty= 1 83.04715728759766 12.611891746520996 265.2972936630249
ch, vs_mean, vl_pi, beta penalty= 1 83.12762451171875 12.904796600341797 272.6199150085449
evaluate_num:41 	 evaluate_reward:500.0 	 evaluate_cost:102.34055706780873 	 evaluate_max_cost:1.8767746004249242
ch, vs_mean, vl_pi, beta penalty= 1 82.81588745117188 12.903996467590332 272.5999116897583
ch, vs_mean, vl_pi, beta penalty= 1 82.71996307373047 13.304142951965332 282.6035737991333
ch, vs_mean, vl_pi, beta penalty= 1 82.2630615234375 12.965219497680664 274.1304874420166
ch, vs_mean, vl_pi, beta penalty= 1 82.87242889404297 13.61604118347168 290.401029586792
ch, vs_mean, vl_pi, beta penalty= 1 83.04666900634766 13.23621940612793 280.90548515319824
ch, vs_mean, vl_pi, beta penalty= 1 82.81562805175781 12.575815200805664 264.3953800201416
ch, vs_mean, vl_pi, beta penalty= 1 82.55157470703125 12.88099479675293 272.02486991882324
ch, vs_mean, vl_pi, beta penalty= 1 82.80547332763672 13.218484878540039 280.462121963501
ch, vs_mean, vl_pi, beta penalty= 1 82.4164810180664 13.188665390014648 279.7166347503662
ch, vs_mean, vl_pi, beta penalty= 1 82.68621826171875 13.023642539978027 275.5910634994507
ch, vs_mean, vl_pi, beta penalty= 1 82.64669036865234 12.570923805236816 264.2730951309204
ch, vs_mean, vl_pi, beta penalty= 1 82.51602935791016 10.0 200.0
ch, vs_mean, vl_pi, beta penalty= 1 82.98329162597656 13.380187034606934 284.50467586517334
ch, vs_mean, vl_pi, beta penalty= 1 82.63713073730469 13.799762725830078 294.99406814575195
ch, vs_mean, vl_pi, beta penalty= 1 82.86167907714844 12.453714370727539 261.3428592681885
ch, vs_mean, vl_pi, beta penalty= 1 83.08554077148438 13.4874267578125 287.1856689453125
ch, vs_mean, vl_pi, beta penalty= 1 82.66934967041016 12.434011459350586 260.85028648376465
ch, vs_mean, vl_pi, beta penalty= 1 82.6625747680664 13.164162635803223 279.10406589508057
ch, vs_mean, vl_pi, beta penalty= 1 82.68984985351562 12.51336669921875 262.83416748046875
ch, vs_mean, vl_pi, beta penalty= 1 82.79733276367188 13.174327850341797 279.3581962585449
ch, vs_mean, vl_pi, beta penalty= 1 82.62254333496094 12.806822776794434 270.17056941986084
ch, vs_mean, vl_pi, beta penalty= 1 82.79021453857422 10.0 200.0
ch, vs_mean, vl_pi, beta penalty= 1 82.55745697021484 13.49494743347168 287.373685836792
ch, vs_mean, vl_pi, beta penalty= 1 82.45233917236328 12.879467010498047 271.9866752624512
evaluate_num:42 	 evaluate_reward:500.0 	 evaluate_cost:149.46330107931394 	 evaluate_max_cost:1.832059658140481
ch, vs_mean, vl_pi, beta penalty= 1 82.68087768554688 12.877553939819336 271.9388484954834
ch, vs_mean, vl_pi, beta penalty= 1 82.49685668945312 12.691644668579102 267.29111671447754
ch, vs_mean, vl_pi, beta penalty= 1 82.7330551147461 12.984430313110352 274.6107578277588
ch, vs_mean, vl_pi, beta penalty= 1 82.89008331298828 13.165201187133789 279.1300296783447
ch, vs_mean, vl_pi, beta penalty= 1 82.65442657470703 13.45246696472168 286.311674118042
ch, vs_mean, vl_pi, beta penalty= 1 82.58854675292969 12.5179443359375 262.9486083984375
ch, vs_mean, vl_pi, beta penalty= 1 82.87104034423828 12.634337425231934 265.85843563079834
ch, vs_mean, vl_pi, beta penalty= 1 82.83891296386719 12.913517951965332 272.8379487991333
ch, vs_mean, vl_pi, beta penalty= 1 82.44717407226562 13.973808288574219 299.34520721435547
ch, vs_mean, vl_pi, beta penalty= 1 82.80174255371094 12.660735130310059 266.51837825775146
ch, vs_mean, vl_pi, beta penalty= 1 82.91132354736328 13.885161399841309 297.1290349960327
ch, vs_mean, vl_pi, beta penalty= 1 82.86479187011719 12.555176734924316 263.8794183731079
ch, vs_mean, vl_pi, beta penalty= 1 82.88507843017578 12.819921493530273 270.49803733825684
ch, vs_mean, vl_pi, beta penalty= 1 82.3851547241211 10.0 200.0
ch, vs_mean, vl_pi, beta penalty= 1 82.43146514892578 13.711750030517578 292.79375076293945
ch, vs_mean, vl_pi, beta penalty= 1 82.70310974121094 13.508149147033691 287.7037286758423
ch, vs_mean, vl_pi, beta penalty= 1 82.96482849121094 13.020456314086914 275.51140785217285
ch, vs_mean, vl_pi, beta penalty= 1 82.57225036621094 13.164348602294922 279.10871505737305
ch, vs_mean, vl_pi, beta penalty= 1 82.77369689941406 13.774422645568848 294.3605661392212
ch, vs_mean, vl_pi, beta penalty= 1 82.52130126953125 13.297881126403809 282.4470281600952
ch, vs_mean, vl_pi, beta penalty= 1 82.93991088867188 12.852550506591797 271.3137626647949
ch, vs_mean, vl_pi, beta penalty= 1 82.5937728881836 13.196155548095703 279.9038887023926
ch, vs_mean, vl_pi, beta penalty= 1 82.26583862304688 11.037740707397461 225.94351768493652
ch, vs_mean, vl_pi, beta penalty= 1 82.48640441894531 12.42454719543457 260.61367988586426
evaluate_num:43 	 evaluate_reward:500.0 	 evaluate_cost:100.20217722650527 	 evaluate_max_cost:1.671660570060167
ch, vs_mean, vl_pi, beta penalty= 1 82.7889633178711 13.756853103637695 293.9213275909424
ch, vs_mean, vl_pi, beta penalty= 1 82.65084838867188 12.520856857299805 263.0214214324951
ch, vs_mean, vl_pi, beta penalty= 1 82.30975341796875 12.962366104125977 274.0591526031494
ch, vs_mean, vl_pi, beta penalty= 1 82.81702423095703 12.060802459716797 251.52006149291992
ch, vs_mean, vl_pi, beta penalty= 1 82.35336303710938 12.747618675231934 268.69046688079834
ch, vs_mean, vl_pi, beta penalty= 1 82.52594757080078 12.614826202392578 265.37065505981445
ch, vs_mean, vl_pi, beta penalty= 1 82.81552124023438 12.782276153564453 269.5569038391113
ch, vs_mean, vl_pi, beta penalty= 1 82.55314636230469 13.522417068481445 288.06042671203613
ch, vs_mean, vl_pi, beta penalty= 1 81.78020477294922 11.147055625915527 228.67639064788818
ch, vs_mean, vl_pi, beta penalty= 1 82.69617462158203 13.632878303527832 290.8219575881958
ch, vs_mean, vl_pi, beta penalty= 1 82.5666732788086 13.689871788024902 292.24679470062256
ch, vs_mean, vl_pi, beta penalty= 1 82.20994567871094 12.838120460510254 270.95301151275635
ch, vs_mean, vl_pi, beta penalty= 1 82.56864929199219 11.075235366821289 226.88088417053223
ch, vs_mean, vl_pi, beta penalty= 1 82.42515563964844 12.876221656799316 271.9055414199829
ch, vs_mean, vl_pi, beta penalty= 1 82.43441772460938 12.54776382446289 263.69409561157227
ch, vs_mean, vl_pi, beta penalty= 1 82.6867904663086 13.602019309997559 290.05048274993896
ch, vs_mean, vl_pi, beta penalty= 1 82.78765106201172 13.251636505126953 281.2909126281738
ch, vs_mean, vl_pi, beta penalty= 1 82.22672271728516 12.26839828491211 256.70995712280273
ch, vs_mean, vl_pi, beta penalty= 1 81.85936737060547 14.082284927368164 302.0571231842041
ch, vs_mean, vl_pi, beta penalty= 1 82.55746459960938 12.47978401184082 261.9946002960205
ch, vs_mean, vl_pi, beta penalty= 1 82.89407348632812 12.942068099975586 273.55170249938965
ch, vs_mean, vl_pi, beta penalty= 1 82.80839538574219 12.022771835327148 250.5692958831787
ch, vs_mean, vl_pi, beta penalty= 1 82.78033447265625 13.267348289489746 281.68370723724365
ch, vs_mean, vl_pi, beta penalty= 1 81.15919494628906 12.703492164611816 267.5873041152954
ch, vs_mean, vl_pi, beta penalty= 1 82.70885467529297 12.485657691955566 262.14144229888916
evaluate_num:44 	 evaluate_reward:493.6666666666667 	 evaluate_cost:281.4481331690741 	 evaluate_max_cost:2.4049823434809037
ch, vs_mean, vl_pi, beta penalty= 1 81.83683013916016 14.087255477905273 302.18138694763184
ch, vs_mean, vl_pi, beta penalty= 1 81.31073760986328 12.399866104125977 259.9966526031494
ch, vs_mean, vl_pi, beta penalty= 1 77.40341186523438 12.493133544921875 262.3283386230469
ch, vs_mean, vl_pi, beta penalty= 1 82.92138671875 14.082784652709961 302.069616317749
ch, vs_mean, vl_pi, beta penalty= 1 82.29107666015625 13.438848495483398 285.97121238708496
ch, vs_mean, vl_pi, beta penalty= 1 82.06267547607422 14.080757141113281 302.01892852783203
ch, vs_mean, vl_pi, beta penalty= 1 83.08586120605469 13.532573699951172 288.3143424987793
ch, vs_mean, vl_pi, beta penalty= 1 83.06259155273438 10.0 200.0
ch, vs_mean, vl_pi, beta penalty= 1 82.61363220214844 14.083517074584961 302.087926864624
ch, vs_mean, vl_pi, beta penalty= 1 82.2537612915039 12.147028923034668 253.6757230758667
ch, vs_mean, vl_pi, beta penalty= 1 82.8914794921875 13.970418930053711 299.2604732513428
ch, vs_mean, vl_pi, beta penalty= 1 82.94308471679688 11.0196533203125 225.4913330078125
ch, vs_mean, vl_pi, beta penalty= 1 82.9354248046875 10.0 200.0
ch, vs_mean, vl_pi, beta penalty= 1 82.4122085571289 14.073223114013672 301.8305778503418
ch, vs_mean, vl_pi, beta penalty= 1 82.83224487304688 12.722925186157227 268.07312965393066
ch, vs_mean, vl_pi, beta penalty= 1 82.04978942871094 14.071045875549316 301.7761468887329
ch, vs_mean, vl_pi, beta penalty= 1 82.8879623413086 12.749634742736816 268.7408685684204
ch, vs_mean, vl_pi, beta penalty= 1 80.39158630371094 14.072997093200684 301.8249273300171
ch, vs_mean, vl_pi, beta penalty= 1 81.01954650878906 13.353723526000977 283.8430881500244
ch, vs_mean, vl_pi, beta penalty= 1 71.3277359008789 14.595427513122559 314.88568782806396
ch, vs_mean, vl_pi, beta penalty= 1 79.6028060913086 15.250896453857422 331.27241134643555
ch, vs_mean, vl_pi, beta penalty= 1 82.80633544921875 13.388360977172852 284.7090244293213
ch, vs_mean, vl_pi, beta penalty= 1 81.84151458740234 14.865818977355957 321.6454744338989
ch, vs_mean, vl_pi, beta penalty= 1 82.24211883544922 14.05664348602295 301.41608715057373
evaluate_num:45 	 evaluate_reward:446.3333333333333 	 evaluate_cost:265.516659086099 	 evaluate_max_cost:12.401975178363909
ch, vs_mean, vl_pi, beta penalty= 1 79.16017150878906 14.057312965393066 301.43282413482666
ch, vs_mean, vl_pi, beta penalty= 1 80.4702377319336 11.664385795593262 241.60964488983154
ch, vs_mean, vl_pi, beta penalty= 1 83.02311706542969 13.04777717590332 276.194429397583
ch, vs_mean, vl_pi, beta penalty= 1 82.91863250732422 13.259790420532227 281.49476051330566
ch, vs_mean, vl_pi, beta penalty= 1 82.87287139892578 12.475963592529297 261.8990898132324
ch, vs_mean, vl_pi, beta penalty= 1 81.4130630493164 14.050405502319336 301.2601375579834
ch, vs_mean, vl_pi, beta penalty= 1 78.69664764404297 14.052345275878906 301.30863189697266
ch, vs_mean, vl_pi, beta penalty= 1 81.88591003417969 14.048103332519531 301.2025833129883
ch, vs_mean, vl_pi, beta penalty= 1 82.47735595703125 12.79173469543457 269.79336738586426
ch, vs_mean, vl_pi, beta penalty= 1 67.82951354980469 14.039907455444336 300.9976863861084
ch, vs_mean, vl_pi, beta penalty= 1 77.2333755493164 14.040016174316406 301.00040435791016
ch, vs_mean, vl_pi, beta penalty= 1 76.2876205444336 14.032201766967773 300.80504417419434
ch, vs_mean, vl_pi, beta penalty= 1 69.10578155517578 15.205707550048828 330.1426887512207
ch, vs_mean, vl_pi, beta penalty= 1 83.14644622802734 13.305893898010254 282.64734745025635
ch, vs_mean, vl_pi, beta penalty= 1 82.7076187133789 14.030284881591797 300.7571220397949
ch, vs_mean, vl_pi, beta penalty= 1 81.78766632080078 12.941547393798828 273.5386848449707
ch, vs_mean, vl_pi, beta penalty= 1 82.68976593017578 14.018952369689941 300.47380924224854
ch, vs_mean, vl_pi, beta penalty= 1 82.86016845703125 13.418021202087402 285.45053005218506
ch, vs_mean, vl_pi, beta penalty= 1 82.7584457397461 13.346185684204102 283.65464210510254
ch, vs_mean, vl_pi, beta penalty= 1 82.32872009277344 11.374272346496582 234.35680866241455
ch, vs_mean, vl_pi, beta penalty= 1 82.75916290283203 12.533794403076172 263.3448600769043
ch, vs_mean, vl_pi, beta penalty= 1 82.0142593383789 12.675069808959961 266.876745223999
ch, vs_mean, vl_pi, beta penalty= 1 82.67804718017578 14.018950462341309 300.4737615585327
ch, vs_mean, vl_pi, beta penalty= 1 82.02649688720703 14.009807586669922 300.24518966674805
evaluate_num:46 	 evaluate_reward:500.0 	 evaluate_cost:100.70154146733677 	 evaluate_max_cost:1.7029576480989024
ch, vs_mean, vl_pi, beta penalty= 1 78.07188415527344 13.156706809997559 278.91767024993896
ch, vs_mean, vl_pi, beta penalty= 1 82.74786376953125 13.938615798950195 298.4653949737549
ch, vs_mean, vl_pi, beta penalty= 1 83.10955047607422 10.0 200.0
ch, vs_mean, vl_pi, beta penalty= 1 82.61109161376953 12.641374588012695 266.0343647003174
ch, vs_mean, vl_pi, beta penalty= 1 82.77239990234375 10.0 200.0
ch, vs_mean, vl_pi, beta penalty= 1 82.25325775146484 11.235034942626953 230.87587356567383
ch, vs_mean, vl_pi, beta penalty= 1 82.55712890625 13.151174545288086 278.77936363220215
ch, vs_mean, vl_pi, beta penalty= 1 82.6139907836914 14.015433311462402 300.38583278656006
ch, vs_mean, vl_pi, beta penalty= 1 82.92500305175781 13.246766090393066 281.16915225982666
ch, vs_mean, vl_pi, beta penalty= 1 82.87085723876953 12.5247802734375 263.1195068359375
ch, vs_mean, vl_pi, beta penalty= 1 82.68375396728516 12.491628646850586 262.29071617126465
ch, vs_mean, vl_pi, beta penalty= 1 82.53495788574219 10.0 200.0
ch, vs_mean, vl_pi, beta penalty= 1 82.50130462646484 14.011954307556152 300.2988576889038
ch, vs_mean, vl_pi, beta penalty= 1 82.75740814208984 13.419554710388184 285.4888677597046
ch, vs_mean, vl_pi, beta penalty= 1 81.87667846679688 12.859831809997559 271.49579524993896
ch, vs_mean, vl_pi, beta penalty= 1 81.78018188476562 14.010078430175781 300.25196075439453
ch, vs_mean, vl_pi, beta penalty= 1 81.39019012451172 14.009215354919434 300.23038387298584
ch, vs_mean, vl_pi, beta penalty= 1 82.11851501464844 12.693859100341797 267.3464775085449
ch, vs_mean, vl_pi, beta penalty= 1 82.81014251708984 13.489872932434082 287.24682331085205
ch, vs_mean, vl_pi, beta penalty= 1 82.98731994628906 12.870306015014648 271.7576503753662
ch, vs_mean, vl_pi, beta penalty= 1 82.98779296875 12.682238578796387 267.05596446990967
ch, vs_mean, vl_pi, beta penalty= 1 82.41653442382812 11.053319931030273 226.33299827575684
ch, vs_mean, vl_pi, beta penalty= 1 82.85872650146484 12.492440223693848 262.3110055923462
ch, vs_mean, vl_pi, beta penalty= 1 82.8345947265625 12.877446174621582 271.93615436553955
evaluate_num:47 	 evaluate_reward:500.0 	 evaluate_cost:157.054994005659 	 evaluate_max_cost:2.2465805314918064
ch, vs_mean, vl_pi, beta penalty= 1 82.78186798095703 13.136579513549805 278.4144878387451
ch, vs_mean, vl_pi, beta penalty= 1 82.76004791259766 13.565644264221191 289.1411066055298
ch, vs_mean, vl_pi, beta penalty= 1 82.66557312011719 12.670639991760254 266.76599979400635
ch, vs_mean, vl_pi, beta penalty= 1 82.97337341308594 13.445837020874023 286.1459255218506
ch, vs_mean, vl_pi, beta penalty= 1 82.73001861572266 13.434549331665039 285.863733291626
ch, vs_mean, vl_pi, beta penalty= 1 82.73164367675781 11.176263809204102 229.40659523010254
ch, vs_mean, vl_pi, beta penalty= 1 67.74882507324219 13.82356071472168 295.589017868042
ch, vs_mean, vl_pi, beta penalty= 1 82.7360610961914 13.997053146362305 299.9263286590576
ch, vs_mean, vl_pi, beta penalty= 1 78.3878402709961 12.468443870544434 261.71109676361084
ch, vs_mean, vl_pi, beta penalty= 1 82.11795043945312 11.396322250366211 234.90805625915527
ch, vs_mean, vl_pi, beta penalty= 1 82.79735565185547 13.617487907409668 290.4371976852417
ch, vs_mean, vl_pi, beta penalty= 1 79.37873840332031 12.673458099365234 266.83645248413086
ch, vs_mean, vl_pi, beta penalty= 1 82.64153289794922 13.273161888122559 281.82904720306396
ch, vs_mean, vl_pi, beta penalty= 1 80.82023620605469 12.418018341064453 260.4504585266113
ch, vs_mean, vl_pi, beta penalty= 1 82.77330017089844 13.988229751586914 299.70574378967285
ch, vs_mean, vl_pi, beta penalty= 1 81.95819091796875 12.913930892944336 272.8482723236084
ch, vs_mean, vl_pi, beta penalty= 1 82.22927856445312 13.98626708984375 299.65667724609375
ch, vs_mean, vl_pi, beta penalty= 1 52.85097885131836 15.168574333190918 329.21435832977295
ch, vs_mean, vl_pi, beta penalty= 1 80.68510437011719 11.506824493408203 237.67061233520508
ch, vs_mean, vl_pi, beta penalty= 1 82.10401916503906 13.982248306274414 299.55620765686035
ch, vs_mean, vl_pi, beta penalty= 1 78.54159545898438 12.347057342529297 258.6764335632324
ch, vs_mean, vl_pi, beta penalty= 1 82.89500427246094 13.913823127746582 297.84557819366455
ch, vs_mean, vl_pi, beta penalty= 1 81.74325561523438 13.47735595703125 286.93389892578125
ch, vs_mean, vl_pi, beta penalty= 1 82.74385070800781 13.241973876953125 281.0493469238281
evaluate_num:48 	 evaluate_reward:500.0 	 evaluate_cost:316.9628644426659 	 evaluate_max_cost:2.1196513605599265
ch, vs_mean, vl_pi, beta penalty= 1 81.35667419433594 13.968110084533691 299.2027521133423
ch, vs_mean, vl_pi, beta penalty= 1 78.9035873413086 13.343393325805664 283.5848331451416
ch, vs_mean, vl_pi, beta penalty= 1 64.55741119384766 14.765503883361816 319.1375970840454
ch, vs_mean, vl_pi, beta penalty= 1 81.71299743652344 12.060503005981445 251.51257514953613
ch, vs_mean, vl_pi, beta penalty= 1 81.00645446777344 13.914709091186523 297.8677272796631
ch, vs_mean, vl_pi, beta penalty= 1 80.44258117675781 12.873239517211914 271.83098793029785
ch, vs_mean, vl_pi, beta penalty= 1 82.62710571289062 12.269286155700684 256.7321538925171
ch, vs_mean, vl_pi, beta penalty= 1 69.30192565917969 13.517202377319336 287.9300594329834
ch, vs_mean, vl_pi, beta penalty= 1 82.566650390625 13.962637901306152 299.0659475326538
ch, vs_mean, vl_pi, beta penalty= 1 82.55878448486328 12.579122543334961 264.478063583374
ch, vs_mean, vl_pi, beta penalty= 1 80.45569610595703 11.962579727172852 249.0644931793213
ch, vs_mean, vl_pi, beta penalty= 1 82.75357055664062 12.839067459106445 270.97668647766113
ch, vs_mean, vl_pi, beta penalty= 1 81.38170623779297 12.972461700439453 274.3115425109863
ch, vs_mean, vl_pi, beta penalty= 1 77.20858764648438 13.626604080200195 290.6651020050049
ch, vs_mean, vl_pi, beta penalty= 1 82.90460205078125 13.95196533203125 298.79913330078125
ch, vs_mean, vl_pi, beta penalty= 1 79.60871124267578 13.951842308044434 298.79605770111084
ch, vs_mean, vl_pi, beta penalty= 1 68.09149932861328 15.127368927001953 328.1842231750488
ch, vs_mean, vl_pi, beta penalty= 1 82.2436294555664 13.654206275939941 291.35515689849854
ch, vs_mean, vl_pi, beta penalty= 1 68.82952880859375 13.803936004638672 295.0984001159668
ch, vs_mean, vl_pi, beta penalty= 1 81.60731506347656 11.938349723815918 248.45874309539795
ch, vs_mean, vl_pi, beta penalty= 1 82.12757873535156 13.106496810913086 277.66242027282715
ch, vs_mean, vl_pi, beta penalty= 1 83.08773803710938 13.943958282470703 298.5989570617676
ch, vs_mean, vl_pi, beta penalty= 1 82.3938980102539 13.830687522888184 295.7671880722046
ch, vs_mean, vl_pi, beta penalty= 1 83.09140014648438 12.490337371826172 262.2584342956543
ch, vs_mean, vl_pi, beta penalty= 1 80.11947631835938 12.373098373413086 259.32745933532715
evaluate_num:49 	 evaluate_reward:374.3333333333333 	 evaluate_cost:152.4434228295754 	 evaluate_max_cost:12.412585417778097
ch, vs_mean, vl_pi, beta penalty= 1 77.25962829589844 12.562219619750977 264.0554904937744
ch, vs_mean, vl_pi, beta penalty= 1 81.29289245605469 13.703791618347168 292.5947904586792
ch, vs_mean, vl_pi, beta penalty= 1 82.6403579711914 12.779479026794434 269.48697566986084
ch, vs_mean, vl_pi, beta penalty= 1 80.7392807006836 12.726317405700684 268.1579351425171
ch, vs_mean, vl_pi, beta penalty= 1 80.771728515625 11.731130599975586 243.27826499938965
ch, vs_mean, vl_pi, beta penalty= 1 83.10215759277344 13.172998428344727 279.32496070861816
ch, vs_mean, vl_pi, beta penalty= 1 82.07405853271484 13.925101280212402 298.12753200531006
ch, vs_mean, vl_pi, beta penalty= 1 81.42029571533203 13.933287620544434 298.33219051361084
ch, vs_mean, vl_pi, beta penalty= 1 79.17864227294922 13.713939666748047 292.8484916687012
ch, vs_mean, vl_pi, beta penalty= 1 82.21197509765625 13.904094696044922 297.60236740112305
ch, vs_mean, vl_pi, beta penalty= 1 81.3971939086914 12.262964248657227 256.57410621643066
ch, vs_mean, vl_pi, beta penalty= 1 61.87103271484375 14.823639869689941 320.59099674224854
ch, vs_mean, vl_pi, beta penalty= 1 82.65728759765625 13.9161376953125 297.9034423828125
ch, vs_mean, vl_pi, beta penalty= 1 78.169677734375 12.373848915100098 259.34622287750244
ch, vs_mean, vl_pi, beta penalty= 1 68.23808288574219 13.915088653564453 297.8772163391113
ch, vs_mean, vl_pi, beta penalty= 1 81.54945373535156 11.515146255493164 237.8786563873291
ch, vs_mean, vl_pi, beta penalty= 1 76.0616683959961 12.523110389709473 263.0777597427368
ch, vs_mean, vl_pi, beta penalty= 1 78.74822998046875 12.231924057006836 255.7981014251709
ch, vs_mean, vl_pi, beta penalty= 1 75.24728393554688 13.917021751403809 297.9255437850952
ch, vs_mean, vl_pi, beta penalty= 1 82.6054458618164 12.732715606689453 268.3178901672363
ch, vs_mean, vl_pi, beta penalty= 1 82.91348266601562 12.414410591125488 260.3602647781372
ch, vs_mean, vl_pi, beta penalty= 1 82.73037719726562 13.326041221618652 283.1510305404663
ch, vs_mean, vl_pi, beta penalty= 1 82.37284088134766 13.902240753173828 297.5560188293457
ch, vs_mean, vl_pi, beta penalty= 1 81.92467498779297 11.863097190856934 246.57742977142334
evaluate_num:50 	 evaluate_reward:500.0 	 evaluate_cost:157.80994631271116 	 evaluate_max_cost:2.0382054334963224
ch, vs_mean, vl_pi, beta penalty= 1 82.4485855102539 12.331125259399414 258.27813148498535
ch, vs_mean, vl_pi, beta penalty= 1 81.88288116455078 12.899992942810059 272.49982357025146
ch, vs_mean, vl_pi, beta penalty= 1 82.43470764160156 13.907215118408203 297.6803779602051
ch, vs_mean, vl_pi, beta penalty= 1 82.10533142089844 12.743887901306152 268.5971975326538
ch, vs_mean, vl_pi, beta penalty= 1 82.81830596923828 12.133199691772461 253.32999229431152
ch, vs_mean, vl_pi, beta penalty= 1 81.51142883300781 12.133502960205078 253.33757400512695
ch, vs_mean, vl_pi, beta penalty= 1 81.66646575927734 13.181909561157227 279.54773902893066
ch, vs_mean, vl_pi, beta penalty= 1 74.74622344970703 13.902692794799805 297.5673198699951
ch, vs_mean, vl_pi, beta penalty= 1 80.51365661621094 12.37525749206543 259.38143730163574
ch, vs_mean, vl_pi, beta penalty= 1 82.23497009277344 13.750415802001953 293.7603950500488
ch, vs_mean, vl_pi, beta penalty= 1 82.76264953613281 12.713861465454102 267.84653663635254
ch, vs_mean, vl_pi, beta penalty= 1 71.63859558105469 13.316620826721191 282.9155206680298
ch, vs_mean, vl_pi, beta penalty= 1 74.99847412109375 12.854857444763184 271.3714361190796
ch, vs_mean, vl_pi, beta penalty= 1 83.01687622070312 12.008807182312012 250.2201795578003
ch, vs_mean, vl_pi, beta penalty= 1 82.1269760131836 13.893272399902344 297.3318099975586
ch, vs_mean, vl_pi, beta penalty= 1 78.94510650634766 12.883405685424805 272.0851421356201
ch, vs_mean, vl_pi, beta penalty= 1 72.27173614501953 13.149994850158691 278.7498712539673
ch, vs_mean, vl_pi, beta penalty= 1 82.4300308227539 12.726003646850586 268.15009117126465
ch, vs_mean, vl_pi, beta penalty= 1 74.93309020996094 12.899364471435547 272.4841117858887
ch, vs_mean, vl_pi, beta penalty= 1 79.75439453125 13.428411483764648 285.7102870941162
ch, vs_mean, vl_pi, beta penalty= 1 81.48530578613281 12.876443862915039 271.911096572876
ch, vs_mean, vl_pi, beta penalty= 1 82.72894287109375 12.740179061889648 268.5044765472412
ch, vs_mean, vl_pi, beta penalty= 1 75.87736511230469 12.731291770935059 268.28229427337646
ch, vs_mean, vl_pi, beta penalty= 1 82.2306900024414 11.289948463439941 232.24871158599854
