n0050
Sun Sep 20 10:22:59 AM EDT 2026
/home/sm3934/miniconda3/envs/rpcrl_env/bin/python
run= 1 seed= 6 env= HumanoidWithCost
env=HumanoidWithCost
state_dim=376
action_dim=17
max_action=0.4000000059604645
max_episode_steps=1000
------use_orthogonal_init------
------use_orthogonal_init------
------use_orthogonal_init------
------use_orthogonal_init------
evaluate_num:1 	 evaluate_reward:4985.192675512901 	 evaluate_cost:0.03369031301311528 	 evaluate_max_cost:0.0001015852831187658
New best model found! Saving model with reward: 4985.192675512901 and max cost: 0.0001015852831187658
lambda=0.00000, eps=1.00000, pred_cost=1.69797, p_value=0.83237, constraint_value=0.00000, constraint_violation=0.00000
lambda=0.00000, eps=1.00000, pred_cost=2.65752, p_value=0.89717, constraint_value=0.00000, constraint_violation=0.00000
lambda=0.00000, eps=1.00000, pred_cost=3.38024, p_value=0.92673, constraint_value=0.00000, constraint_violation=0.00000
lambda=0.00000, eps=1.00000, pred_cost=4.26840, p_value=0.95592, constraint_value=0.00000, constraint_violation=0.00000
lambda=0.00000, eps=1.00000, pred_cost=4.99190, p_value=0.97050, constraint_value=0.00000, constraint_violation=0.00000
lambda=0.00000, eps=1.00000, pred_cost=5.93753, p_value=0.98271, constraint_value=0.00000, constraint_violation=0.00000
lambda=0.00000, eps=1.00000, pred_cost=6.87928, p_value=0.98685, constraint_value=0.00000, constraint_violation=0.00000
lambda=0.00000, eps=1.00000, pred_cost=7.55114, p_value=0.99089, constraint_value=0.00000, constraint_violation=0.00000
lambda=0.00000, eps=1.00000, pred_cost=8.31887, p_value=0.99425, constraint_value=0.00000, constraint_violation=0.00000
lambda=0.00000, eps=1.00000, pred_cost=8.96422, p_value=0.99556, constraint_value=0.00000, constraint_violation=0.00000
lambda=0.00000, eps=1.00000, pred_cost=9.93932, p_value=0.99728, constraint_value=0.00000, constraint_violation=0.00000
lambda=0.00000, eps=1.00000, pred_cost=10.90866, p_value=0.99789, constraint_value=0.00000, constraint_violation=0.00000
lambda=0.00000, eps=1.00000, pred_cost=11.89792, p_value=0.99799, constraint_value=0.00000, constraint_violation=0.00000
lambda=0.00000, eps=1.00000, pred_cost=13.19328, p_value=0.99872, constraint_value=0.00000, constraint_violation=0.00000
lambda=0.00000, eps=1.00000, pred_cost=14.39581, p_value=0.99910, constraint_value=0.00000, constraint_violation=0.00000
lambda=0.00000, eps=1.00000, pred_cost=15.20749, p_value=0.99912, constraint_value=0.00000, constraint_violation=0.00000
lambda=0.00000, eps=1.00000, pred_cost=16.37109, p_value=0.99928, constraint_value=0.00000, constraint_violation=0.00000
lambda=0.00000, eps=1.00000, pred_cost=17.58168, p_value=0.99942, constraint_value=0.00000, constraint_violation=0.00000
lambda=0.00000, eps=1.00000, pred_cost=18.42367, p_value=0.99944, constraint_value=0.00000, constraint_violation=0.00000
lambda=0.00000, eps=1.00000, pred_cost=19.29406, p_value=0.99949, constraint_value=0.00000, constraint_violation=0.00000
lambda=0.00000, eps=1.00000, pred_cost=20.62043, p_value=0.99940, constraint_value=0.00000, constraint_violation=0.00000
lambda=0.00000, eps=1.00000, pred_cost=22.09877, p_value=0.99955, constraint_value=0.00000, constraint_violation=0.00000
lambda=0.00000, eps=1.00000, pred_cost=23.47283, p_value=0.99959, constraint_value=0.00000, constraint_violation=0.00000
lambda=0.00000, eps=1.00000, pred_cost=24.99530, p_value=0.99961, constraint_value=0.00000, constraint_violation=0.00000
lambda=0.00000, eps=1.00000, pred_cost=25.93373, p_value=0.99964, constraint_value=0.00000, constraint_violation=0.00000
lambda=0.00000, eps=1.00000, pred_cost=27.83628, p_value=0.99963, constraint_value=0.00000, constraint_violation=0.00000
lambda=0.00000, eps=1.00000, pred_cost=29.41679, p_value=0.99966, constraint_value=0.00000, constraint_violation=0.00000
lambda=0.00000, eps=1.00000, pred_cost=30.00552, p_value=0.99972, constraint_value=0.00000, constraint_violation=0.00000
lambda=0.00000, eps=1.00000, pred_cost=31.58824, p_value=0.99974, constraint_value=0.00000, constraint_violation=0.00000
lambda=0.00000, eps=1.00000, pred_cost=33.34312, p_value=0.99974, constraint_value=0.00000, constraint_violation=0.00000
lambda=0.00000, eps=1.00000, pred_cost=34.88597, p_value=0.99973, constraint_value=0.00000, constraint_violation=0.00000
lambda=0.00000, eps=1.00000, pred_cost=36.76647, p_value=0.99973, constraint_value=0.00000, constraint_violation=0.00000
lambda=0.00000, eps=1.00000, pred_cost=39.21746, p_value=0.99976, constraint_value=0.00000, constraint_violation=0.00000
lambda=0.00000, eps=1.00000, pred_cost=41.04159, p_value=0.99973, constraint_value=0.00000, constraint_violation=0.00000
lambda=0.00000, eps=1.00000, pred_cost=43.49258, p_value=0.99974, constraint_value=0.00000, constraint_violation=0.00000
lambda=0.00000, eps=1.00000, pred_cost=46.10592, p_value=0.99976, constraint_value=0.00000, constraint_violation=0.00000
lambda=0.00000, eps=1.00000, pred_cost=48.72947, p_value=0.99975, constraint_value=0.00000, constraint_violation=0.00000
lambda=0.00000, eps=1.00000, pred_cost=50.87487, p_value=0.99977, constraint_value=0.00000, constraint_violation=0.00000
lambda=0.00000, eps=1.00000, pred_cost=54.06973, p_value=0.99979, constraint_value=0.00000, constraint_violation=0.00000
lambda=0.00000, eps=1.00000, pred_cost=56.82312, p_value=0.99978, constraint_value=0.00000, constraint_violation=0.00000
lambda=0.00000, eps=1.00000, pred_cost=59.01301, p_value=0.99976, constraint_value=0.00000, constraint_violation=0.00000
lambda=0.00000, eps=1.00000, pred_cost=62.90700, p_value=0.99972, constraint_value=0.00000, constraint_violation=0.00000
lambda=0.00000, eps=1.00000, pred_cost=64.87726, p_value=0.99978, constraint_value=0.00000, constraint_violation=0.00000
lambda=0.00000, eps=1.00000, pred_cost=69.32644, p_value=0.99978, constraint_value=0.00000, constraint_violation=0.00000
lambda=0.00000, eps=1.00000, pred_cost=71.74807, p_value=0.99976, constraint_value=0.00000, constraint_violation=0.00000
lambda=0.00000, eps=1.00000, pred_cost=76.65349, p_value=0.99979, constraint_value=0.00000, constraint_violation=0.00000
lambda=0.00000, eps=1.00000, pred_cost=80.19833, p_value=0.99980, constraint_value=0.00000, constraint_violation=0.00000
lambda=0.00000, eps=1.00000, pred_cost=84.28717, p_value=0.99981, constraint_value=0.00000, constraint_violation=0.00000
lambda=0.00000, eps=1.00000, pred_cost=91.18807, p_value=0.99980, constraint_value=0.00000, constraint_violation=0.00000
evaluate_num:2 	 evaluate_reward:4957.64744846616 	 evaluate_cost:2.6735391709953547 	 evaluate_max_cost:0.004132414702326059
lambda=0.00000, eps=1.00000, pred_cost=95.22273, p_value=0.99981, constraint_value=0.00000, constraint_violation=0.00000
lambda=0.00000, eps=1.00000, pred_cost=98.60040, p_value=0.99981, constraint_value=0.00000, constraint_violation=0.00000
lambda=0.00000, eps=1.00000, pred_cost=101.62482, p_value=0.99982, constraint_value=0.00000, constraint_violation=0.00000
lambda=0.00000, eps=1.00000, pred_cost=109.21494, p_value=0.99982, constraint_value=0.00000, constraint_violation=0.00000
lambda=0.00000, eps=1.00000, pred_cost=113.14974, p_value=0.99978, constraint_value=0.00000, constraint_violation=0.00000
lambda=0.00000, eps=1.00000, pred_cost=120.64361, p_value=0.99983, constraint_value=0.00000, constraint_violation=0.00000
lambda=0.00000, eps=1.00000, pred_cost=125.83636, p_value=0.99982, constraint_value=0.00000, constraint_violation=0.00000
lambda=0.00000, eps=1.00000, pred_cost=126.26642, p_value=0.99981, constraint_value=0.00000, constraint_violation=0.00000
lambda=0.00000, eps=1.00000, pred_cost=131.45950, p_value=0.99983, constraint_value=0.00000, constraint_violation=0.00000
lambda=0.00000, eps=1.00000, pred_cost=138.14529, p_value=0.99983, constraint_value=0.00000, constraint_violation=0.00000
lambda=0.00000, eps=1.00000, pred_cost=143.06204, p_value=0.99983, constraint_value=0.00000, constraint_violation=0.00000
lambda=0.00000, eps=1.00000, pred_cost=148.47888, p_value=0.99983, constraint_value=0.00000, constraint_violation=0.00000
lambda=0.00000, eps=1.00000, pred_cost=156.83893, p_value=0.99983, constraint_value=0.00000, constraint_violation=0.00000
lambda=0.00000, eps=1.00000, pred_cost=159.61014, p_value=0.99978, constraint_value=0.00000, constraint_violation=0.00000
lambda=0.00000, eps=1.00000, pred_cost=162.42216, p_value=0.99983, constraint_value=0.00000, constraint_violation=0.00000
lambda=0.00000, eps=1.00000, pred_cost=166.27803, p_value=0.99984, constraint_value=0.00000, constraint_violation=0.00000
lambda=0.00000, eps=1.00000, pred_cost=170.72847, p_value=0.99985, constraint_value=0.00000, constraint_violation=0.00000
lambda=0.00000, eps=1.00000, pred_cost=178.35422, p_value=0.99985, constraint_value=0.00000, constraint_violation=0.00000
lambda=0.00000, eps=1.00000, pred_cost=176.06224, p_value=0.99984, constraint_value=0.00000, constraint_violation=0.00000
lambda=0.00000, eps=1.00000, pred_cost=178.89459, p_value=0.99983, constraint_value=0.00000, constraint_violation=0.00000
lambda=0.00000, eps=1.00000, pred_cost=180.69171, p_value=0.99984, constraint_value=0.00000, constraint_violation=0.00000
lambda=0.00000, eps=1.00000, pred_cost=182.40662, p_value=0.99985, constraint_value=0.00000, constraint_violation=0.00000
lambda=0.00000, eps=1.00000, pred_cost=187.08707, p_value=0.99985, constraint_value=0.00000, constraint_violation=0.00000
lambda=0.00000, eps=1.00000, pred_cost=194.35313, p_value=0.99987, constraint_value=0.00000, constraint_violation=0.00000
lambda=0.00000, eps=1.00000, pred_cost=190.43285, p_value=0.99986, constraint_value=0.00000, constraint_violation=0.00000
lambda=0.00000, eps=1.00000, pred_cost=191.70708, p_value=0.99986, constraint_value=0.00000, constraint_violation=0.00000
lambda=0.00000, eps=1.00000, pred_cost=189.70993, p_value=0.99985, constraint_value=0.00000, constraint_violation=0.00000
lambda=0.00000, eps=1.00000, pred_cost=190.58563, p_value=0.99985, constraint_value=0.00000, constraint_violation=0.00000
lambda=0.00000, eps=1.00000, pred_cost=190.37970, p_value=0.99985, constraint_value=0.00000, constraint_violation=0.00000
lambda=0.00000, eps=1.00000, pred_cost=191.61763, p_value=0.99984, constraint_value=0.00000, constraint_violation=0.00000
lambda=0.00000, eps=1.00000, pred_cost=193.15376, p_value=0.99987, constraint_value=0.00000, constraint_violation=0.00000
lambda=0.00000, eps=1.00000, pred_cost=192.74611, p_value=0.99985, constraint_value=0.00000, constraint_violation=0.00000
lambda=0.00000, eps=1.00000, pred_cost=194.67775, p_value=0.99986, constraint_value=0.00000, constraint_violation=0.00000
lambda=0.00000, eps=1.00000, pred_cost=195.36589, p_value=0.99987, constraint_value=0.00000, constraint_violation=0.00000
lambda=0.00000, eps=1.00000, pred_cost=193.56052, p_value=0.99982, constraint_value=0.00000, constraint_violation=0.00000
lambda=0.00000, eps=1.00000, pred_cost=194.33150, p_value=0.99986, constraint_value=0.00000, constraint_violation=0.00000
lambda=0.00000, eps=1.00000, pred_cost=190.41144, p_value=0.99985, constraint_value=0.00000, constraint_violation=0.00000
lambda=0.00000, eps=1.00000, pred_cost=195.74493, p_value=0.99986, constraint_value=0.00000, constraint_violation=0.00000
lambda=0.00000, eps=1.00000, pred_cost=190.19336, p_value=0.99987, constraint_value=0.00000, constraint_violation=0.00000
lambda=0.00000, eps=1.00000, pred_cost=191.86530, p_value=0.99987, constraint_value=0.00000, constraint_violation=0.00000
lambda=0.00000, eps=1.00000, pred_cost=189.39873, p_value=0.99986, constraint_value=0.00000, constraint_violation=0.00000
lambda=0.00000, eps=1.00000, pred_cost=190.44020, p_value=0.99989, constraint_value=0.00000, constraint_violation=0.00000
lambda=0.00000, eps=1.00000, pred_cost=187.87718, p_value=0.99987, constraint_value=0.00000, constraint_violation=0.00000
lambda=0.00000, eps=1.00000, pred_cost=189.57008, p_value=0.99988, constraint_value=0.00000, constraint_violation=0.00000
lambda=0.00000, eps=1.00000, pred_cost=186.31084, p_value=0.99987, constraint_value=0.00000, constraint_violation=0.00000
lambda=0.00000, eps=1.00000, pred_cost=186.85840, p_value=0.99986, constraint_value=0.00000, constraint_violation=0.00000
lambda=0.00000, eps=1.00000, pred_cost=184.78981, p_value=0.99988, constraint_value=0.00000, constraint_violation=0.00000
lambda=0.00000, eps=1.00000, pred_cost=181.26254, p_value=0.99986, constraint_value=0.00000, constraint_violation=0.00000
lambda=0.00000, eps=1.00000, pred_cost=183.33627, p_value=0.99988, constraint_value=0.00000, constraint_violation=0.00000
evaluate_num:3 	 evaluate_reward:4985.237793000204 	 evaluate_cost:2.140142722055316 	 evaluate_max_cost:0.002140142722055316
New best model found! Saving model with reward: 4985.237793000204 and max cost: 0.002140142722055316
lambda=0.00000, eps=1.00000, pred_cost=179.31488, p_value=0.99988, constraint_value=0.00000, constraint_violation=0.00000
lambda=0.00000, eps=1.00000, pred_cost=180.72958, p_value=0.99988, constraint_value=0.00000, constraint_violation=0.00000
lambda=0.00000, eps=1.00000, pred_cost=182.01836, p_value=0.99988, constraint_value=0.00000, constraint_violation=0.00000
lambda=0.00000, eps=1.00000, pred_cost=183.83250, p_value=0.99988, constraint_value=0.00000, constraint_violation=0.00000
lambda=0.00000, eps=1.00000, pred_cost=181.30475, p_value=0.99987, constraint_value=0.00000, constraint_violation=0.00000
lambda=0.00000, eps=1.00000, pred_cost=182.40456, p_value=0.99989, constraint_value=0.00000, constraint_violation=0.00000
lambda=0.00000, eps=1.00000, pred_cost=179.53351, p_value=0.99983, constraint_value=0.00000, constraint_violation=0.00000
lambda=0.00000, eps=1.00000, pred_cost=180.16504, p_value=0.99989, constraint_value=0.00000, constraint_violation=0.00000
lambda=0.00000, eps=1.00000, pred_cost=177.67252, p_value=0.99989, constraint_value=0.00000, constraint_violation=0.00000
lambda=0.00000, eps=1.00000, pred_cost=184.84933, p_value=0.99990, constraint_value=0.00000, constraint_violation=0.00000
lambda=0.00000, eps=1.00000, pred_cost=183.04001, p_value=0.99989, constraint_value=0.00000, constraint_violation=0.00000
lambda=0.00000, eps=1.00000, pred_cost=180.14789, p_value=0.99989, constraint_value=0.00000, constraint_violation=0.00000
lambda=0.00000, eps=1.00000, pred_cost=181.93184, p_value=0.99990, constraint_value=0.00000, constraint_violation=0.00000
lambda=0.00000, eps=1.00000, pred_cost=179.40251, p_value=0.99987, constraint_value=0.00000, constraint_violation=0.00000
lambda=0.00000, eps=1.00000, pred_cost=179.39960, p_value=0.99989, constraint_value=0.00000, constraint_violation=0.00000
lambda=0.00000, eps=1.00000, pred_cost=179.14954, p_value=0.99988, constraint_value=0.00000, constraint_violation=0.00000
lambda=0.00000, eps=1.00000, pred_cost=182.13379, p_value=0.99989, constraint_value=0.00000, constraint_violation=0.00000
lambda=0.00000, eps=1.00000, pred_cost=179.33261, p_value=0.99989, constraint_value=0.00000, constraint_violation=0.00000
lambda=0.00000, eps=1.00000, pred_cost=184.04688, p_value=0.99988, constraint_value=0.00000, constraint_violation=0.00000
lambda=0.00000, eps=1.00000, pred_cost=185.31569, p_value=0.99990, constraint_value=0.00000, constraint_violation=0.00000
lambda=0.00000, eps=1.00000, pred_cost=183.12967, p_value=0.99989, constraint_value=0.00000, constraint_violation=0.00000
lambda=0.00000, eps=1.00000, pred_cost=184.62077, p_value=0.99988, constraint_value=0.00000, constraint_violation=0.00000
lambda=0.00000, eps=1.00000, pred_cost=180.60246, p_value=0.99990, constraint_value=0.00000, constraint_violation=0.00000
lambda=0.00000, eps=1.00000, pred_cost=180.20374, p_value=0.99990, constraint_value=0.00000, constraint_violation=0.00000
lambda=0.00000, eps=1.00000, pred_cost=181.69044, p_value=0.99989, constraint_value=0.00000, constraint_violation=0.00000
lambda=0.00000, eps=1.00000, pred_cost=185.79340, p_value=0.99990, constraint_value=0.00000, constraint_violation=0.00000
lambda=0.00000, eps=1.00000, pred_cost=186.75293, p_value=0.99990, constraint_value=0.00000, constraint_violation=0.00000
lambda=0.00000, eps=1.00000, pred_cost=185.81683, p_value=0.99988, constraint_value=0.00000, constraint_violation=0.00000
lambda=0.00000, eps=1.00000, pred_cost=184.01997, p_value=0.99990, constraint_value=0.00000, constraint_violation=0.00000
lambda=0.00000, eps=1.00000, pred_cost=187.46629, p_value=0.99990, constraint_value=0.00000, constraint_violation=0.00000
lambda=0.00000, eps=1.00000, pred_cost=179.57655, p_value=0.99991, constraint_value=0.00000, constraint_violation=0.00000
lambda=0.00000, eps=1.00000, pred_cost=187.28912, p_value=0.99991, constraint_value=0.00000, constraint_violation=0.00000
lambda=0.00000, eps=1.00000, pred_cost=183.68100, p_value=0.99991, constraint_value=0.00000, constraint_violation=0.00000
lambda=0.00000, eps=1.00000, pred_cost=187.51904, p_value=0.99990, constraint_value=0.00000, constraint_violation=0.00000
lambda=0.00000, eps=1.00000, pred_cost=181.62518, p_value=0.99990, constraint_value=0.00000, constraint_violation=0.00000
lambda=0.00000, eps=1.00000, pred_cost=185.58452, p_value=0.99990, constraint_value=0.00000, constraint_violation=0.00000
lambda=0.00000, eps=1.00000, pred_cost=181.26070, p_value=0.99990, constraint_value=0.00000, constraint_violation=0.00000
lambda=0.00000, eps=1.00000, pred_cost=182.91321, p_value=0.99990, constraint_value=0.00000, constraint_violation=0.00000
lambda=0.00000, eps=1.00000, pred_cost=184.66206, p_value=0.99990, constraint_value=0.00000, constraint_violation=0.00000
lambda=0.00000, eps=1.00000, pred_cost=182.66718, p_value=0.99990, constraint_value=0.00000, constraint_violation=0.00000
lambda=0.00000, eps=1.00000, pred_cost=180.88518, p_value=0.99991, constraint_value=0.00000, constraint_violation=0.00000
lambda=0.00000, eps=1.00000, pred_cost=180.50641, p_value=0.99991, constraint_value=0.00000, constraint_violation=0.00000
lambda=0.00000, eps=1.00000, pred_cost=181.27657, p_value=0.99989, constraint_value=0.00000, constraint_violation=0.00000
lambda=0.00000, eps=1.00000, pred_cost=181.23209, p_value=0.99990, constraint_value=0.00000, constraint_violation=0.00000
lambda=0.00000, eps=1.00000, pred_cost=181.27196, p_value=0.99992, constraint_value=0.00000, constraint_violation=0.00000
lambda=0.00000, eps=1.00000, pred_cost=180.21608, p_value=0.99990, constraint_value=0.00000, constraint_violation=0.00000
lambda=0.00000, eps=1.00000, pred_cost=174.48633, p_value=0.99990, constraint_value=0.00000, constraint_violation=0.00000
lambda=0.00000, eps=1.00000, pred_cost=181.85793, p_value=0.99989, constraint_value=0.00000, constraint_violation=0.00000
evaluate_num:4 	 evaluate_reward:4978.999284656068 	 evaluate_cost:1.4991017524152994 	 evaluate_max_cost:0.0014991017524152994
lambda=0.00000, eps=1.00000, pred_cost=180.11241, p_value=0.99992, constraint_value=0.00851, constraint_violation=-0.99149
lambda=0.00000, eps=1.00000, pred_cost=179.15002, p_value=0.99990, constraint_value=0.01193, constraint_violation=-0.98807
lambda=0.00000, eps=1.00000, pred_cost=175.12547, p_value=0.99992, constraint_value=0.00815, constraint_violation=-0.99185
lambda=0.00000, eps=1.00000, pred_cost=178.21925, p_value=0.99991, constraint_value=0.00992, constraint_violation=-0.99008
lambda=0.00000, eps=1.00000, pred_cost=175.67140, p_value=0.99991, constraint_value=0.00989, constraint_violation=-0.99011
lambda=0.00000, eps=1.00000, pred_cost=176.95860, p_value=0.99991, constraint_value=0.00990, constraint_violation=-0.99010
lambda=0.00000, eps=1.00000, pred_cost=176.72293, p_value=0.99992, constraint_value=0.00816, constraint_violation=-0.99184
lambda=0.00000, eps=1.00000, pred_cost=174.31560, p_value=0.99989, constraint_value=0.01245, constraint_violation=-0.98755
lambda=0.00000, eps=1.00000, pred_cost=175.21547, p_value=0.99993, constraint_value=0.00810, constraint_violation=-0.99190
lambda=0.00000, eps=1.00000, pred_cost=174.60893, p_value=0.99993, constraint_value=0.00818, constraint_violation=-0.99182
lambda=0.00000, eps=1.00000, pred_cost=175.60956, p_value=0.99993, constraint_value=0.00749, constraint_violation=-0.99251
lambda=0.00000, eps=1.00000, pred_cost=174.75211, p_value=0.99993, constraint_value=0.00751, constraint_violation=-0.99249
lambda=0.00000, eps=1.00000, pred_cost=179.04448, p_value=0.99994, constraint_value=0.00646, constraint_violation=-0.99354
lambda=0.00000, eps=1.00000, pred_cost=171.79636, p_value=0.99992, constraint_value=0.00873, constraint_violation=-0.99127
lambda=0.00000, eps=1.00000, pred_cost=172.50307, p_value=0.99993, constraint_value=0.00760, constraint_violation=-0.99240
lambda=0.00000, eps=1.00000, pred_cost=173.52650, p_value=0.99993, constraint_value=0.00758, constraint_violation=-0.99242
lambda=0.00000, eps=1.00000, pred_cost=172.92053, p_value=0.99993, constraint_value=0.00743, constraint_violation=-0.99257
lambda=0.00000, eps=1.00000, pred_cost=172.65729, p_value=0.99992, constraint_value=0.00892, constraint_violation=-0.99108
lambda=0.00000, eps=1.00000, pred_cost=177.12195, p_value=0.99993, constraint_value=0.00813, constraint_violation=-0.99187
lambda=0.00000, eps=1.00000, pred_cost=172.46188, p_value=0.99992, constraint_value=0.00906, constraint_violation=-0.99094
lambda=0.00000, eps=1.00000, pred_cost=174.84045, p_value=0.99991, constraint_value=0.01025, constraint_violation=-0.98975
lambda=0.00000, eps=1.00000, pred_cost=178.49432, p_value=0.99994, constraint_value=0.00698, constraint_violation=-0.99302
lambda=0.00000, eps=1.00000, pred_cost=174.31781, p_value=0.99993, constraint_value=0.00821, constraint_violation=-0.99179
lambda=0.00000, eps=1.00000, pred_cost=173.14594, p_value=0.99991, constraint_value=0.01001, constraint_violation=-0.98999
lambda=0.00000, eps=1.00000, pred_cost=177.05392, p_value=0.99993, constraint_value=0.00851, constraint_violation=-0.99149
lambda=0.00000, eps=1.00000, pred_cost=178.68745, p_value=0.99994, constraint_value=0.00747, constraint_violation=-0.99253
lambda=0.00000, eps=1.00000, pred_cost=174.91634, p_value=0.99993, constraint_value=0.00770, constraint_violation=-0.99230
lambda=0.00000, eps=1.00000, pred_cost=175.00746, p_value=0.99993, constraint_value=0.00844, constraint_violation=-0.99156
lambda=0.00000, eps=1.00000, pred_cost=177.77150, p_value=0.99993, constraint_value=0.00800, constraint_violation=-0.99200
lambda=0.00000, eps=1.00000, pred_cost=181.04810, p_value=0.99994, constraint_value=0.00733, constraint_violation=-0.99267
lambda=0.00000, eps=1.00000, pred_cost=177.77202, p_value=0.99994, constraint_value=0.00693, constraint_violation=-0.99307
lambda=0.00000, eps=1.00000, pred_cost=178.39037, p_value=0.99993, constraint_value=0.00871, constraint_violation=-0.99129
lambda=0.00000, eps=1.00000, pred_cost=178.22258, p_value=0.99993, constraint_value=0.00928, constraint_violation=-0.99072
lambda=0.00000, eps=1.00000, pred_cost=177.47606, p_value=0.99992, constraint_value=0.00972, constraint_violation=-0.99028
lambda=0.00000, eps=1.00000, pred_cost=179.23294, p_value=0.99992, constraint_value=0.00938, constraint_violation=-0.99062
lambda=0.00000, eps=1.00000, pred_cost=178.27560, p_value=0.99992, constraint_value=0.00966, constraint_violation=-0.99034
lambda=0.00000, eps=1.00000, pred_cost=180.20532, p_value=0.99993, constraint_value=0.00906, constraint_violation=-0.99094
lambda=0.00000, eps=1.00000, pred_cost=180.76642, p_value=0.99993, constraint_value=0.00810, constraint_violation=-0.99190
lambda=0.00000, eps=1.00000, pred_cost=181.77391, p_value=0.99994, constraint_value=0.00764, constraint_violation=-0.99236
lambda=0.00000, eps=1.00000, pred_cost=176.91510, p_value=0.99992, constraint_value=0.00988, constraint_violation=-0.99012
lambda=0.00000, eps=1.00000, pred_cost=176.20477, p_value=0.99993, constraint_value=0.00919, constraint_violation=-0.99081
lambda=0.00000, eps=1.00000, pred_cost=176.26938, p_value=0.99991, constraint_value=0.01064, constraint_violation=-0.98936
lambda=0.00000, eps=1.00000, pred_cost=176.04007, p_value=0.99993, constraint_value=0.00815, constraint_violation=-0.99185
lambda=0.00000, eps=1.00000, pred_cost=175.63794, p_value=0.99993, constraint_value=0.00910, constraint_violation=-0.99090
lambda=0.00000, eps=1.00000, pred_cost=175.93221, p_value=0.99993, constraint_value=0.00847, constraint_violation=-0.99153
lambda=0.00000, eps=1.00000, pred_cost=177.94034, p_value=0.99994, constraint_value=0.00762, constraint_violation=-0.99238
lambda=0.00000, eps=1.00000, pred_cost=176.27783, p_value=0.99993, constraint_value=0.00844, constraint_violation=-0.99156
lambda=0.00000, eps=1.00000, pred_cost=179.09288, p_value=0.99994, constraint_value=0.00771, constraint_violation=-0.99229
lambda=0.00000, eps=1.00000, pred_cost=178.61757, p_value=0.99993, constraint_value=0.00808, constraint_violation=-0.99192
evaluate_num:5 	 evaluate_reward:4882.176236070901 	 evaluate_cost:1360.606791859027 	 evaluate_max_cost:2.7200002670288086
lambda=0.00000, eps=1.00000, pred_cost=181.43878, p_value=0.99994, constraint_value=0.00802, constraint_violation=-0.99198
lambda=0.00000, eps=1.00000, pred_cost=178.37079, p_value=0.99994, constraint_value=0.00783, constraint_violation=-0.99217
lambda=0.00000, eps=1.00000, pred_cost=175.18085, p_value=0.99993, constraint_value=0.00859, constraint_violation=-0.99141
lambda=0.00000, eps=1.00000, pred_cost=177.27379, p_value=0.99994, constraint_value=0.00727, constraint_violation=-0.99273
lambda=0.00000, eps=1.00000, pred_cost=174.92838, p_value=0.99994, constraint_value=0.00724, constraint_violation=-0.99276
lambda=0.00000, eps=1.00000, pred_cost=176.20789, p_value=0.99993, constraint_value=0.00843, constraint_violation=-0.99158
lambda=0.00000, eps=1.00000, pred_cost=176.95685, p_value=0.99991, constraint_value=0.01139, constraint_violation=-0.98861
lambda=0.00000, eps=1.00000, pred_cost=174.30490, p_value=0.99993, constraint_value=0.00897, constraint_violation=-0.99103
lambda=0.00000, eps=1.00000, pred_cost=175.39825, p_value=0.99994, constraint_value=0.00686, constraint_violation=-0.99314
lambda=0.00000, eps=1.00000, pred_cost=176.44939, p_value=0.99994, constraint_value=0.00777, constraint_violation=-0.99223
lambda=0.00000, eps=1.00000, pred_cost=173.55354, p_value=0.99993, constraint_value=0.00885, constraint_violation=-0.99115
lambda=0.00000, eps=1.00000, pred_cost=172.27965, p_value=0.99993, constraint_value=0.00901, constraint_violation=-0.99099
lambda=0.00000, eps=1.00000, pred_cost=172.73900, p_value=0.99992, constraint_value=0.00972, constraint_violation=-0.99028
lambda=0.00000, eps=1.00000, pred_cost=173.13918, p_value=0.99992, constraint_value=0.01032, constraint_violation=-0.98968
lambda=0.00000, eps=1.00000, pred_cost=173.12703, p_value=0.99994, constraint_value=0.00766, constraint_violation=-0.99234
lambda=0.00000, eps=1.00000, pred_cost=174.63425, p_value=0.99994, constraint_value=0.00767, constraint_violation=-0.99233
lambda=0.00000, eps=1.00000, pred_cost=173.93381, p_value=0.99994, constraint_value=0.00747, constraint_violation=-0.99253
lambda=0.00000, eps=1.00000, pred_cost=174.59360, p_value=0.99993, constraint_value=0.00867, constraint_violation=-0.99133
lambda=0.00000, eps=1.00000, pred_cost=173.91531, p_value=0.99993, constraint_value=0.00889, constraint_violation=-0.99111
lambda=0.00000, eps=1.00000, pred_cost=175.54282, p_value=0.99994, constraint_value=0.00796, constraint_violation=-0.99204
lambda=0.00000, eps=1.00000, pred_cost=176.30196, p_value=0.99993, constraint_value=0.00887, constraint_violation=-0.99113
lambda=0.00000, eps=1.00000, pred_cost=177.34036, p_value=0.99994, constraint_value=0.00790, constraint_violation=-0.99210
lambda=0.00000, eps=1.00000, pred_cost=177.15898, p_value=0.99994, constraint_value=0.00756, constraint_violation=-0.99244
lambda=0.00000, eps=1.00000, pred_cost=176.64380, p_value=0.99993, constraint_value=0.00956, constraint_violation=-0.99044
lambda=0.00000, eps=1.00000, pred_cost=180.20630, p_value=0.99993, constraint_value=0.00898, constraint_violation=-0.99102
lambda=0.00000, eps=1.00000, pred_cost=178.89465, p_value=0.99994, constraint_value=0.00741, constraint_violation=-0.99259
lambda=0.00000, eps=1.00000, pred_cost=178.31003, p_value=0.99994, constraint_value=0.00825, constraint_violation=-0.99175
lambda=0.00000, eps=1.00000, pred_cost=180.34882, p_value=0.99994, constraint_value=0.00805, constraint_violation=-0.99195
lambda=0.00000, eps=1.00000, pred_cost=177.63843, p_value=0.99993, constraint_value=0.00901, constraint_violation=-0.99099
lambda=0.00000, eps=1.00000, pred_cost=176.27766, p_value=0.99992, constraint_value=0.01065, constraint_violation=-0.98935
lambda=0.00000, eps=1.00000, pred_cost=176.42007, p_value=0.99993, constraint_value=0.00963, constraint_violation=-0.99037
lambda=0.00000, eps=1.00000, pred_cost=177.28839, p_value=0.99995, constraint_value=0.00697, constraint_violation=-0.99303
lambda=0.00000, eps=1.00000, pred_cost=176.69144, p_value=0.99994, constraint_value=0.00841, constraint_violation=-0.99159
lambda=0.00000, eps=1.00000, pred_cost=178.34769, p_value=0.99993, constraint_value=0.00988, constraint_violation=-0.99012
lambda=0.00000, eps=1.00000, pred_cost=177.53961, p_value=0.99991, constraint_value=0.01167, constraint_violation=-0.98833
lambda=0.00000, eps=1.00000, pred_cost=175.85942, p_value=0.99994, constraint_value=0.00783, constraint_violation=-0.99217
lambda=0.00000, eps=1.00000, pred_cost=176.76187, p_value=0.99993, constraint_value=0.00921, constraint_violation=-0.99079
lambda=0.00000, eps=1.00000, pred_cost=176.80649, p_value=0.99993, constraint_value=0.00996, constraint_violation=-0.99004
lambda=0.00000, eps=1.00000, pred_cost=177.37483, p_value=0.99993, constraint_value=0.01005, constraint_violation=-0.98995
lambda=0.00000, eps=1.00000, pred_cost=177.95435, p_value=0.99994, constraint_value=0.00801, constraint_violation=-0.99199
lambda=0.00000, eps=1.00000, pred_cost=176.69696, p_value=0.99992, constraint_value=0.01191, constraint_violation=-0.98809
lambda=0.00000, eps=1.00000, pred_cost=177.99020, p_value=0.99993, constraint_value=0.00938, constraint_violation=-0.99062
lambda=0.00000, eps=1.00000, pred_cost=178.02998, p_value=0.99994, constraint_value=0.00823, constraint_violation=-0.99177
lambda=0.00000, eps=1.00000, pred_cost=177.42188, p_value=0.99993, constraint_value=0.01035, constraint_violation=-0.98965
lambda=0.00000, eps=1.00000, pred_cost=179.24101, p_value=0.99995, constraint_value=0.00761, constraint_violation=-0.99239
lambda=0.00000, eps=1.00000, pred_cost=177.78761, p_value=0.99993, constraint_value=0.01019, constraint_violation=-0.98981
lambda=0.00000, eps=1.00000, pred_cost=178.93190, p_value=0.99994, constraint_value=0.00851, constraint_violation=-0.99149
lambda=0.00000, eps=1.00000, pred_cost=178.21143, p_value=0.99995, constraint_value=0.00763, constraint_violation=-0.99237
lambda=0.00000, eps=1.00000, pred_cost=180.20941, p_value=0.99992, constraint_value=0.01087, constraint_violation=-0.98913
evaluate_num:6 	 evaluate_reward:4871.443818179574 	 evaluate_cost:1360.5208023218438 	 evaluate_max_cost:2.7200002670288086
lambda=0.00000, eps=1.00000, pred_cost=177.87033, p_value=0.99994, constraint_value=0.00869, constraint_violation=-0.99131
lambda=0.00000, eps=1.00000, pred_cost=176.59706, p_value=0.99994, constraint_value=0.00928, constraint_violation=-0.99072
lambda=0.00000, eps=1.00000, pred_cost=177.39648, p_value=0.99993, constraint_value=0.01040, constraint_violation=-0.98960
lambda=0.00000, eps=1.00000, pred_cost=178.01950, p_value=0.99994, constraint_value=0.00870, constraint_violation=-0.99130
lambda=0.00000, eps=1.00000, pred_cost=175.94630, p_value=0.99993, constraint_value=0.01019, constraint_violation=-0.98981
lambda=0.00000, eps=1.00000, pred_cost=175.41151, p_value=0.99993, constraint_value=0.00989, constraint_violation=-0.99011
lambda=0.00000, eps=1.00000, pred_cost=174.63670, p_value=0.99992, constraint_value=0.01055, constraint_violation=-0.98945
lambda=0.00000, eps=1.00000, pred_cost=175.26936, p_value=0.99994, constraint_value=0.00888, constraint_violation=-0.99112
lambda=0.00000, eps=1.00000, pred_cost=173.18605, p_value=0.99994, constraint_value=0.00866, constraint_violation=-0.99134
lambda=0.00000, eps=1.00000, pred_cost=173.98895, p_value=0.99993, constraint_value=0.00999, constraint_violation=-0.99001
lambda=0.00000, eps=1.00000, pred_cost=174.38513, p_value=0.99994, constraint_value=0.00887, constraint_violation=-0.99113
lambda=0.00000, eps=1.00000, pred_cost=173.91579, p_value=0.99994, constraint_value=0.00882, constraint_violation=-0.99118
lambda=0.00000, eps=1.00000, pred_cost=174.02173, p_value=0.99994, constraint_value=0.00829, constraint_violation=-0.99171
lambda=0.00000, eps=1.00000, pred_cost=173.08575, p_value=0.99994, constraint_value=0.00848, constraint_violation=-0.99152
lambda=0.00000, eps=1.00000, pred_cost=174.70016, p_value=0.99994, constraint_value=0.00812, constraint_violation=-0.99188
lambda=0.00000, eps=1.00000, pred_cost=173.80768, p_value=0.99994, constraint_value=0.00832, constraint_violation=-0.99168
lambda=0.00000, eps=1.00000, pred_cost=174.11906, p_value=0.99994, constraint_value=0.00921, constraint_violation=-0.99079
lambda=0.00000, eps=1.00000, pred_cost=174.92773, p_value=0.99993, constraint_value=0.00940, constraint_violation=-0.99060
lambda=0.00000, eps=1.00000, pred_cost=175.64633, p_value=0.99992, constraint_value=0.01170, constraint_violation=-0.98830
lambda=0.00000, eps=1.00000, pred_cost=175.43210, p_value=0.99993, constraint_value=0.01050, constraint_violation=-0.98950
lambda=0.00000, eps=1.00000, pred_cost=174.26054, p_value=0.99993, constraint_value=0.01016, constraint_violation=-0.98984
lambda=0.00000, eps=1.00000, pred_cost=175.35507, p_value=0.99994, constraint_value=0.00951, constraint_violation=-0.99049
lambda=0.00000, eps=1.00000, pred_cost=176.80832, p_value=0.99995, constraint_value=0.00737, constraint_violation=-0.99263
lambda=0.00000, eps=1.00000, pred_cost=179.11858, p_value=0.99994, constraint_value=0.00948, constraint_violation=-0.99052
lambda=0.00000, eps=1.00000, pred_cost=177.05197, p_value=0.99993, constraint_value=0.00958, constraint_violation=-0.99042
lambda=0.00000, eps=1.00000, pred_cost=176.08020, p_value=0.99994, constraint_value=0.00892, constraint_violation=-0.99108
lambda=0.00000, eps=1.00000, pred_cost=178.14143, p_value=0.99993, constraint_value=0.00962, constraint_violation=-0.99038
lambda=0.00000, eps=1.00000, pred_cost=177.42004, p_value=0.99994, constraint_value=0.00948, constraint_violation=-0.99052
lambda=0.00000, eps=1.00000, pred_cost=175.54480, p_value=0.99993, constraint_value=0.01020, constraint_violation=-0.98980
lambda=0.00000, eps=1.00000, pred_cost=176.30331, p_value=0.99995, constraint_value=0.00761, constraint_violation=-0.99239
lambda=0.00000, eps=1.00000, pred_cost=176.81697, p_value=0.99994, constraint_value=0.00972, constraint_violation=-0.99028
lambda=0.00000, eps=1.00000, pred_cost=177.71011, p_value=0.99994, constraint_value=0.00872, constraint_violation=-0.99128
lambda=0.00000, eps=1.00000, pred_cost=176.99155, p_value=0.99995, constraint_value=0.00779, constraint_violation=-0.99221
lambda=0.00000, eps=1.00000, pred_cost=174.76459, p_value=0.99995, constraint_value=0.00772, constraint_violation=-0.99228
lambda=0.00000, eps=1.00000, pred_cost=177.06743, p_value=0.99995, constraint_value=0.00798, constraint_violation=-0.99202
lambda=0.00000, eps=1.00000, pred_cost=175.47211, p_value=0.99993, constraint_value=0.01022, constraint_violation=-0.98978
lambda=0.00000, eps=1.00000, pred_cost=176.57967, p_value=0.99994, constraint_value=0.00912, constraint_violation=-0.99088
lambda=0.00000, eps=1.00000, pred_cost=175.63373, p_value=0.99994, constraint_value=0.00909, constraint_violation=-0.99091
lambda=0.00000, eps=1.00000, pred_cost=174.45920, p_value=0.99994, constraint_value=0.00849, constraint_violation=-0.99151
lambda=0.00000, eps=1.00000, pred_cost=176.73631, p_value=0.99994, constraint_value=0.00914, constraint_violation=-0.99086
lambda=0.00000, eps=1.00000, pred_cost=176.44662, p_value=0.99995, constraint_value=0.00782, constraint_violation=-0.99218
lambda=0.00000, eps=1.00000, pred_cost=175.51004, p_value=0.99995, constraint_value=0.00819, constraint_violation=-0.99181
lambda=0.00000, eps=1.00000, pred_cost=177.80304, p_value=0.99994, constraint_value=0.00900, constraint_violation=-0.99100
lambda=0.00000, eps=1.00000, pred_cost=177.17130, p_value=0.99995, constraint_value=0.00696, constraint_violation=-0.99304
lambda=0.00000, eps=1.00000, pred_cost=175.55884, p_value=0.99996, constraint_value=0.00640, constraint_violation=-0.99360
lambda=0.00000, eps=1.00000, pred_cost=175.92747, p_value=0.99996, constraint_value=0.00674, constraint_violation=-0.99326
lambda=0.00000, eps=1.00000, pred_cost=177.26680, p_value=0.99994, constraint_value=0.00941, constraint_violation=-0.99059
lambda=0.00000, eps=1.00000, pred_cost=176.78578, p_value=0.99994, constraint_value=0.00969, constraint_violation=-0.99031
lambda=0.00000, eps=1.00000, pred_cost=175.19547, p_value=0.99994, constraint_value=0.00886, constraint_violation=-0.99114
evaluate_num:7 	 evaluate_reward:4869.0313977846445 	 evaluate_cost:1361.69441731181 	 evaluate_max_cost:2.7200002670288086
lambda=0.00000, eps=1.00000, pred_cost=178.26906, p_value=0.99995, constraint_value=0.00730, constraint_violation=-0.99270
lambda=0.00000, eps=1.00000, pred_cost=177.11407, p_value=0.99994, constraint_value=0.00960, constraint_violation=-0.99040
lambda=0.00000, eps=1.00000, pred_cost=174.44089, p_value=0.99994, constraint_value=0.00979, constraint_violation=-0.99021
lambda=0.00000, eps=1.00000, pred_cost=177.25748, p_value=0.99994, constraint_value=0.00873, constraint_violation=-0.99127
lambda=0.00000, eps=1.00000, pred_cost=176.63023, p_value=0.99996, constraint_value=0.00669, constraint_violation=-0.99331
lambda=0.00000, eps=1.00000, pred_cost=178.76021, p_value=0.99995, constraint_value=0.00794, constraint_violation=-0.99206
lambda=0.00000, eps=1.00000, pred_cost=177.45334, p_value=0.99996, constraint_value=0.00620, constraint_violation=-0.99380
lambda=0.00000, eps=1.00000, pred_cost=176.88690, p_value=0.99995, constraint_value=0.00701, constraint_violation=-0.99299
lambda=0.00000, eps=1.00000, pred_cost=176.71085, p_value=0.99995, constraint_value=0.00856, constraint_violation=-0.99144
lambda=0.00000, eps=1.00000, pred_cost=176.29364, p_value=0.99995, constraint_value=0.00720, constraint_violation=-0.99280
lambda=0.00000, eps=1.00000, pred_cost=176.41560, p_value=0.99996, constraint_value=0.00631, constraint_violation=-0.99369
lambda=0.00000, eps=1.00000, pred_cost=178.49220, p_value=0.99996, constraint_value=0.00647, constraint_violation=-0.99353
lambda=0.00000, eps=1.00000, pred_cost=179.93234, p_value=0.99996, constraint_value=0.00684, constraint_violation=-0.99316
lambda=0.00000, eps=1.00000, pred_cost=180.27733, p_value=0.99995, constraint_value=0.00740, constraint_violation=-0.99260
lambda=0.00000, eps=1.00000, pred_cost=179.60423, p_value=0.99995, constraint_value=0.00718, constraint_violation=-0.99282
lambda=0.00000, eps=1.00000, pred_cost=178.77670, p_value=0.99995, constraint_value=0.00755, constraint_violation=-0.99245
lambda=0.00000, eps=1.00000, pred_cost=180.64893, p_value=0.99995, constraint_value=0.00828, constraint_violation=-0.99172
lambda=0.00000, eps=1.00000, pred_cost=180.65228, p_value=0.99995, constraint_value=0.00744, constraint_violation=-0.99256
lambda=0.00000, eps=1.00000, pred_cost=179.16954, p_value=0.99994, constraint_value=0.00929, constraint_violation=-0.99071
lambda=0.00000, eps=1.00000, pred_cost=179.16147, p_value=0.99995, constraint_value=0.00766, constraint_violation=-0.99234
lambda=0.00000, eps=1.00000, pred_cost=181.26030, p_value=0.99995, constraint_value=0.00857, constraint_violation=-0.99143
lambda=0.00000, eps=1.00000, pred_cost=180.13530, p_value=0.99993, constraint_value=0.01060, constraint_violation=-0.98940
lambda=0.00000, eps=1.00000, pred_cost=180.63159, p_value=0.99995, constraint_value=0.00818, constraint_violation=-0.99182
lambda=0.00000, eps=1.00000, pred_cost=181.39247, p_value=0.99995, constraint_value=0.00824, constraint_violation=-0.99176
lambda=0.00000, eps=1.00000, pred_cost=181.06857, p_value=0.99995, constraint_value=0.00795, constraint_violation=-0.99205
lambda=0.00000, eps=1.00000, pred_cost=180.64532, p_value=0.99996, constraint_value=0.00708, constraint_violation=-0.99292
lambda=0.00000, eps=1.00000, pred_cost=179.80074, p_value=0.99996, constraint_value=0.00706, constraint_violation=-0.99294
lambda=0.00000, eps=1.00000, pred_cost=181.35220, p_value=0.99997, constraint_value=0.00557, constraint_violation=-0.99443
lambda=0.00000, eps=1.00000, pred_cost=181.03357, p_value=0.99996, constraint_value=0.00692, constraint_violation=-0.99308
lambda=0.00000, eps=1.00000, pred_cost=177.91721, p_value=0.99996, constraint_value=0.00665, constraint_violation=-0.99335
lambda=0.00000, eps=1.00000, pred_cost=177.53119, p_value=0.99995, constraint_value=0.00769, constraint_violation=-0.99231
lambda=0.00000, eps=1.00000, pred_cost=177.14449, p_value=0.99995, constraint_value=0.00773, constraint_violation=-0.99227
lambda=0.00000, eps=1.00000, pred_cost=178.60461, p_value=0.99996, constraint_value=0.00642, constraint_violation=-0.99358
lambda=0.00000, eps=1.00000, pred_cost=176.23453, p_value=0.99996, constraint_value=0.00661, constraint_violation=-0.99339
lambda=0.00000, eps=1.00000, pred_cost=179.88397, p_value=0.99996, constraint_value=0.00598, constraint_violation=-0.99402
lambda=0.00000, eps=1.00000, pred_cost=179.19565, p_value=0.99994, constraint_value=0.00892, constraint_violation=-0.99108
lambda=0.00000, eps=1.00000, pred_cost=179.20770, p_value=0.99995, constraint_value=0.00806, constraint_violation=-0.99194
lambda=0.00000, eps=1.00000, pred_cost=181.76328, p_value=0.99994, constraint_value=0.00936, constraint_violation=-0.99064
lambda=0.00000, eps=1.00000, pred_cost=178.82137, p_value=0.99995, constraint_value=0.00824, constraint_violation=-0.99176
lambda=0.00000, eps=1.00000, pred_cost=180.03514, p_value=0.99994, constraint_value=0.00994, constraint_violation=-0.99006
lambda=0.00000, eps=1.00000, pred_cost=177.52347, p_value=0.99996, constraint_value=0.00684, constraint_violation=-0.99316
lambda=0.00000, eps=1.00000, pred_cost=179.06535, p_value=0.99996, constraint_value=0.00607, constraint_violation=-0.99393
lambda=0.00000, eps=1.00000, pred_cost=181.03508, p_value=0.99995, constraint_value=0.00758, constraint_violation=-0.99242
lambda=0.00000, eps=1.00000, pred_cost=179.35414, p_value=0.99996, constraint_value=0.00683, constraint_violation=-0.99317
lambda=0.00000, eps=1.00000, pred_cost=181.07906, p_value=0.99996, constraint_value=0.00568, constraint_violation=-0.99432
lambda=0.00000, eps=1.00000, pred_cost=180.50145, p_value=0.99997, constraint_value=0.00521, constraint_violation=-0.99479
lambda=0.00000, eps=1.00000, pred_cost=179.44444, p_value=0.99996, constraint_value=0.00635, constraint_violation=-0.99365
lambda=0.00000, eps=1.00000, pred_cost=179.87906, p_value=0.99995, constraint_value=0.00760, constraint_violation=-0.99240
lambda=0.00000, eps=1.00000, pred_cost=182.16623, p_value=0.99996, constraint_value=0.00672, constraint_violation=-0.99328
evaluate_num:8 	 evaluate_reward:4866.779743179669 	 evaluate_cost:1362.1828323230147 	 evaluate_max_cost:2.7200002670288086
lambda=0.00000, eps=1.00000, pred_cost=183.30435, p_value=0.99996, constraint_value=0.00673, constraint_violation=-0.99327
lambda=0.00000, eps=1.00000, pred_cost=181.96315, p_value=0.99996, constraint_value=0.00679, constraint_violation=-0.99321
lambda=0.00000, eps=1.00000, pred_cost=182.05568, p_value=0.99996, constraint_value=0.00589, constraint_violation=-0.99411
lambda=0.00000, eps=1.00000, pred_cost=182.42822, p_value=0.99996, constraint_value=0.00734, constraint_violation=-0.99266
lambda=0.00000, eps=1.00000, pred_cost=181.82243, p_value=0.99995, constraint_value=0.00834, constraint_violation=-0.99166
lambda=0.00000, eps=1.00000, pred_cost=182.80420, p_value=0.99996, constraint_value=0.00675, constraint_violation=-0.99325
lambda=0.00000, eps=1.00000, pred_cost=183.90746, p_value=0.99996, constraint_value=0.00640, constraint_violation=-0.99360
lambda=0.00000, eps=1.00000, pred_cost=182.04066, p_value=0.99997, constraint_value=0.00504, constraint_violation=-0.99496
lambda=0.00000, eps=1.00000, pred_cost=182.51045, p_value=0.99996, constraint_value=0.00636, constraint_violation=-0.99364
lambda=0.00000, eps=1.00000, pred_cost=180.34335, p_value=0.99997, constraint_value=0.00536, constraint_violation=-0.99464
lambda=0.00000, eps=1.00000, pred_cost=183.21078, p_value=0.99996, constraint_value=0.00635, constraint_violation=-0.99365
lambda=0.00000, eps=1.00000, pred_cost=181.74997, p_value=0.99997, constraint_value=0.00575, constraint_violation=-0.99425
lambda=0.00000, eps=1.00000, pred_cost=182.75259, p_value=0.99995, constraint_value=0.00873, constraint_violation=-0.99127
lambda=0.00000, eps=1.00000, pred_cost=181.34169, p_value=0.99996, constraint_value=0.00640, constraint_violation=-0.99360
lambda=0.00000, eps=1.00000, pred_cost=182.72011, p_value=0.99996, constraint_value=0.00633, constraint_violation=-0.99367
lambda=0.00000, eps=1.00000, pred_cost=181.36667, p_value=0.99997, constraint_value=0.00572, constraint_violation=-0.99428
lambda=0.00000, eps=1.00000, pred_cost=179.13582, p_value=0.99995, constraint_value=0.00762, constraint_violation=-0.99238
lambda=0.00000, eps=1.00000, pred_cost=179.29182, p_value=0.99996, constraint_value=0.00665, constraint_violation=-0.99335
lambda=0.00000, eps=1.00000, pred_cost=179.92908, p_value=0.99997, constraint_value=0.00561, constraint_violation=-0.99439
lambda=0.00000, eps=1.00000, pred_cost=179.38966, p_value=0.99997, constraint_value=0.00514, constraint_violation=-0.99486
lambda=0.00000, eps=1.00000, pred_cost=178.79825, p_value=0.99997, constraint_value=0.00547, constraint_violation=-0.99453
lambda=0.00000, eps=1.00000, pred_cost=178.82310, p_value=0.99997, constraint_value=0.00559, constraint_violation=-0.99441
lambda=0.00000, eps=1.00000, pred_cost=177.52582, p_value=0.99995, constraint_value=0.00820, constraint_violation=-0.99180
lambda=0.00000, eps=1.00000, pred_cost=179.63852, p_value=0.99997, constraint_value=0.00456, constraint_violation=-0.99544
lambda=0.00000, eps=1.00000, pred_cost=182.93240, p_value=0.99997, constraint_value=0.00573, constraint_violation=-0.99427
lambda=0.00000, eps=1.00000, pred_cost=180.92998, p_value=0.99996, constraint_value=0.00747, constraint_violation=-0.99253
lambda=0.00000, eps=1.00000, pred_cost=181.12172, p_value=0.99997, constraint_value=0.00526, constraint_violation=-0.99474
lambda=0.00000, eps=1.00000, pred_cost=181.19434, p_value=0.99996, constraint_value=0.00601, constraint_violation=-0.99399
lambda=0.00000, eps=1.00000, pred_cost=180.23744, p_value=0.99997, constraint_value=0.00466, constraint_violation=-0.99534
lambda=0.00000, eps=1.00000, pred_cost=180.92456, p_value=0.99997, constraint_value=0.00470, constraint_violation=-0.99530
lambda=0.00000, eps=1.00000, pred_cost=181.75220, p_value=0.99997, constraint_value=0.00550, constraint_violation=-0.99450
lambda=0.00000, eps=1.00000, pred_cost=179.47725, p_value=0.99996, constraint_value=0.00583, constraint_violation=-0.99417
lambda=0.00000, eps=1.00000, pred_cost=182.23369, p_value=0.99996, constraint_value=0.00688, constraint_violation=-0.99312
lambda=0.00000, eps=1.00000, pred_cost=179.00058, p_value=0.99996, constraint_value=0.00607, constraint_violation=-0.99393
lambda=0.00000, eps=1.00000, pred_cost=183.53519, p_value=0.99997, constraint_value=0.00496, constraint_violation=-0.99504
lambda=0.00000, eps=1.00000, pred_cost=181.82695, p_value=0.99997, constraint_value=0.00546, constraint_violation=-0.99454
lambda=0.00000, eps=1.00000, pred_cost=182.05324, p_value=0.99997, constraint_value=0.00514, constraint_violation=-0.99486
lambda=0.00000, eps=1.00000, pred_cost=179.11647, p_value=0.99997, constraint_value=0.00443, constraint_violation=-0.99557
lambda=0.00000, eps=1.00000, pred_cost=184.12997, p_value=0.99997, constraint_value=0.00466, constraint_violation=-0.99534
lambda=0.00000, eps=1.00000, pred_cost=181.68253, p_value=0.99997, constraint_value=0.00574, constraint_violation=-0.99426
lambda=0.00000, eps=1.00000, pred_cost=183.52164, p_value=0.99997, constraint_value=0.00519, constraint_violation=-0.99481
lambda=0.00000, eps=1.00000, pred_cost=182.89932, p_value=0.99996, constraint_value=0.00729, constraint_violation=-0.99271
lambda=0.00000, eps=1.00000, pred_cost=182.60141, p_value=0.99997, constraint_value=0.00555, constraint_violation=-0.99445
lambda=0.00000, eps=1.00000, pred_cost=183.86952, p_value=0.99997, constraint_value=0.00487, constraint_violation=-0.99513
lambda=0.00000, eps=1.00000, pred_cost=181.36357, p_value=0.99997, constraint_value=0.00483, constraint_violation=-0.99517
lambda=0.00000, eps=1.00000, pred_cost=183.38126, p_value=0.99997, constraint_value=0.00528, constraint_violation=-0.99472
lambda=0.00000, eps=1.00000, pred_cost=183.12675, p_value=0.99997, constraint_value=0.00504, constraint_violation=-0.99496
lambda=0.00000, eps=1.00000, pred_cost=180.37247, p_value=0.99998, constraint_value=0.00405, constraint_violation=-0.99595
lambda=0.00000, eps=1.00000, pred_cost=176.70911, p_value=0.99997, constraint_value=0.00472, constraint_violation=-0.99528
evaluate_num:9 	 evaluate_reward:4870.450270697665 	 evaluate_cost:1361.365292686969 	 evaluate_max_cost:2.7200002670288086
lambda=0.00000, eps=1.00000, pred_cost=180.48047, p_value=0.99997, constraint_value=0.00575, constraint_violation=-0.99425
lambda=0.00000, eps=1.00000, pred_cost=183.09105, p_value=0.99997, constraint_value=0.00528, constraint_violation=-0.99472
lambda=0.00000, eps=1.00000, pred_cost=183.15881, p_value=0.99998, constraint_value=0.00393, constraint_violation=-0.99607
lambda=0.00000, eps=1.00000, pred_cost=183.65401, p_value=0.99997, constraint_value=0.00518, constraint_violation=-0.99482
lambda=0.00000, eps=1.00000, pred_cost=180.43179, p_value=0.99997, constraint_value=0.00587, constraint_violation=-0.99413
lambda=0.00000, eps=1.00000, pred_cost=182.47095, p_value=0.99997, constraint_value=0.00451, constraint_violation=-0.99549
lambda=0.00000, eps=1.00000, pred_cost=181.61247, p_value=0.99997, constraint_value=0.00489, constraint_violation=-0.99511
lambda=0.00000, eps=1.00000, pred_cost=181.65186, p_value=0.99997, constraint_value=0.00516, constraint_violation=-0.99484
lambda=0.00000, eps=1.00000, pred_cost=181.76271, p_value=0.99997, constraint_value=0.00497, constraint_violation=-0.99503
lambda=0.00000, eps=1.00000, pred_cost=182.82222, p_value=0.99997, constraint_value=0.00586, constraint_violation=-0.99414
lambda=0.00000, eps=1.00000, pred_cost=181.96678, p_value=0.99997, constraint_value=0.00474, constraint_violation=-0.99526
lambda=0.00000, eps=1.00000, pred_cost=181.90533, p_value=0.99997, constraint_value=0.00466, constraint_violation=-0.99534
lambda=0.00000, eps=1.00000, pred_cost=182.64929, p_value=0.99997, constraint_value=0.00442, constraint_violation=-0.99558
lambda=0.00000, eps=1.00000, pred_cost=181.69406, p_value=0.99996, constraint_value=0.00685, constraint_violation=-0.99315
lambda=0.00000, eps=1.00000, pred_cost=178.33339, p_value=0.99997, constraint_value=0.00548, constraint_violation=-0.99452
lambda=0.00000, eps=1.00000, pred_cost=184.08357, p_value=0.99997, constraint_value=0.00518, constraint_violation=-0.99482
lambda=0.00000, eps=1.00000, pred_cost=183.09537, p_value=0.99998, constraint_value=0.00423, constraint_violation=-0.99577
lambda=0.00000, eps=1.00000, pred_cost=183.14772, p_value=0.99997, constraint_value=0.00509, constraint_violation=-0.99491
lambda=0.00000, eps=1.00000, pred_cost=187.27623, p_value=0.99997, constraint_value=0.00508, constraint_violation=-0.99492
lambda=0.00000, eps=1.00000, pred_cost=188.32297, p_value=0.99998, constraint_value=0.00346, constraint_violation=-0.99654
lambda=0.00000, eps=1.00000, pred_cost=188.48727, p_value=0.99998, constraint_value=0.00408, constraint_violation=-0.99592
lambda=0.00000, eps=1.00000, pred_cost=186.51942, p_value=0.99998, constraint_value=0.00371, constraint_violation=-0.99629
lambda=0.00000, eps=1.00000, pred_cost=187.67603, p_value=0.99997, constraint_value=0.00465, constraint_violation=-0.99535
lambda=0.00000, eps=1.00000, pred_cost=188.26228, p_value=0.99998, constraint_value=0.00422, constraint_violation=-0.99578
lambda=0.00000, eps=1.00000, pred_cost=186.37022, p_value=0.99998, constraint_value=0.00301, constraint_violation=-0.99699
lambda=0.00000, eps=1.00000, pred_cost=190.65538, p_value=0.99997, constraint_value=0.00446, constraint_violation=-0.99554
lambda=0.00000, eps=1.00000, pred_cost=192.60349, p_value=0.99998, constraint_value=0.00428, constraint_violation=-0.99572
lambda=0.00000, eps=1.00000, pred_cost=191.66232, p_value=0.99998, constraint_value=0.00439, constraint_violation=-0.99561
lambda=0.00000, eps=1.00000, pred_cost=190.61238, p_value=0.99998, constraint_value=0.00368, constraint_violation=-0.99632
lambda=0.00000, eps=1.00000, pred_cost=191.43454, p_value=0.99998, constraint_value=0.00332, constraint_violation=-0.99668
lambda=0.00000, eps=1.00000, pred_cost=191.45453, p_value=0.99998, constraint_value=0.00427, constraint_violation=-0.99573
lambda=0.00000, eps=1.00000, pred_cost=189.75771, p_value=0.99997, constraint_value=0.00474, constraint_violation=-0.99526
lambda=0.00000, eps=1.00000, pred_cost=188.74513, p_value=0.99998, constraint_value=0.00406, constraint_violation=-0.99594
lambda=0.00000, eps=1.00000, pred_cost=188.67450, p_value=0.99997, constraint_value=0.00591, constraint_violation=-0.99409
lambda=0.00000, eps=1.00000, pred_cost=187.66946, p_value=0.99998, constraint_value=0.00360, constraint_violation=-0.99640
lambda=0.00000, eps=1.00000, pred_cost=186.75774, p_value=0.99997, constraint_value=0.00507, constraint_violation=-0.99493
lambda=0.00000, eps=1.00000, pred_cost=187.61984, p_value=0.99997, constraint_value=0.00595, constraint_violation=-0.99405
lambda=0.00000, eps=1.00000, pred_cost=183.48434, p_value=0.99998, constraint_value=0.00391, constraint_violation=-0.99609
lambda=0.00000, eps=1.00000, pred_cost=184.66415, p_value=0.99997, constraint_value=0.00482, constraint_violation=-0.99518
lambda=0.00000, eps=1.00000, pred_cost=185.15654, p_value=0.99998, constraint_value=0.00372, constraint_violation=-0.99628
lambda=0.00000, eps=1.00000, pred_cost=187.04860, p_value=0.99998, constraint_value=0.00390, constraint_violation=-0.99610
lambda=0.00000, eps=1.00000, pred_cost=188.21654, p_value=0.99998, constraint_value=0.00422, constraint_violation=-0.99578
lambda=0.00000, eps=1.00000, pred_cost=185.92119, p_value=0.99997, constraint_value=0.00495, constraint_violation=-0.99505
lambda=0.00000, eps=1.00000, pred_cost=184.97015, p_value=0.99997, constraint_value=0.00546, constraint_violation=-0.99454
lambda=0.00000, eps=1.00000, pred_cost=185.29909, p_value=0.99998, constraint_value=0.00377, constraint_violation=-0.99623
lambda=0.00000, eps=1.00000, pred_cost=187.98544, p_value=0.99997, constraint_value=0.00446, constraint_violation=-0.99554
lambda=0.00000, eps=1.00000, pred_cost=188.72359, p_value=0.99997, constraint_value=0.00491, constraint_violation=-0.99509
lambda=0.00000, eps=1.00000, pred_cost=188.59460, p_value=0.99998, constraint_value=0.00350, constraint_violation=-0.99650
evaluate_num:10 	 evaluate_reward:4879.974327124656 	 evaluate_cost:1364.2510497011244 	 evaluate_max_cost:2.7200002670288086
lambda=0.00000, eps=1.00000, pred_cost=187.71481, p_value=0.99998, constraint_value=0.00381, constraint_violation=-0.99619
lambda=0.00000, eps=1.00000, pred_cost=188.61319, p_value=0.99998, constraint_value=0.00395, constraint_violation=-0.99605
lambda=0.00000, eps=1.00000, pred_cost=188.43965, p_value=0.99997, constraint_value=0.00473, constraint_violation=-0.99527
lambda=0.00000, eps=1.00000, pred_cost=188.68280, p_value=0.99998, constraint_value=0.00382, constraint_violation=-0.99618
lambda=0.00000, eps=1.00000, pred_cost=188.29114, p_value=0.99998, constraint_value=0.00336, constraint_violation=-0.99664
lambda=0.00000, eps=1.00000, pred_cost=188.47784, p_value=0.99998, constraint_value=0.00368, constraint_violation=-0.99632
lambda=0.00000, eps=1.00000, pred_cost=187.22585, p_value=0.99998, constraint_value=0.00372, constraint_violation=-0.99628
lambda=0.00000, eps=1.00000, pred_cost=185.51939, p_value=0.99998, constraint_value=0.00337, constraint_violation=-0.99663
lambda=0.00000, eps=1.00000, pred_cost=187.02251, p_value=0.99998, constraint_value=0.00339, constraint_violation=-0.99661
lambda=0.00000, eps=1.00000, pred_cost=186.07187, p_value=0.99998, constraint_value=0.00331, constraint_violation=-0.99669
lambda=0.00000, eps=1.00000, pred_cost=185.23245, p_value=0.99998, constraint_value=0.00325, constraint_violation=-0.99675
lambda=0.00000, eps=1.00000, pred_cost=185.82388, p_value=0.99998, constraint_value=0.00320, constraint_violation=-0.99680
lambda=0.00000, eps=1.00000, pred_cost=184.31271, p_value=0.99998, constraint_value=0.00415, constraint_violation=-0.99585
lambda=0.00000, eps=1.00000, pred_cost=184.02179, p_value=0.99997, constraint_value=0.00518, constraint_violation=-0.99482
lambda=0.00000, eps=1.00000, pred_cost=186.08560, p_value=0.99997, constraint_value=0.00439, constraint_violation=-0.99561
lambda=0.00000, eps=1.00000, pred_cost=187.91873, p_value=0.99998, constraint_value=0.00342, constraint_violation=-0.99658
lambda=0.00000, eps=1.00000, pred_cost=189.88086, p_value=0.99997, constraint_value=0.00482, constraint_violation=-0.99518
lambda=0.00000, eps=1.00000, pred_cost=190.11113, p_value=0.99998, constraint_value=0.00391, constraint_violation=-0.99609
lambda=0.00000, eps=1.00000, pred_cost=189.67545, p_value=0.99998, constraint_value=0.00351, constraint_violation=-0.99649
lambda=0.00000, eps=1.00000, pred_cost=188.93169, p_value=0.99998, constraint_value=0.00431, constraint_violation=-0.99569
lambda=0.00000, eps=1.00000, pred_cost=193.53069, p_value=0.99998, constraint_value=0.00342, constraint_violation=-0.99658
lambda=0.00000, eps=1.00000, pred_cost=191.73889, p_value=0.99998, constraint_value=0.00318, constraint_violation=-0.99682
lambda=0.00000, eps=1.00000, pred_cost=191.88101, p_value=0.99998, constraint_value=0.00415, constraint_violation=-0.99585
lambda=0.00000, eps=1.00000, pred_cost=192.55978, p_value=0.99998, constraint_value=0.00297, constraint_violation=-0.99703
lambda=0.00000, eps=1.00000, pred_cost=191.47690, p_value=0.99998, constraint_value=0.00336, constraint_violation=-0.99664
lambda=0.00000, eps=1.00000, pred_cost=191.92586, p_value=0.99998, constraint_value=0.00393, constraint_violation=-0.99607
lambda=0.00000, eps=1.00000, pred_cost=189.87303, p_value=0.99998, constraint_value=0.00303, constraint_violation=-0.99697
lambda=0.00000, eps=1.00000, pred_cost=191.44553, p_value=0.99997, constraint_value=0.00464, constraint_violation=-0.99536
lambda=0.00000, eps=1.00000, pred_cost=189.59579, p_value=0.99998, constraint_value=0.00401, constraint_violation=-0.99599
lambda=0.00000, eps=1.00000, pred_cost=186.80029, p_value=0.99998, constraint_value=0.00395, constraint_violation=-0.99605
lambda=0.00000, eps=1.00000, pred_cost=188.63319, p_value=0.99998, constraint_value=0.00404, constraint_violation=-0.99596
lambda=0.00000, eps=1.00000, pred_cost=189.96466, p_value=0.99998, constraint_value=0.00400, constraint_violation=-0.99600
lambda=0.00000, eps=1.00000, pred_cost=190.43298, p_value=0.99998, constraint_value=0.00368, constraint_violation=-0.99632
lambda=0.00000, eps=1.00000, pred_cost=191.55792, p_value=0.99998, constraint_value=0.00300, constraint_violation=-0.99700
lambda=0.00000, eps=1.00000, pred_cost=190.07101, p_value=0.99998, constraint_value=0.00347, constraint_violation=-0.99653
lambda=0.00000, eps=1.00000, pred_cost=191.46339, p_value=0.99998, constraint_value=0.00434, constraint_violation=-0.99566
lambda=0.00000, eps=1.00000, pred_cost=193.75288, p_value=0.99997, constraint_value=0.00483, constraint_violation=-0.99517
lambda=0.00000, eps=1.00000, pred_cost=195.77075, p_value=0.99998, constraint_value=0.00363, constraint_violation=-0.99637
lambda=0.00000, eps=1.00000, pred_cost=193.75287, p_value=0.99998, constraint_value=0.00350, constraint_violation=-0.99650
lambda=0.00000, eps=1.00000, pred_cost=194.01340, p_value=0.99998, constraint_value=0.00293, constraint_violation=-0.99707
lambda=0.00000, eps=1.00000, pred_cost=193.09425, p_value=0.99998, constraint_value=0.00407, constraint_violation=-0.99593
lambda=0.00000, eps=1.00000, pred_cost=192.68219, p_value=0.99998, constraint_value=0.00377, constraint_violation=-0.99623
lambda=0.00000, eps=1.00000, pred_cost=194.10664, p_value=0.99997, constraint_value=0.00548, constraint_violation=-0.99452
lambda=0.00000, eps=1.00000, pred_cost=192.75436, p_value=0.99998, constraint_value=0.00427, constraint_violation=-0.99573
lambda=0.00000, eps=1.00000, pred_cost=194.32950, p_value=0.99998, constraint_value=0.00328, constraint_violation=-0.99672
lambda=0.00000, eps=1.00000, pred_cost=192.07974, p_value=0.99998, constraint_value=0.00403, constraint_violation=-0.99597
lambda=0.00000, eps=1.00000, pred_cost=193.07579, p_value=0.99998, constraint_value=0.00411, constraint_violation=-0.99589
lambda=0.00000, eps=1.00000, pred_cost=189.50609, p_value=0.99998, constraint_value=0.00315, constraint_violation=-0.99685
lambda=0.00000, eps=1.00000, pred_cost=193.91029, p_value=0.99998, constraint_value=0.00337, constraint_violation=-0.99663
evaluate_num:11 	 evaluate_reward:4863.79116807845 	 evaluate_cost:1363.8926525600255 	 evaluate_max_cost:2.7200002670288086
lambda=0.00000, eps=1.00000, pred_cost=193.54094, p_value=0.99998, constraint_value=0.00341, constraint_violation=-0.99659
lambda=0.00000, eps=1.00000, pred_cost=192.23318, p_value=0.99998, constraint_value=0.00353, constraint_violation=-0.99647
lambda=0.00000, eps=1.00000, pred_cost=193.58505, p_value=0.99998, constraint_value=0.00409, constraint_violation=-0.99591
lambda=0.00000, eps=1.00000, pred_cost=195.87910, p_value=0.99998, constraint_value=0.00363, constraint_violation=-0.99637
lambda=0.00000, eps=1.00000, pred_cost=194.65201, p_value=0.99998, constraint_value=0.00384, constraint_violation=-0.99616
lambda=0.00000, eps=1.00000, pred_cost=196.29187, p_value=0.99998, constraint_value=0.00346, constraint_violation=-0.99654
lambda=0.00000, eps=1.00000, pred_cost=195.10168, p_value=0.99998, constraint_value=0.00402, constraint_violation=-0.99598
lambda=0.00000, eps=1.00000, pred_cost=195.72652, p_value=0.99998, constraint_value=0.00423, constraint_violation=-0.99577
lambda=0.00000, eps=1.00000, pred_cost=190.35950, p_value=0.99998, constraint_value=0.00384, constraint_violation=-0.99616
lambda=0.00000, eps=1.00000, pred_cost=193.02676, p_value=0.99998, constraint_value=0.00343, constraint_violation=-0.99657
lambda=0.00000, eps=1.00000, pred_cost=191.24953, p_value=0.99998, constraint_value=0.00338, constraint_violation=-0.99662
lambda=0.00000, eps=1.00000, pred_cost=195.93385, p_value=0.99998, constraint_value=0.00297, constraint_violation=-0.99703
lambda=0.00000, eps=1.00000, pred_cost=193.56425, p_value=0.99997, constraint_value=0.00473, constraint_violation=-0.99527
lambda=0.00000, eps=1.00000, pred_cost=196.51372, p_value=0.99998, constraint_value=0.00281, constraint_violation=-0.99719
lambda=0.00000, eps=1.00000, pred_cost=196.24210, p_value=0.99998, constraint_value=0.00450, constraint_violation=-0.99550
lambda=0.00000, eps=1.00000, pred_cost=195.64682, p_value=0.99999, constraint_value=0.00257, constraint_violation=-0.99743
lambda=0.00000, eps=1.00000, pred_cost=195.16130, p_value=0.99998, constraint_value=0.00344, constraint_violation=-0.99656
lambda=0.00000, eps=1.00000, pred_cost=194.74185, p_value=0.99998, constraint_value=0.00342, constraint_violation=-0.99658
lambda=0.00000, eps=1.00000, pred_cost=193.81119, p_value=0.99998, constraint_value=0.00341, constraint_violation=-0.99659
lambda=0.00000, eps=1.00000, pred_cost=195.44760, p_value=0.99998, constraint_value=0.00332, constraint_violation=-0.99668
lambda=0.00000, eps=1.00000, pred_cost=195.96866, p_value=0.99998, constraint_value=0.00338, constraint_violation=-0.99662
lambda=0.00000, eps=1.00000, pred_cost=195.54416, p_value=0.99998, constraint_value=0.00434, constraint_violation=-0.99566
lambda=0.00000, eps=1.00000, pred_cost=196.08519, p_value=0.99998, constraint_value=0.00338, constraint_violation=-0.99662
lambda=0.00000, eps=1.00000, pred_cost=196.05057, p_value=0.99998, constraint_value=0.00410, constraint_violation=-0.99590
lambda=0.00000, eps=1.00000, pred_cost=199.14977, p_value=0.99999, constraint_value=0.00278, constraint_violation=-0.99722
lambda=0.00000, eps=1.00000, pred_cost=197.74207, p_value=0.99998, constraint_value=0.00360, constraint_violation=-0.99640
lambda=0.00000, eps=1.00000, pred_cost=198.06631, p_value=0.99998, constraint_value=0.00300, constraint_violation=-0.99700
lambda=0.00000, eps=1.00000, pred_cost=199.95352, p_value=0.99998, constraint_value=0.00360, constraint_violation=-0.99640
lambda=0.00000, eps=1.00000, pred_cost=200.09476, p_value=0.99999, constraint_value=0.00230, constraint_violation=-0.99770
lambda=0.00000, eps=1.00000, pred_cost=199.57561, p_value=0.99998, constraint_value=0.00387, constraint_violation=-0.99613
lambda=0.00000, eps=1.00000, pred_cost=197.96112, p_value=0.99998, constraint_value=0.00336, constraint_violation=-0.99664
lambda=0.00000, eps=1.00000, pred_cost=195.81856, p_value=0.99998, constraint_value=0.00292, constraint_violation=-0.99708
lambda=0.00000, eps=1.00000, pred_cost=197.59737, p_value=0.99998, constraint_value=0.00420, constraint_violation=-0.99580
lambda=0.00000, eps=1.00000, pred_cost=195.80350, p_value=0.99998, constraint_value=0.00292, constraint_violation=-0.99708
lambda=0.00000, eps=1.00000, pred_cost=198.22670, p_value=0.99998, constraint_value=0.00309, constraint_violation=-0.99691
lambda=0.00000, eps=1.00000, pred_cost=195.86186, p_value=0.99999, constraint_value=0.00276, constraint_violation=-0.99724
lambda=0.00000, eps=1.00000, pred_cost=193.38803, p_value=0.99998, constraint_value=0.00455, constraint_violation=-0.99545
lambda=0.00000, eps=1.00000, pred_cost=197.33835, p_value=0.99998, constraint_value=0.00353, constraint_violation=-0.99647
lambda=0.00000, eps=1.00000, pred_cost=195.76636, p_value=0.99998, constraint_value=0.00416, constraint_violation=-0.99584
lambda=0.00000, eps=1.00000, pred_cost=197.37727, p_value=0.99999, constraint_value=0.00278, constraint_violation=-0.99722
lambda=0.00000, eps=1.00000, pred_cost=195.41028, p_value=0.99998, constraint_value=0.00311, constraint_violation=-0.99689
lambda=0.00000, eps=1.00000, pred_cost=195.89453, p_value=0.99998, constraint_value=0.00465, constraint_violation=-0.99535
lambda=0.00000, eps=1.00000, pred_cost=193.72160, p_value=0.99998, constraint_value=0.00438, constraint_violation=-0.99562
lambda=0.00000, eps=1.00000, pred_cost=196.56339, p_value=0.99998, constraint_value=0.00365, constraint_violation=-0.99635
lambda=0.00000, eps=1.00000, pred_cost=198.43747, p_value=0.99998, constraint_value=0.00292, constraint_violation=-0.99708
lambda=0.00000, eps=1.00000, pred_cost=198.95305, p_value=0.99998, constraint_value=0.00303, constraint_violation=-0.99697
lambda=0.00000, eps=1.00000, pred_cost=199.16801, p_value=0.99999, constraint_value=0.00285, constraint_violation=-0.99715
lambda=0.00000, eps=1.00000, pred_cost=198.85417, p_value=0.99999, constraint_value=0.00269, constraint_violation=-0.99731
lambda=0.00000, eps=1.00000, pred_cost=197.03329, p_value=0.99999, constraint_value=0.00263, constraint_violation=-0.99737
evaluate_num:12 	 evaluate_reward:4882.092430006876 	 evaluate_cost:1368.7523324042559 	 evaluate_max_cost:2.7200002670288086
lambda=0.00000, eps=1.00000, pred_cost=192.74321, p_value=0.99998, constraint_value=0.00283, constraint_violation=-0.99717
lambda=0.00000, eps=1.00000, pred_cost=199.34323, p_value=0.99999, constraint_value=0.00253, constraint_violation=-0.99747
lambda=0.00000, eps=1.00000, pred_cost=196.81567, p_value=0.99998, constraint_value=0.00314, constraint_violation=-0.99686
lambda=0.00000, eps=1.00000, pred_cost=197.34187, p_value=0.99998, constraint_value=0.00297, constraint_violation=-0.99703
lambda=0.00000, eps=1.00000, pred_cost=200.85638, p_value=0.99998, constraint_value=0.00454, constraint_violation=-0.99546
lambda=0.00000, eps=1.00000, pred_cost=202.12155, p_value=0.99999, constraint_value=0.00266, constraint_violation=-0.99734
lambda=0.00000, eps=1.00000, pred_cost=198.76279, p_value=0.99999, constraint_value=0.00282, constraint_violation=-0.99718
lambda=0.00000, eps=1.00000, pred_cost=199.15723, p_value=0.99999, constraint_value=0.00231, constraint_violation=-0.99769
lambda=0.00000, eps=1.00000, pred_cost=200.94580, p_value=0.99998, constraint_value=0.00318, constraint_violation=-0.99682
lambda=0.00000, eps=1.00000, pred_cost=202.77682, p_value=0.99999, constraint_value=0.00234, constraint_violation=-0.99766
lambda=0.00000, eps=1.00000, pred_cost=201.35931, p_value=0.99999, constraint_value=0.00242, constraint_violation=-0.99758
lambda=0.00000, eps=1.00000, pred_cost=199.57312, p_value=0.99999, constraint_value=0.00259, constraint_violation=-0.99741
lambda=0.00000, eps=1.00000, pred_cost=198.70859, p_value=0.99998, constraint_value=0.00319, constraint_violation=-0.99681
lambda=0.00000, eps=1.00000, pred_cost=199.20071, p_value=0.99999, constraint_value=0.00277, constraint_violation=-0.99723
lambda=0.00000, eps=1.00000, pred_cost=194.98781, p_value=0.99998, constraint_value=0.00371, constraint_violation=-0.99629
lambda=0.00000, eps=1.00000, pred_cost=199.85219, p_value=0.99999, constraint_value=0.00228, constraint_violation=-0.99772
lambda=0.00000, eps=1.00000, pred_cost=201.12225, p_value=0.99998, constraint_value=0.00289, constraint_violation=-0.99711
lambda=0.00000, eps=1.00000, pred_cost=197.92226, p_value=0.99998, constraint_value=0.00299, constraint_violation=-0.99701
lambda=0.00000, eps=1.00000, pred_cost=200.31833, p_value=0.99999, constraint_value=0.00224, constraint_violation=-0.99776
lambda=0.00000, eps=1.00000, pred_cost=199.29474, p_value=0.99998, constraint_value=0.00309, constraint_violation=-0.99691
lambda=0.00000, eps=1.00000, pred_cost=201.16278, p_value=0.99999, constraint_value=0.00279, constraint_violation=-0.99721
lambda=0.00000, eps=1.00000, pred_cost=198.21217, p_value=0.99998, constraint_value=0.00306, constraint_violation=-0.99694
lambda=0.00000, eps=1.00000, pred_cost=196.74762, p_value=0.99999, constraint_value=0.00220, constraint_violation=-0.99780
lambda=0.00000, eps=1.00000, pred_cost=197.33841, p_value=0.99999, constraint_value=0.00274, constraint_violation=-0.99726
lambda=0.00000, eps=1.00000, pred_cost=197.31712, p_value=0.99999, constraint_value=0.00264, constraint_violation=-0.99736
lambda=0.00000, eps=1.00000, pred_cost=198.67026, p_value=0.99998, constraint_value=0.00404, constraint_violation=-0.99596
lambda=0.00000, eps=1.00000, pred_cost=196.96771, p_value=0.99999, constraint_value=0.00273, constraint_violation=-0.99727
lambda=0.00000, eps=1.00000, pred_cost=199.33519, p_value=0.99999, constraint_value=0.00275, constraint_violation=-0.99725
lambda=0.00000, eps=1.00000, pred_cost=199.42784, p_value=0.99998, constraint_value=0.00335, constraint_violation=-0.99665
lambda=0.00000, eps=1.00000, pred_cost=198.10617, p_value=0.99998, constraint_value=0.00308, constraint_violation=-0.99692
lambda=0.00000, eps=1.00000, pred_cost=198.41138, p_value=0.99999, constraint_value=0.00245, constraint_violation=-0.99755
lambda=0.00000, eps=1.00000, pred_cost=200.65475, p_value=0.99999, constraint_value=0.00242, constraint_violation=-0.99758
lambda=0.00000, eps=1.00000, pred_cost=197.34242, p_value=0.99999, constraint_value=0.00221, constraint_violation=-0.99779
lambda=0.00000, eps=1.00000, pred_cost=200.10088, p_value=0.99999, constraint_value=0.00238, constraint_violation=-0.99762
lambda=0.00000, eps=1.00000, pred_cost=201.49028, p_value=0.99999, constraint_value=0.00196, constraint_violation=-0.99804
lambda=0.00000, eps=1.00000, pred_cost=203.37515, p_value=0.99999, constraint_value=0.00240, constraint_violation=-0.99760
lambda=0.00000, eps=1.00000, pred_cost=201.71480, p_value=0.99999, constraint_value=0.00223, constraint_violation=-0.99777
lambda=0.00000, eps=1.00000, pred_cost=201.46320, p_value=0.99999, constraint_value=0.00264, constraint_violation=-0.99736
lambda=0.00000, eps=1.00000, pred_cost=201.31796, p_value=0.99999, constraint_value=0.00225, constraint_violation=-0.99775
lambda=0.00000, eps=1.00000, pred_cost=202.81363, p_value=0.99999, constraint_value=0.00207, constraint_violation=-0.99793
lambda=0.00000, eps=1.00000, pred_cost=203.35536, p_value=0.99999, constraint_value=0.00204, constraint_violation=-0.99796
lambda=0.00000, eps=1.00000, pred_cost=201.97925, p_value=0.99999, constraint_value=0.00233, constraint_violation=-0.99767
lambda=0.00000, eps=1.00000, pred_cost=203.47282, p_value=0.99999, constraint_value=0.00195, constraint_violation=-0.99805
lambda=0.00000, eps=1.00000, pred_cost=202.51180, p_value=0.99999, constraint_value=0.00257, constraint_violation=-0.99743
lambda=0.00000, eps=1.00000, pred_cost=203.99490, p_value=0.99999, constraint_value=0.00189, constraint_violation=-0.99811
lambda=0.00000, eps=1.00000, pred_cost=201.77773, p_value=0.99999, constraint_value=0.00185, constraint_violation=-0.99815
lambda=0.00000, eps=1.00000, pred_cost=203.13115, p_value=0.99999, constraint_value=0.00287, constraint_violation=-0.99713
lambda=0.00000, eps=1.00000, pred_cost=202.50166, p_value=0.99999, constraint_value=0.00250, constraint_violation=-0.99750
lambda=0.00000, eps=1.00000, pred_cost=201.80190, p_value=0.99999, constraint_value=0.00178, constraint_violation=-0.99822
evaluate_num:13 	 evaluate_reward:4881.959186242561 	 evaluate_cost:1375.1064371317625 	 evaluate_max_cost:2.7200002670288086
lambda=0.00000, eps=1.00000, pred_cost=203.85104, p_value=0.99999, constraint_value=0.00225, constraint_violation=-0.99775
lambda=0.00000, eps=1.00000, pred_cost=202.94139, p_value=0.99999, constraint_value=0.00229, constraint_violation=-0.99771
lambda=0.00000, eps=1.00000, pred_cost=203.20340, p_value=0.99999, constraint_value=0.00223, constraint_violation=-0.99777
lambda=0.00000, eps=1.00000, pred_cost=204.45337, p_value=0.99999, constraint_value=0.00216, constraint_violation=-0.99784
lambda=0.00000, eps=1.00000, pred_cost=204.74884, p_value=0.99999, constraint_value=0.00210, constraint_violation=-0.99790
lambda=0.00000, eps=1.00000, pred_cost=207.35106, p_value=0.99999, constraint_value=0.00232, constraint_violation=-0.99768
lambda=0.00000, eps=1.00000, pred_cost=205.04477, p_value=0.99999, constraint_value=0.00223, constraint_violation=-0.99777
lambda=0.00000, eps=1.00000, pred_cost=204.75911, p_value=0.99999, constraint_value=0.00212, constraint_violation=-0.99788
lambda=0.00000, eps=1.00000, pred_cost=207.81259, p_value=0.99999, constraint_value=0.00256, constraint_violation=-0.99744
lambda=0.00000, eps=1.00000, pred_cost=207.80222, p_value=0.99999, constraint_value=0.00202, constraint_violation=-0.99798
lambda=0.00000, eps=1.00000, pred_cost=207.49706, p_value=0.99999, constraint_value=0.00170, constraint_violation=-0.99830
lambda=0.00000, eps=1.00000, pred_cost=208.25261, p_value=0.99999, constraint_value=0.00193, constraint_violation=-0.99807
lambda=0.00000, eps=1.00000, pred_cost=208.03821, p_value=0.99999, constraint_value=0.00250, constraint_violation=-0.99750
lambda=0.00000, eps=1.00000, pred_cost=207.79626, p_value=0.99999, constraint_value=0.00260, constraint_violation=-0.99740
lambda=0.00000, eps=1.00000, pred_cost=208.81216, p_value=0.99999, constraint_value=0.00201, constraint_violation=-0.99799
lambda=0.00000, eps=1.00000, pred_cost=206.55110, p_value=0.99999, constraint_value=0.00194, constraint_violation=-0.99806
lambda=0.00000, eps=1.00000, pred_cost=208.03899, p_value=0.99999, constraint_value=0.00202, constraint_violation=-0.99798
lambda=0.00000, eps=1.00000, pred_cost=207.47453, p_value=0.99999, constraint_value=0.00231, constraint_violation=-0.99769
lambda=0.00000, eps=1.00000, pred_cost=206.83156, p_value=0.99999, constraint_value=0.00279, constraint_violation=-0.99721
lambda=0.00000, eps=1.00000, pred_cost=207.87979, p_value=0.99999, constraint_value=0.00182, constraint_violation=-0.99818
lambda=0.00000, eps=1.00000, pred_cost=208.89903, p_value=0.99999, constraint_value=0.00195, constraint_violation=-0.99805
lambda=0.00000, eps=1.00000, pred_cost=211.55766, p_value=0.99999, constraint_value=0.00173, constraint_violation=-0.99827
lambda=0.00000, eps=1.00000, pred_cost=211.84442, p_value=0.99999, constraint_value=0.00228, constraint_violation=-0.99772
lambda=0.00000, eps=1.00000, pred_cost=208.56897, p_value=0.99999, constraint_value=0.00187, constraint_violation=-0.99813
lambda=0.00000, eps=1.00000, pred_cost=208.25061, p_value=0.99999, constraint_value=0.00178, constraint_violation=-0.99822
lambda=0.00000, eps=1.00000, pred_cost=210.29662, p_value=0.99999, constraint_value=0.00184, constraint_violation=-0.99816
lambda=0.00000, eps=1.00000, pred_cost=209.70245, p_value=0.99999, constraint_value=0.00234, constraint_violation=-0.99766
lambda=0.00000, eps=1.00000, pred_cost=211.98459, p_value=0.99999, constraint_value=0.00177, constraint_violation=-0.99823
lambda=0.00000, eps=1.00000, pred_cost=212.25517, p_value=0.99999, constraint_value=0.00199, constraint_violation=-0.99801
lambda=0.00000, eps=1.00000, pred_cost=210.85553, p_value=0.99999, constraint_value=0.00280, constraint_violation=-0.99720
lambda=0.00000, eps=1.00000, pred_cost=207.44147, p_value=0.99999, constraint_value=0.00190, constraint_violation=-0.99810
lambda=0.00000, eps=1.00000, pred_cost=208.84515, p_value=0.99999, constraint_value=0.00193, constraint_violation=-0.99807
lambda=0.00000, eps=1.00000, pred_cost=212.66530, p_value=0.99998, constraint_value=0.00370, constraint_violation=-0.99630
lambda=0.00000, eps=1.00000, pred_cost=210.25816, p_value=0.99999, constraint_value=0.00222, constraint_violation=-0.99778
lambda=0.00000, eps=1.00000, pred_cost=212.66618, p_value=0.99999, constraint_value=0.00279, constraint_violation=-0.99721
lambda=0.00000, eps=1.00000, pred_cost=212.96445, p_value=0.99999, constraint_value=0.00202, constraint_violation=-0.99798
lambda=0.00000, eps=1.00000, pred_cost=212.85815, p_value=0.99999, constraint_value=0.00194, constraint_violation=-0.99806
lambda=0.00000, eps=1.00000, pred_cost=211.48315, p_value=0.99999, constraint_value=0.00174, constraint_violation=-0.99826
lambda=0.00000, eps=1.00000, pred_cost=208.38580, p_value=0.99999, constraint_value=0.00171, constraint_violation=-0.99829
lambda=0.00000, eps=1.00000, pred_cost=209.67026, p_value=0.99999, constraint_value=0.00236, constraint_violation=-0.99764
lambda=0.00000, eps=1.00000, pred_cost=207.76219, p_value=0.99999, constraint_value=0.00237, constraint_violation=-0.99763
lambda=0.00000, eps=1.00000, pred_cost=211.03058, p_value=0.99999, constraint_value=0.00194, constraint_violation=-0.99806
lambda=0.00000, eps=1.00000, pred_cost=212.32935, p_value=0.99999, constraint_value=0.00187, constraint_violation=-0.99813
lambda=0.00000, eps=1.00000, pred_cost=211.38110, p_value=0.99999, constraint_value=0.00222, constraint_violation=-0.99778
lambda=0.00000, eps=1.00000, pred_cost=213.36533, p_value=0.99999, constraint_value=0.00186, constraint_violation=-0.99814
lambda=0.00000, eps=1.00000, pred_cost=209.62599, p_value=0.99999, constraint_value=0.00166, constraint_violation=-0.99834
lambda=0.00000, eps=1.00000, pred_cost=210.40697, p_value=0.99999, constraint_value=0.00181, constraint_violation=-0.99819
lambda=0.00000, eps=1.00000, pred_cost=213.31708, p_value=0.99999, constraint_value=0.00227, constraint_violation=-0.99773
lambda=0.00000, eps=1.00000, pred_cost=212.48260, p_value=0.99999, constraint_value=0.00166, constraint_violation=-0.99834
evaluate_num:14 	 evaluate_reward:4875.398119163505 	 evaluate_cost:1363.903207005933 	 evaluate_max_cost:2.7200002670288086
lambda=0.00000, eps=1.00000, pred_cost=210.91385, p_value=0.99999, constraint_value=0.00199, constraint_violation=-0.99801
lambda=0.00000, eps=1.00000, pred_cost=209.20906, p_value=0.99999, constraint_value=0.00175, constraint_violation=-0.99825
lambda=0.00000, eps=1.00000, pred_cost=209.32422, p_value=0.99999, constraint_value=0.00188, constraint_violation=-0.99812
lambda=0.00000, eps=1.00000, pred_cost=209.85300, p_value=0.99999, constraint_value=0.00166, constraint_violation=-0.99834
lambda=0.00000, eps=1.00000, pred_cost=211.48404, p_value=0.99999, constraint_value=0.00172, constraint_violation=-0.99828
lambda=0.00000, eps=1.00000, pred_cost=211.98398, p_value=0.99999, constraint_value=0.00187, constraint_violation=-0.99813
lambda=0.00000, eps=1.00000, pred_cost=210.28748, p_value=0.99999, constraint_value=0.00163, constraint_violation=-0.99837
lambda=0.00000, eps=1.00000, pred_cost=211.46701, p_value=0.99999, constraint_value=0.00178, constraint_violation=-0.99822
lambda=0.00000, eps=1.00000, pred_cost=209.33896, p_value=0.99999, constraint_value=0.00225, constraint_violation=-0.99775
lambda=0.00000, eps=1.00000, pred_cost=209.83676, p_value=0.99999, constraint_value=0.00190, constraint_violation=-0.99810
lambda=0.00000, eps=1.00000, pred_cost=207.51608, p_value=0.99999, constraint_value=0.00226, constraint_violation=-0.99774
lambda=0.00000, eps=1.00000, pred_cost=209.71069, p_value=0.99999, constraint_value=0.00173, constraint_violation=-0.99827
lambda=0.00000, eps=1.00000, pred_cost=209.72314, p_value=0.99999, constraint_value=0.00168, constraint_violation=-0.99832
lambda=0.00000, eps=1.00000, pred_cost=210.42281, p_value=0.99999, constraint_value=0.00285, constraint_violation=-0.99715
lambda=0.00000, eps=1.00000, pred_cost=209.41664, p_value=0.99999, constraint_value=0.00161, constraint_violation=-0.99839
lambda=0.00000, eps=1.00000, pred_cost=208.24597, p_value=0.99999, constraint_value=0.00170, constraint_violation=-0.99830
lambda=0.00000, eps=1.00000, pred_cost=208.36446, p_value=0.99999, constraint_value=0.00161, constraint_violation=-0.99839
lambda=0.00000, eps=1.00000, pred_cost=207.65341, p_value=0.99999, constraint_value=0.00154, constraint_violation=-0.99846
lambda=0.00000, eps=1.00000, pred_cost=206.87105, p_value=0.99999, constraint_value=0.00194, constraint_violation=-0.99806
lambda=0.00000, eps=1.00000, pred_cost=205.38974, p_value=0.99999, constraint_value=0.00172, constraint_violation=-0.99828
lambda=0.00000, eps=1.00000, pred_cost=204.35597, p_value=0.99999, constraint_value=0.00177, constraint_violation=-0.99823
lambda=0.00000, eps=1.00000, pred_cost=205.12160, p_value=0.99999, constraint_value=0.00201, constraint_violation=-0.99799
lambda=0.00000, eps=1.00000, pred_cost=204.24841, p_value=0.99999, constraint_value=0.00203, constraint_violation=-0.99797
lambda=0.00000, eps=1.00000, pred_cost=206.43526, p_value=0.99999, constraint_value=0.00191, constraint_violation=-0.99809
lambda=0.00000, eps=1.00000, pred_cost=208.00694, p_value=0.99999, constraint_value=0.00199, constraint_violation=-0.99801
lambda=0.00000, eps=1.00000, pred_cost=207.25410, p_value=0.99999, constraint_value=0.00182, constraint_violation=-0.99818
lambda=0.00000, eps=1.00000, pred_cost=206.84071, p_value=0.99999, constraint_value=0.00197, constraint_violation=-0.99803
lambda=0.00000, eps=1.00000, pred_cost=205.95355, p_value=0.99999, constraint_value=0.00169, constraint_violation=-0.99831
lambda=0.00000, eps=1.00000, pred_cost=207.72542, p_value=0.99999, constraint_value=0.00174, constraint_violation=-0.99826
lambda=0.00000, eps=1.00000, pred_cost=206.07617, p_value=0.99999, constraint_value=0.00184, constraint_violation=-0.99816
lambda=0.00000, eps=1.00000, pred_cost=205.65466, p_value=0.99999, constraint_value=0.00170, constraint_violation=-0.99830
lambda=0.00000, eps=1.00000, pred_cost=206.46674, p_value=0.99999, constraint_value=0.00268, constraint_violation=-0.99732
lambda=0.00000, eps=1.00000, pred_cost=203.73724, p_value=0.99999, constraint_value=0.00168, constraint_violation=-0.99832
lambda=0.00000, eps=1.00000, pred_cost=203.18813, p_value=0.99999, constraint_value=0.00165, constraint_violation=-0.99835
lambda=0.00000, eps=1.00000, pred_cost=203.53381, p_value=0.99999, constraint_value=0.00200, constraint_violation=-0.99800
lambda=0.00000, eps=1.00000, pred_cost=204.44319, p_value=0.99999, constraint_value=0.00154, constraint_violation=-0.99846
lambda=0.00000, eps=1.00000, pred_cost=204.06433, p_value=0.99999, constraint_value=0.00170, constraint_violation=-0.99830
lambda=0.00000, eps=1.00000, pred_cost=201.11096, p_value=0.99999, constraint_value=0.00163, constraint_violation=-0.99837
lambda=0.00000, eps=1.00000, pred_cost=203.41583, p_value=0.99999, constraint_value=0.00198, constraint_violation=-0.99802
lambda=0.00000, eps=1.00000, pred_cost=201.58607, p_value=0.99999, constraint_value=0.00243, constraint_violation=-0.99757
lambda=0.00000, eps=1.00000, pred_cost=200.03299, p_value=0.99999, constraint_value=0.00229, constraint_violation=-0.99771
lambda=0.00000, eps=1.00000, pred_cost=199.82980, p_value=0.99999, constraint_value=0.00183, constraint_violation=-0.99817
lambda=0.00000, eps=1.00000, pred_cost=201.96584, p_value=0.99999, constraint_value=0.00190, constraint_violation=-0.99810
lambda=0.00000, eps=1.00000, pred_cost=203.08777, p_value=0.99999, constraint_value=0.00173, constraint_violation=-0.99827
lambda=0.00000, eps=1.00000, pred_cost=203.12769, p_value=0.99999, constraint_value=0.00165, constraint_violation=-0.99835
lambda=0.00000, eps=1.00000, pred_cost=201.75960, p_value=0.99999, constraint_value=0.00148, constraint_violation=-0.99852
lambda=0.00000, eps=1.00000, pred_cost=200.16997, p_value=0.99999, constraint_value=0.00224, constraint_violation=-0.99776
lambda=0.00000, eps=1.00000, pred_cost=199.95752, p_value=0.99999, constraint_value=0.00171, constraint_violation=-0.99829
lambda=0.00000, eps=1.00000, pred_cost=198.99860, p_value=0.99999, constraint_value=0.00204, constraint_violation=-0.99796
evaluate_num:15 	 evaluate_reward:4890.553880500024 	 evaluate_cost:1366.4126433432102 	 evaluate_max_cost:2.7200002670288086
lambda=0.00000, eps=1.00000, pred_cost=198.28703, p_value=0.99999, constraint_value=0.00195, constraint_violation=-0.99805
lambda=0.00000, eps=1.00000, pred_cost=198.35152, p_value=0.99999, constraint_value=0.00199, constraint_violation=-0.99801
lambda=0.00000, eps=1.00000, pred_cost=196.38586, p_value=0.99998, constraint_value=0.00310, constraint_violation=-0.99690
lambda=0.00000, eps=1.00000, pred_cost=197.00429, p_value=0.99999, constraint_value=0.00212, constraint_violation=-0.99788
lambda=0.00000, eps=1.00000, pred_cost=195.96307, p_value=0.99999, constraint_value=0.00194, constraint_violation=-0.99806
lambda=0.00000, eps=1.00000, pred_cost=197.65738, p_value=0.99999, constraint_value=0.00195, constraint_violation=-0.99805
lambda=0.00000, eps=1.00000, pred_cost=198.03128, p_value=0.99999, constraint_value=0.00159, constraint_violation=-0.99841
lambda=0.00000, eps=1.00000, pred_cost=197.90512, p_value=0.99999, constraint_value=0.00188, constraint_violation=-0.99812
lambda=0.00000, eps=1.00000, pred_cost=196.21838, p_value=0.99999, constraint_value=0.00174, constraint_violation=-0.99826
lambda=0.00000, eps=1.00000, pred_cost=195.93881, p_value=0.99999, constraint_value=0.00238, constraint_violation=-0.99762
lambda=0.00000, eps=1.00000, pred_cost=194.55377, p_value=0.99999, constraint_value=0.00170, constraint_violation=-0.99830
lambda=0.00000, eps=1.00000, pred_cost=195.34810, p_value=0.99999, constraint_value=0.00235, constraint_violation=-0.99765
lambda=0.00000, eps=1.00000, pred_cost=196.90503, p_value=0.99999, constraint_value=0.00192, constraint_violation=-0.99808
lambda=0.00000, eps=1.00000, pred_cost=197.45154, p_value=0.99999, constraint_value=0.00176, constraint_violation=-0.99824
lambda=0.00000, eps=1.00000, pred_cost=193.46483, p_value=0.99999, constraint_value=0.00207, constraint_violation=-0.99793
lambda=0.00000, eps=1.00000, pred_cost=195.15083, p_value=0.99999, constraint_value=0.00183, constraint_violation=-0.99817
lambda=0.00000, eps=1.00000, pred_cost=195.36884, p_value=0.99999, constraint_value=0.00172, constraint_violation=-0.99828
lambda=0.00000, eps=1.00000, pred_cost=195.53841, p_value=0.99999, constraint_value=0.00248, constraint_violation=-0.99752
lambda=0.00000, eps=1.00000, pred_cost=196.01407, p_value=0.99999, constraint_value=0.00286, constraint_violation=-0.99714
lambda=0.00000, eps=1.00000, pred_cost=196.27255, p_value=0.99999, constraint_value=0.00271, constraint_violation=-0.99729
lambda=0.00000, eps=1.00000, pred_cost=195.48242, p_value=0.99999, constraint_value=0.00225, constraint_violation=-0.99775
lambda=0.00000, eps=1.00000, pred_cost=193.94501, p_value=0.99999, constraint_value=0.00217, constraint_violation=-0.99783
lambda=0.00000, eps=1.00000, pred_cost=191.90323, p_value=0.99999, constraint_value=0.00242, constraint_violation=-0.99758
lambda=0.00000, eps=1.00000, pred_cost=192.15514, p_value=0.99999, constraint_value=0.00231, constraint_violation=-0.99769
lambda=0.00000, eps=1.00000, pred_cost=190.73340, p_value=0.99999, constraint_value=0.00260, constraint_violation=-0.99740
lambda=0.00000, eps=1.00000, pred_cost=190.47325, p_value=0.99999, constraint_value=0.00217, constraint_violation=-0.99783
lambda=0.00000, eps=1.00000, pred_cost=190.78473, p_value=0.99999, constraint_value=0.00206, constraint_violation=-0.99794
lambda=0.00000, eps=1.00000, pred_cost=190.96338, p_value=0.99999, constraint_value=0.00227, constraint_violation=-0.99773
lambda=0.00000, eps=1.00000, pred_cost=190.98294, p_value=0.99999, constraint_value=0.00218, constraint_violation=-0.99782
lambda=0.00000, eps=1.00000, pred_cost=189.72043, p_value=0.99999, constraint_value=0.00165, constraint_violation=-0.99835
lambda=0.00000, eps=1.00000, pred_cost=189.74191, p_value=0.99999, constraint_value=0.00206, constraint_violation=-0.99794
lambda=0.00000, eps=1.00000, pred_cost=191.56088, p_value=0.99999, constraint_value=0.00167, constraint_violation=-0.99833
lambda=0.00000, eps=1.00000, pred_cost=191.50711, p_value=0.99999, constraint_value=0.00248, constraint_violation=-0.99752
lambda=0.00000, eps=1.00000, pred_cost=191.98068, p_value=0.99999, constraint_value=0.00239, constraint_violation=-0.99761
lambda=0.00000, eps=1.00000, pred_cost=191.76801, p_value=0.99999, constraint_value=0.00270, constraint_violation=-0.99730
lambda=0.00000, eps=1.00000, pred_cost=190.62219, p_value=0.99999, constraint_value=0.00268, constraint_violation=-0.99732
lambda=0.00000, eps=1.00000, pred_cost=190.14977, p_value=0.99999, constraint_value=0.00224, constraint_violation=-0.99776
lambda=0.00000, eps=1.00000, pred_cost=190.30392, p_value=0.99999, constraint_value=0.00247, constraint_violation=-0.99753
lambda=0.00000, eps=1.00000, pred_cost=188.83659, p_value=0.99999, constraint_value=0.00272, constraint_violation=-0.99728
lambda=0.00000, eps=1.00000, pred_cost=188.08638, p_value=0.99999, constraint_value=0.00230, constraint_violation=-0.99770
lambda=0.00000, eps=1.00000, pred_cost=187.12895, p_value=0.99999, constraint_value=0.00250, constraint_violation=-0.99750
lambda=0.00000, eps=1.00000, pred_cost=187.12073, p_value=0.99999, constraint_value=0.00191, constraint_violation=-0.99809
lambda=0.00000, eps=1.00000, pred_cost=189.40021, p_value=0.99999, constraint_value=0.00275, constraint_violation=-0.99725
lambda=0.00000, eps=1.00000, pred_cost=189.54112, p_value=0.99999, constraint_value=0.00205, constraint_violation=-0.99795
lambda=0.00000, eps=1.00000, pred_cost=191.19630, p_value=0.99999, constraint_value=0.00271, constraint_violation=-0.99729
lambda=0.00000, eps=1.00000, pred_cost=190.85870, p_value=0.99999, constraint_value=0.00224, constraint_violation=-0.99776
lambda=0.00000, eps=1.00000, pred_cost=193.12073, p_value=0.99999, constraint_value=0.00224, constraint_violation=-0.99776
lambda=0.00000, eps=1.00000, pred_cost=190.69768, p_value=0.99999, constraint_value=0.00264, constraint_violation=-0.99736
evaluate_num:16 	 evaluate_reward:4869.588436898698 	 evaluate_cost:1367.6604791544378 	 evaluate_max_cost:2.7200002670288086
lambda=0.00000, eps=1.00000, pred_cost=191.56007, p_value=0.99998, constraint_value=0.00402, constraint_violation=-0.99598
lambda=0.00000, eps=1.00000, pred_cost=192.57979, p_value=0.99999, constraint_value=0.00252, constraint_violation=-0.99748
lambda=0.00000, eps=1.00000, pred_cost=193.27136, p_value=0.99998, constraint_value=0.00293, constraint_violation=-0.99707
lambda=0.00000, eps=1.00000, pred_cost=190.87067, p_value=0.99998, constraint_value=0.00290, constraint_violation=-0.99710
lambda=0.00000, eps=1.00000, pred_cost=187.95967, p_value=0.99998, constraint_value=0.00283, constraint_violation=-0.99717
lambda=0.00000, eps=1.00000, pred_cost=187.31192, p_value=0.99999, constraint_value=0.00204, constraint_violation=-0.99796
lambda=0.00000, eps=1.00000, pred_cost=186.02190, p_value=0.99998, constraint_value=0.00283, constraint_violation=-0.99717
lambda=0.00000, eps=1.00000, pred_cost=186.42281, p_value=0.99998, constraint_value=0.00300, constraint_violation=-0.99700
lambda=0.00000, eps=1.00000, pred_cost=185.40149, p_value=0.99999, constraint_value=0.00181, constraint_violation=-0.99819
lambda=0.00000, eps=1.00000, pred_cost=183.36554, p_value=0.99999, constraint_value=0.00264, constraint_violation=-0.99736
lambda=0.00000, eps=1.00000, pred_cost=183.85989, p_value=0.99999, constraint_value=0.00209, constraint_violation=-0.99791
lambda=0.00000, eps=1.00000, pred_cost=184.31548, p_value=0.99999, constraint_value=0.00223, constraint_violation=-0.99777
lambda=0.00000, eps=1.00000, pred_cost=183.90231, p_value=0.99999, constraint_value=0.00237, constraint_violation=-0.99763
lambda=0.00000, eps=1.00000, pred_cost=183.03085, p_value=0.99999, constraint_value=0.00264, constraint_violation=-0.99736
lambda=0.00000, eps=1.00000, pred_cost=179.64964, p_value=0.99999, constraint_value=0.00256, constraint_violation=-0.99744
lambda=0.00000, eps=1.00000, pred_cost=182.19708, p_value=0.99999, constraint_value=0.00212, constraint_violation=-0.99788
lambda=0.00000, eps=1.00000, pred_cost=184.58325, p_value=0.99999, constraint_value=0.00262, constraint_violation=-0.99738
lambda=0.00000, eps=1.00000, pred_cost=185.02112, p_value=0.99999, constraint_value=0.00257, constraint_violation=-0.99743
lambda=0.00000, eps=1.00000, pred_cost=184.90511, p_value=0.99999, constraint_value=0.00230, constraint_violation=-0.99770
lambda=0.00000, eps=1.00000, pred_cost=185.09254, p_value=0.99999, constraint_value=0.00221, constraint_violation=-0.99779
lambda=0.00000, eps=1.00000, pred_cost=185.94623, p_value=0.99998, constraint_value=0.00308, constraint_violation=-0.99692
lambda=0.00000, eps=1.00000, pred_cost=186.75995, p_value=0.99998, constraint_value=0.00297, constraint_violation=-0.99703
lambda=0.00000, eps=1.00000, pred_cost=186.36627, p_value=0.99999, constraint_value=0.00248, constraint_violation=-0.99752
lambda=0.00000, eps=1.00000, pred_cost=187.31439, p_value=0.99999, constraint_value=0.00222, constraint_violation=-0.99778
lambda=0.00000, eps=1.00000, pred_cost=186.72090, p_value=0.99999, constraint_value=0.00256, constraint_violation=-0.99744
lambda=0.00000, eps=1.00000, pred_cost=185.28114, p_value=0.99998, constraint_value=0.00299, constraint_violation=-0.99701
lambda=0.00000, eps=1.00000, pred_cost=185.43813, p_value=0.99998, constraint_value=0.00276, constraint_violation=-0.99724
lambda=0.00000, eps=1.00000, pred_cost=183.23941, p_value=0.99999, constraint_value=0.00215, constraint_violation=-0.99785
lambda=0.00000, eps=1.00000, pred_cost=185.38681, p_value=0.99999, constraint_value=0.00243, constraint_violation=-0.99757
lambda=0.00000, eps=1.00000, pred_cost=184.75642, p_value=0.99999, constraint_value=0.00221, constraint_violation=-0.99779
lambda=0.00000, eps=1.00000, pred_cost=184.80124, p_value=0.99999, constraint_value=0.00250, constraint_violation=-0.99750
lambda=0.00000, eps=1.00000, pred_cost=185.03641, p_value=0.99999, constraint_value=0.00194, constraint_violation=-0.99806
lambda=0.00000, eps=1.00000, pred_cost=184.35167, p_value=0.99999, constraint_value=0.00191, constraint_violation=-0.99809
lambda=0.00000, eps=1.00000, pred_cost=186.48677, p_value=0.99999, constraint_value=0.00215, constraint_violation=-0.99785
lambda=0.00000, eps=1.00000, pred_cost=185.96005, p_value=0.99998, constraint_value=0.00303, constraint_violation=-0.99697
lambda=0.00000, eps=1.00000, pred_cost=187.36655, p_value=0.99999, constraint_value=0.00272, constraint_violation=-0.99728
lambda=0.00000, eps=1.00000, pred_cost=187.79836, p_value=0.99999, constraint_value=0.00254, constraint_violation=-0.99746
lambda=0.00000, eps=1.00000, pred_cost=185.79533, p_value=0.99999, constraint_value=0.00212, constraint_violation=-0.99788
lambda=0.00000, eps=1.00000, pred_cost=187.84645, p_value=0.99998, constraint_value=0.00342, constraint_violation=-0.99658
lambda=0.00000, eps=1.00000, pred_cost=187.21500, p_value=0.99999, constraint_value=0.00247, constraint_violation=-0.99753
lambda=0.00000, eps=1.00000, pred_cost=185.09207, p_value=0.99999, constraint_value=0.00205, constraint_violation=-0.99795
lambda=0.00000, eps=1.00000, pred_cost=185.18359, p_value=0.99999, constraint_value=0.00200, constraint_violation=-0.99800
lambda=0.00000, eps=1.00000, pred_cost=185.90968, p_value=0.99997, constraint_value=0.00487, constraint_violation=-0.99513
lambda=0.00000, eps=1.00000, pred_cost=184.76869, p_value=0.99999, constraint_value=0.00240, constraint_violation=-0.99760
lambda=0.00000, eps=1.00000, pred_cost=183.24495, p_value=0.99999, constraint_value=0.00228, constraint_violation=-0.99772
lambda=0.00000, eps=1.00000, pred_cost=182.82849, p_value=0.99997, constraint_value=0.00458, constraint_violation=-0.99542
lambda=0.00000, eps=1.00000, pred_cost=182.76022, p_value=0.99998, constraint_value=0.00269, constraint_violation=-0.99731
lambda=0.00000, eps=1.00000, pred_cost=184.09877, p_value=0.99998, constraint_value=0.00361, constraint_violation=-0.99639
lambda=0.00000, eps=1.00000, pred_cost=183.25159, p_value=0.99999, constraint_value=0.00261, constraint_violation=-0.99739
evaluate_num:17 	 evaluate_reward:4845.980594841524 	 evaluate_cost:1365.692991297692 	 evaluate_max_cost:2.7200002670288086
lambda=0.00000, eps=1.00000, pred_cost=183.21681, p_value=0.99999, constraint_value=0.00252, constraint_violation=-0.99748
lambda=0.00000, eps=1.00000, pred_cost=183.93434, p_value=0.99998, constraint_value=0.00301, constraint_violation=-0.99699
lambda=0.00000, eps=1.00000, pred_cost=182.08998, p_value=0.99999, constraint_value=0.00218, constraint_violation=-0.99782
lambda=0.00000, eps=1.00000, pred_cost=183.67444, p_value=0.99999, constraint_value=0.00202, constraint_violation=-0.99798
lambda=0.00000, eps=1.00000, pred_cost=184.11047, p_value=0.99999, constraint_value=0.00181, constraint_violation=-0.99819
lambda=0.00000, eps=1.00000, pred_cost=184.91510, p_value=0.99999, constraint_value=0.00247, constraint_violation=-0.99753
lambda=0.00000, eps=1.00000, pred_cost=184.19798, p_value=0.99999, constraint_value=0.00210, constraint_violation=-0.99790
lambda=0.00000, eps=1.00000, pred_cost=185.34853, p_value=0.99999, constraint_value=0.00273, constraint_violation=-0.99726
lambda=0.00000, eps=1.00000, pred_cost=184.91457, p_value=0.99999, constraint_value=0.00203, constraint_violation=-0.99797
lambda=0.00000, eps=1.00000, pred_cost=186.27174, p_value=0.99998, constraint_value=0.00311, constraint_violation=-0.99689
lambda=0.00000, eps=1.00000, pred_cost=185.41460, p_value=0.99998, constraint_value=0.00288, constraint_violation=-0.99712
lambda=0.00000, eps=1.00000, pred_cost=183.96088, p_value=0.99999, constraint_value=0.00237, constraint_violation=-0.99763
lambda=0.00000, eps=1.00000, pred_cost=185.68953, p_value=0.99999, constraint_value=0.00228, constraint_violation=-0.99772
lambda=0.00000, eps=1.00000, pred_cost=185.52690, p_value=0.99999, constraint_value=0.00237, constraint_violation=-0.99763
lambda=0.00000, eps=1.00000, pred_cost=183.43152, p_value=0.99999, constraint_value=0.00182, constraint_violation=-0.99818
lambda=0.00000, eps=1.00000, pred_cost=183.06911, p_value=0.99998, constraint_value=0.00329, constraint_violation=-0.99671
lambda=0.00000, eps=1.00000, pred_cost=184.49283, p_value=0.99999, constraint_value=0.00271, constraint_violation=-0.99729
lambda=0.00000, eps=1.00000, pred_cost=185.39426, p_value=0.99999, constraint_value=0.00229, constraint_violation=-0.99771
lambda=0.00000, eps=1.00000, pred_cost=184.83157, p_value=0.99999, constraint_value=0.00270, constraint_violation=-0.99730
lambda=0.00000, eps=1.00000, pred_cost=186.88994, p_value=0.99999, constraint_value=0.00267, constraint_violation=-0.99733
lambda=0.00000, eps=1.00000, pred_cost=186.57843, p_value=0.99999, constraint_value=0.00227, constraint_violation=-0.99773
lambda=0.00000, eps=1.00000, pred_cost=186.74403, p_value=0.99998, constraint_value=0.00336, constraint_violation=-0.99664
lambda=0.00000, eps=1.00000, pred_cost=186.25888, p_value=0.99999, constraint_value=0.00188, constraint_violation=-0.99812
lambda=0.00000, eps=1.00000, pred_cost=187.02864, p_value=0.99999, constraint_value=0.00261, constraint_violation=-0.99739
lambda=0.00000, eps=1.00000, pred_cost=186.76154, p_value=0.99999, constraint_value=0.00206, constraint_violation=-0.99794
lambda=0.00000, eps=1.00000, pred_cost=187.29192, p_value=0.99999, constraint_value=0.00256, constraint_violation=-0.99744
lambda=0.00000, eps=1.00000, pred_cost=187.57835, p_value=0.99999, constraint_value=0.00209, constraint_violation=-0.99791
lambda=0.00000, eps=1.00000, pred_cost=186.56921, p_value=0.99999, constraint_value=0.00229, constraint_violation=-0.99771
lambda=0.00000, eps=1.00000, pred_cost=186.44989, p_value=0.99999, constraint_value=0.00169, constraint_violation=-0.99831
lambda=0.00000, eps=1.00000, pred_cost=186.73904, p_value=0.99999, constraint_value=0.00236, constraint_violation=-0.99764
lambda=0.00000, eps=1.00000, pred_cost=187.47786, p_value=0.99999, constraint_value=0.00204, constraint_violation=-0.99796
lambda=0.00000, eps=1.00000, pred_cost=186.92192, p_value=0.99999, constraint_value=0.00199, constraint_violation=-0.99801
lambda=0.00000, eps=1.00000, pred_cost=186.17682, p_value=0.99999, constraint_value=0.00203, constraint_violation=-0.99797
lambda=0.00000, eps=1.00000, pred_cost=185.48645, p_value=0.99999, constraint_value=0.00182, constraint_violation=-0.99818
lambda=0.00000, eps=1.00000, pred_cost=186.25998, p_value=0.99999, constraint_value=0.00206, constraint_violation=-0.99794
lambda=0.00000, eps=1.00000, pred_cost=186.69965, p_value=0.99998, constraint_value=0.00287, constraint_violation=-0.99713
lambda=0.00000, eps=1.00000, pred_cost=184.30608, p_value=0.99998, constraint_value=0.00418, constraint_violation=-0.99582
lambda=0.00000, eps=1.00000, pred_cost=187.20178, p_value=0.99999, constraint_value=0.00193, constraint_violation=-0.99807
lambda=0.00000, eps=1.00000, pred_cost=187.25986, p_value=0.99999, constraint_value=0.00187, constraint_violation=-0.99813
lambda=0.00000, eps=1.00000, pred_cost=187.33176, p_value=0.99999, constraint_value=0.00225, constraint_violation=-0.99775
lambda=0.00000, eps=1.00000, pred_cost=188.69028, p_value=0.99999, constraint_value=0.00197, constraint_violation=-0.99803
lambda=0.00000, eps=1.00000, pred_cost=188.06499, p_value=0.99999, constraint_value=0.00204, constraint_violation=-0.99796
lambda=0.00000, eps=1.00000, pred_cost=187.55774, p_value=0.99999, constraint_value=0.00219, constraint_violation=-0.99781
lambda=0.00000, eps=1.00000, pred_cost=188.74448, p_value=0.99999, constraint_value=0.00228, constraint_violation=-0.99772
lambda=0.00000, eps=1.00000, pred_cost=188.33405, p_value=0.99999, constraint_value=0.00216, constraint_violation=-0.99784
lambda=0.00000, eps=1.00000, pred_cost=188.56625, p_value=0.99999, constraint_value=0.00189, constraint_violation=-0.99811
lambda=0.00000, eps=1.00000, pred_cost=190.40755, p_value=0.99999, constraint_value=0.00180, constraint_violation=-0.99820
lambda=0.00000, eps=1.00000, pred_cost=190.46347, p_value=0.99999, constraint_value=0.00198, constraint_violation=-0.99802
lambda=0.00000, eps=1.00000, pred_cost=190.99094, p_value=0.99999, constraint_value=0.00177, constraint_violation=-0.99823
evaluate_num:18 	 evaluate_reward:4855.008263548379 	 evaluate_cost:1367.5583703443408 	 evaluate_max_cost:2.7200002670288086
lambda=0.00000, eps=1.00000, pred_cost=191.07623, p_value=0.99999, constraint_value=0.00179, constraint_violation=-0.99821
lambda=0.00000, eps=1.00000, pred_cost=191.60281, p_value=0.99999, constraint_value=0.00134, constraint_violation=-0.99866
lambda=0.00000, eps=1.00000, pred_cost=191.53455, p_value=0.99999, constraint_value=0.00253, constraint_violation=-0.99747
lambda=0.00000, eps=1.00000, pred_cost=189.77509, p_value=0.99998, constraint_value=0.00333, constraint_violation=-0.99667
lambda=0.00000, eps=1.00000, pred_cost=190.47182, p_value=0.99999, constraint_value=0.00266, constraint_violation=-0.99734
lambda=0.00000, eps=1.00000, pred_cost=191.25319, p_value=0.99999, constraint_value=0.00204, constraint_violation=-0.99796
lambda=0.00000, eps=1.00000, pred_cost=191.21040, p_value=0.99999, constraint_value=0.00213, constraint_violation=-0.99787
lambda=0.00000, eps=1.00000, pred_cost=190.49866, p_value=0.99999, constraint_value=0.00217, constraint_violation=-0.99783
lambda=0.00000, eps=1.00000, pred_cost=189.13643, p_value=0.99999, constraint_value=0.00207, constraint_violation=-0.99793
lambda=0.00000, eps=1.00000, pred_cost=189.35902, p_value=0.99999, constraint_value=0.00178, constraint_violation=-0.99822
lambda=0.00000, eps=1.00000, pred_cost=189.68271, p_value=0.99999, constraint_value=0.00225, constraint_violation=-0.99775
lambda=0.00000, eps=1.00000, pred_cost=190.27277, p_value=0.99999, constraint_value=0.00260, constraint_violation=-0.99740
lambda=0.00000, eps=1.00000, pred_cost=189.77838, p_value=0.99999, constraint_value=0.00193, constraint_violation=-0.99807
lambda=0.00000, eps=1.00000, pred_cost=190.55588, p_value=0.99999, constraint_value=0.00214, constraint_violation=-0.99786
lambda=0.00000, eps=1.00000, pred_cost=191.91501, p_value=0.99999, constraint_value=0.00205, constraint_violation=-0.99795
lambda=0.00000, eps=1.00000, pred_cost=190.39516, p_value=0.99999, constraint_value=0.00184, constraint_violation=-0.99816
lambda=0.00000, eps=1.00000, pred_cost=192.78934, p_value=0.99999, constraint_value=0.00181, constraint_violation=-0.99819
lambda=0.00000, eps=1.00000, pred_cost=192.34026, p_value=0.99999, constraint_value=0.00177, constraint_violation=-0.99823
lambda=0.00000, eps=1.00000, pred_cost=191.20547, p_value=0.99999, constraint_value=0.00186, constraint_violation=-0.99814
lambda=0.00000, eps=1.00000, pred_cost=193.12062, p_value=0.99999, constraint_value=0.00201, constraint_violation=-0.99799
lambda=0.00000, eps=1.00000, pred_cost=192.71281, p_value=0.99999, constraint_value=0.00168, constraint_violation=-0.99832
lambda=0.00000, eps=1.00000, pred_cost=193.10423, p_value=0.99999, constraint_value=0.00160, constraint_violation=-0.99840
lambda=0.00000, eps=1.00000, pred_cost=195.22496, p_value=0.99999, constraint_value=0.00174, constraint_violation=-0.99826
lambda=0.00000, eps=1.00000, pred_cost=195.76340, p_value=0.99999, constraint_value=0.00177, constraint_violation=-0.99823
lambda=0.00000, eps=1.00000, pred_cost=196.45786, p_value=0.99999, constraint_value=0.00244, constraint_violation=-0.99756
lambda=0.00000, eps=1.00000, pred_cost=193.74771, p_value=0.99999, constraint_value=0.00177, constraint_violation=-0.99823
lambda=0.00000, eps=1.00000, pred_cost=193.08521, p_value=0.99999, constraint_value=0.00147, constraint_violation=-0.99853
lambda=0.00000, eps=1.00000, pred_cost=192.28712, p_value=0.99999, constraint_value=0.00168, constraint_violation=-0.99832
lambda=0.00000, eps=1.00000, pred_cost=194.04190, p_value=0.99999, constraint_value=0.00241, constraint_violation=-0.99759
lambda=0.00000, eps=1.00000, pred_cost=194.19794, p_value=0.99999, constraint_value=0.00165, constraint_violation=-0.99835
lambda=0.00000, eps=1.00000, pred_cost=192.75166, p_value=0.99999, constraint_value=0.00181, constraint_violation=-0.99819
lambda=0.00000, eps=1.00000, pred_cost=194.52734, p_value=0.99999, constraint_value=0.00234, constraint_violation=-0.99766
lambda=0.00000, eps=1.00000, pred_cost=194.31494, p_value=0.99999, constraint_value=0.00163, constraint_violation=-0.99837
lambda=0.00000, eps=1.00000, pred_cost=195.48425, p_value=0.99999, constraint_value=0.00225, constraint_violation=-0.99775
lambda=0.00000, eps=1.00000, pred_cost=190.86227, p_value=0.99999, constraint_value=0.00169, constraint_violation=-0.99831
lambda=0.00000, eps=1.00000, pred_cost=191.86795, p_value=0.99999, constraint_value=0.00167, constraint_violation=-0.99833
lambda=0.00000, eps=1.00000, pred_cost=193.21674, p_value=0.99999, constraint_value=0.00229, constraint_violation=-0.99771
lambda=0.00000, eps=1.00000, pred_cost=192.16299, p_value=0.99999, constraint_value=0.00156, constraint_violation=-0.99844
lambda=0.00000, eps=1.00000, pred_cost=188.77821, p_value=0.99999, constraint_value=0.00185, constraint_violation=-0.99815
lambda=0.00000, eps=1.00000, pred_cost=190.29323, p_value=0.99999, constraint_value=0.00195, constraint_violation=-0.99805
lambda=0.00000, eps=1.00000, pred_cost=188.56314, p_value=0.99999, constraint_value=0.00211, constraint_violation=-0.99789
lambda=0.00000, eps=1.00000, pred_cost=189.42049, p_value=0.99999, constraint_value=0.00201, constraint_violation=-0.99799
lambda=0.00000, eps=1.00000, pred_cost=193.42508, p_value=0.99999, constraint_value=0.00205, constraint_violation=-0.99795
lambda=0.00000, eps=1.00000, pred_cost=194.45671, p_value=0.99999, constraint_value=0.00207, constraint_violation=-0.99793
lambda=0.00000, eps=1.00000, pred_cost=194.68787, p_value=0.99999, constraint_value=0.00200, constraint_violation=-0.99800
lambda=0.00000, eps=1.00000, pred_cost=194.08673, p_value=0.99999, constraint_value=0.00204, constraint_violation=-0.99796
lambda=0.00000, eps=1.00000, pred_cost=190.31169, p_value=0.99999, constraint_value=0.00220, constraint_violation=-0.99780
lambda=0.00000, eps=1.00000, pred_cost=189.74828, p_value=0.99998, constraint_value=0.00305, constraint_violation=-0.99695
lambda=0.00000, eps=1.00000, pred_cost=188.75377, p_value=0.99999, constraint_value=0.00207, constraint_violation=-0.99793
evaluate_num:19 	 evaluate_reward:4891.622829985356 	 evaluate_cost:1367.5025720149279 	 evaluate_max_cost:2.7200002670288086
lambda=0.00000, eps=1.00000, pred_cost=186.28261, p_value=0.99999, constraint_value=0.00188, constraint_violation=-0.99812
lambda=0.00000, eps=1.00000, pred_cost=186.34523, p_value=0.99999, constraint_value=0.00171, constraint_violation=-0.99829
lambda=0.00000, eps=1.00000, pred_cost=182.77611, p_value=0.99999, constraint_value=0.00198, constraint_violation=-0.99802
lambda=0.00000, eps=1.00000, pred_cost=184.24655, p_value=0.99999, constraint_value=0.00169, constraint_violation=-0.99831
lambda=0.00000, eps=1.00000, pred_cost=185.41893, p_value=0.99999, constraint_value=0.00272, constraint_violation=-0.99728
lambda=0.00000, eps=1.00000, pred_cost=186.52426, p_value=0.99999, constraint_value=0.00255, constraint_violation=-0.99745
lambda=0.00000, eps=1.00000, pred_cost=188.16624, p_value=0.99999, constraint_value=0.00209, constraint_violation=-0.99791
lambda=0.00000, eps=1.00000, pred_cost=187.66154, p_value=0.99999, constraint_value=0.00156, constraint_violation=-0.99844
lambda=0.00000, eps=1.00000, pred_cost=189.50806, p_value=0.99999, constraint_value=0.00196, constraint_violation=-0.99804
lambda=0.00000, eps=1.00000, pred_cost=190.94814, p_value=0.99999, constraint_value=0.00233, constraint_violation=-0.99767
lambda=0.00000, eps=1.00000, pred_cost=191.96564, p_value=0.99998, constraint_value=0.00331, constraint_violation=-0.99669
lambda=0.00000, eps=1.00000, pred_cost=191.47345, p_value=0.99999, constraint_value=0.00208, constraint_violation=-0.99792
lambda=0.00000, eps=1.00000, pred_cost=189.23071, p_value=0.99999, constraint_value=0.00282, constraint_violation=-0.99718
lambda=0.00000, eps=1.00000, pred_cost=189.28879, p_value=0.99999, constraint_value=0.00280, constraint_violation=-0.99720
lambda=0.00000, eps=1.00000, pred_cost=188.72897, p_value=0.99998, constraint_value=0.00301, constraint_violation=-0.99699
lambda=0.00000, eps=1.00000, pred_cost=188.34735, p_value=0.99999, constraint_value=0.00220, constraint_violation=-0.99780
lambda=0.00000, eps=1.00000, pred_cost=189.47672, p_value=0.99999, constraint_value=0.00229, constraint_violation=-0.99771
lambda=0.00000, eps=1.00000, pred_cost=187.02988, p_value=0.99999, constraint_value=0.00231, constraint_violation=-0.99769
lambda=0.00000, eps=1.00000, pred_cost=185.24657, p_value=0.99999, constraint_value=0.00202, constraint_violation=-0.99798
lambda=0.00000, eps=1.00000, pred_cost=184.17714, p_value=0.99999, constraint_value=0.00215, constraint_violation=-0.99785
lambda=0.00000, eps=1.00000, pred_cost=185.33553, p_value=0.99999, constraint_value=0.00196, constraint_violation=-0.99804
lambda=0.00000, eps=1.00000, pred_cost=186.67685, p_value=0.99999, constraint_value=0.00208, constraint_violation=-0.99792
lambda=0.00000, eps=1.00000, pred_cost=186.04350, p_value=0.99999, constraint_value=0.00164, constraint_violation=-0.99836
lambda=0.00000, eps=1.00000, pred_cost=188.99484, p_value=0.99999, constraint_value=0.00249, constraint_violation=-0.99751
lambda=0.00000, eps=1.00000, pred_cost=189.67427, p_value=0.99999, constraint_value=0.00234, constraint_violation=-0.99766
lambda=0.00000, eps=1.00000, pred_cost=190.89006, p_value=0.99999, constraint_value=0.00219, constraint_violation=-0.99781
lambda=0.00000, eps=1.00000, pred_cost=188.62573, p_value=0.99999, constraint_value=0.00193, constraint_violation=-0.99807
lambda=0.00000, eps=1.00000, pred_cost=189.97647, p_value=0.99999, constraint_value=0.00169, constraint_violation=-0.99831
lambda=0.00000, eps=1.00000, pred_cost=188.43388, p_value=0.99999, constraint_value=0.00236, constraint_violation=-0.99764
lambda=0.00000, eps=1.00000, pred_cost=186.61049, p_value=0.99999, constraint_value=0.00196, constraint_violation=-0.99804
lambda=0.00000, eps=1.00000, pred_cost=186.56555, p_value=0.99999, constraint_value=0.00199, constraint_violation=-0.99801
lambda=0.00000, eps=1.00000, pred_cost=188.47012, p_value=0.99999, constraint_value=0.00188, constraint_violation=-0.99812
lambda=0.00000, eps=1.00000, pred_cost=185.81055, p_value=0.99999, constraint_value=0.00208, constraint_violation=-0.99792
lambda=0.00000, eps=1.00000, pred_cost=185.39748, p_value=0.99999, constraint_value=0.00173, constraint_violation=-0.99827
lambda=0.00000, eps=1.00000, pred_cost=185.78224, p_value=0.99999, constraint_value=0.00192, constraint_violation=-0.99808
lambda=0.00000, eps=1.00000, pred_cost=185.70035, p_value=0.99999, constraint_value=0.00142, constraint_violation=-0.99858
lambda=0.00000, eps=1.00000, pred_cost=185.51477, p_value=0.99999, constraint_value=0.00220, constraint_violation=-0.99780
lambda=0.00000, eps=1.00000, pred_cost=186.51599, p_value=0.99999, constraint_value=0.00195, constraint_violation=-0.99805
lambda=0.00000, eps=1.00000, pred_cost=187.41422, p_value=0.99999, constraint_value=0.00151, constraint_violation=-0.99849
lambda=0.00000, eps=1.00000, pred_cost=188.01955, p_value=0.99999, constraint_value=0.00156, constraint_violation=-0.99844
lambda=0.00000, eps=1.00000, pred_cost=187.99141, p_value=0.99999, constraint_value=0.00138, constraint_violation=-0.99862
lambda=0.00000, eps=1.00000, pred_cost=191.06715, p_value=0.99999, constraint_value=0.00221, constraint_violation=-0.99779
lambda=0.00000, eps=1.00000, pred_cost=192.60287, p_value=0.99999, constraint_value=0.00169, constraint_violation=-0.99831
lambda=0.00000, eps=1.00000, pred_cost=192.81783, p_value=0.99999, constraint_value=0.00119, constraint_violation=-0.99881
lambda=0.00000, eps=1.00000, pred_cost=192.76483, p_value=0.99999, constraint_value=0.00137, constraint_violation=-0.99863
lambda=0.00000, eps=1.00000, pred_cost=193.99498, p_value=0.99999, constraint_value=0.00101, constraint_violation=-0.99899
lambda=0.00000, eps=1.00000, pred_cost=194.93257, p_value=0.99999, constraint_value=0.00135, constraint_violation=-0.99865
lambda=0.00000, eps=1.00000, pred_cost=194.24805, p_value=0.99999, constraint_value=0.00109, constraint_violation=-0.99891
lambda=0.00000, eps=1.00000, pred_cost=192.31429, p_value=0.99999, constraint_value=0.00102, constraint_violation=-0.99898
evaluate_num:20 	 evaluate_reward:4868.7394232230845 	 evaluate_cost:1369.9143435806036 	 evaluate_max_cost:2.7200002670288086
lambda=0.00000, eps=1.00000, pred_cost=192.22546, p_value=0.99999, constraint_value=0.00120, constraint_violation=-0.99880
lambda=0.00000, eps=1.00000, pred_cost=192.40239, p_value=0.99999, constraint_value=0.00130, constraint_violation=-0.99870
lambda=0.00000, eps=1.00000, pred_cost=192.08116, p_value=0.99999, constraint_value=0.00128, constraint_violation=-0.99872
lambda=0.00000, eps=1.00000, pred_cost=191.41208, p_value=1.00000, constraint_value=0.00089, constraint_violation=-0.99911
lambda=0.00000, eps=1.00000, pred_cost=192.40897, p_value=0.99999, constraint_value=0.00114, constraint_violation=-0.99886
lambda=0.00000, eps=1.00000, pred_cost=193.20004, p_value=0.99999, constraint_value=0.00151, constraint_violation=-0.99849
lambda=0.00000, eps=1.00000, pred_cost=192.64351, p_value=0.99999, constraint_value=0.00112, constraint_violation=-0.99888
lambda=0.00000, eps=1.00000, pred_cost=194.32312, p_value=0.99999, constraint_value=0.00132, constraint_violation=-0.99868
lambda=0.00000, eps=1.00000, pred_cost=193.96005, p_value=0.99999, constraint_value=0.00106, constraint_violation=-0.99894
lambda=0.00000, eps=1.00000, pred_cost=196.30309, p_value=0.99999, constraint_value=0.00144, constraint_violation=-0.99856
lambda=0.00000, eps=1.00000, pred_cost=195.69720, p_value=0.99999, constraint_value=0.00114, constraint_violation=-0.99886
lambda=0.00000, eps=1.00000, pred_cost=199.05490, p_value=0.99999, constraint_value=0.00137, constraint_violation=-0.99863
lambda=0.00000, eps=1.00000, pred_cost=199.39951, p_value=0.99999, constraint_value=0.00114, constraint_violation=-0.99886
lambda=0.00000, eps=1.00000, pred_cost=200.87656, p_value=0.99999, constraint_value=0.00120, constraint_violation=-0.99880
lambda=0.00000, eps=1.00000, pred_cost=200.41298, p_value=0.99999, constraint_value=0.00124, constraint_violation=-0.99876
lambda=0.00000, eps=1.00000, pred_cost=199.89676, p_value=0.99999, constraint_value=0.00100, constraint_violation=-0.99900
lambda=0.00000, eps=1.00000, pred_cost=201.84135, p_value=0.99999, constraint_value=0.00143, constraint_violation=-0.99857
lambda=0.00000, eps=1.00000, pred_cost=201.91576, p_value=0.99999, constraint_value=0.00124, constraint_violation=-0.99876
lambda=0.00000, eps=1.00000, pred_cost=201.14502, p_value=0.99999, constraint_value=0.00122, constraint_violation=-0.99878
lambda=0.00000, eps=1.00000, pred_cost=198.35332, p_value=0.99999, constraint_value=0.00114, constraint_violation=-0.99886
lambda=0.00000, eps=1.00000, pred_cost=199.10214, p_value=0.99999, constraint_value=0.00176, constraint_violation=-0.99824
lambda=0.00000, eps=1.00000, pred_cost=196.44388, p_value=0.99999, constraint_value=0.00108, constraint_violation=-0.99892
lambda=0.00000, eps=1.00000, pred_cost=198.04086, p_value=1.00000, constraint_value=0.00092, constraint_violation=-0.99908
lambda=0.00000, eps=1.00000, pred_cost=198.18198, p_value=0.99999, constraint_value=0.00105, constraint_violation=-0.99895
lambda=0.00000, eps=1.00000, pred_cost=198.21851, p_value=0.99999, constraint_value=0.00105, constraint_violation=-0.99895
lambda=0.00000, eps=1.00000, pred_cost=199.21907, p_value=1.00000, constraint_value=0.00080, constraint_violation=-0.99920
lambda=0.00000, eps=1.00000, pred_cost=201.56985, p_value=1.00000, constraint_value=0.00092, constraint_violation=-0.99908
lambda=0.00000, eps=1.00000, pred_cost=201.07513, p_value=1.00000, constraint_value=0.00089, constraint_violation=-0.99911
lambda=0.00000, eps=1.00000, pred_cost=202.36134, p_value=1.00000, constraint_value=0.00074, constraint_violation=-0.99926
lambda=0.00000, eps=1.00000, pred_cost=204.89189, p_value=0.99999, constraint_value=0.00110, constraint_violation=-0.99890
lambda=0.00000, eps=1.00000, pred_cost=203.50438, p_value=0.99999, constraint_value=0.00120, constraint_violation=-0.99880
lambda=0.00000, eps=1.00000, pred_cost=206.82362, p_value=1.00000, constraint_value=0.00081, constraint_violation=-0.99919
lambda=0.00000, eps=1.00000, pred_cost=205.82664, p_value=0.99999, constraint_value=0.00105, constraint_violation=-0.99895
lambda=0.00000, eps=1.00000, pred_cost=205.56146, p_value=0.99999, constraint_value=0.00118, constraint_violation=-0.99882
lambda=0.00000, eps=1.00000, pred_cost=204.96489, p_value=0.99999, constraint_value=0.00110, constraint_violation=-0.99890
lambda=0.00000, eps=1.00000, pred_cost=204.04289, p_value=1.00000, constraint_value=0.00081, constraint_violation=-0.99919
lambda=0.00000, eps=1.00000, pred_cost=203.11324, p_value=1.00000, constraint_value=0.00095, constraint_violation=-0.99905
lambda=0.00000, eps=1.00000, pred_cost=202.45917, p_value=0.99999, constraint_value=0.00112, constraint_violation=-0.99888
lambda=0.00000, eps=1.00000, pred_cost=204.29813, p_value=0.99999, constraint_value=0.00113, constraint_violation=-0.99887
lambda=0.00000, eps=1.00000, pred_cost=205.88936, p_value=0.99999, constraint_value=0.00133, constraint_violation=-0.99867
lambda=0.00000, eps=1.00000, pred_cost=205.12326, p_value=0.99999, constraint_value=0.00136, constraint_violation=-0.99864
lambda=0.00000, eps=1.00000, pred_cost=205.44662, p_value=0.99999, constraint_value=0.00101, constraint_violation=-0.99899
lambda=0.00000, eps=1.00000, pred_cost=206.76630, p_value=1.00000, constraint_value=0.00089, constraint_violation=-0.99911
lambda=0.00000, eps=1.00000, pred_cost=206.16454, p_value=0.99999, constraint_value=0.00140, constraint_violation=-0.99860
lambda=0.00000, eps=1.00000, pred_cost=206.66478, p_value=1.00000, constraint_value=0.00101, constraint_violation=-0.99899
lambda=0.00000, eps=1.00000, pred_cost=208.89641, p_value=1.00000, constraint_value=0.00102, constraint_violation=-0.99898
lambda=0.00000, eps=1.00000, pred_cost=207.31604, p_value=1.00000, constraint_value=0.00080, constraint_violation=-0.99920
lambda=0.00000, eps=1.00000, pred_cost=208.38885, p_value=1.00000, constraint_value=0.00074, constraint_violation=-0.99926
lambda=0.00000, eps=1.00000, pred_cost=209.17102, p_value=0.99999, constraint_value=0.00140, constraint_violation=-0.99860
evaluate_num:21 	 evaluate_reward:4879.239578927204 	 evaluate_cost:1378.0118618160486 	 evaluate_max_cost:2.7200002670288086
lambda=0.00000, eps=1.00000, pred_cost=208.09499, p_value=1.00000, constraint_value=0.00100, constraint_violation=-0.99900
lambda=0.00000, eps=1.00000, pred_cost=208.38254, p_value=0.99999, constraint_value=0.00108, constraint_violation=-0.99892
lambda=0.00000, eps=1.00000, pred_cost=207.52887, p_value=0.99999, constraint_value=0.00129, constraint_violation=-0.99871
lambda=0.00000, eps=1.00000, pred_cost=206.33102, p_value=1.00000, constraint_value=0.00088, constraint_violation=-0.99912
lambda=0.00000, eps=1.00000, pred_cost=210.36194, p_value=1.00000, constraint_value=0.00084, constraint_violation=-0.99916
lambda=0.00000, eps=1.00000, pred_cost=208.63306, p_value=0.99999, constraint_value=0.00137, constraint_violation=-0.99863
lambda=0.00000, eps=1.00000, pred_cost=209.17621, p_value=1.00000, constraint_value=0.00096, constraint_violation=-0.99904
lambda=0.00000, eps=1.00000, pred_cost=209.22581, p_value=1.00000, constraint_value=0.00098, constraint_violation=-0.99902
lambda=0.00000, eps=1.00000, pred_cost=208.99896, p_value=0.99999, constraint_value=0.00136, constraint_violation=-0.99864
lambda=0.00000, eps=1.00000, pred_cost=209.43016, p_value=0.99999, constraint_value=0.00107, constraint_violation=-0.99893
lambda=0.00000, eps=1.00000, pred_cost=210.64612, p_value=1.00000, constraint_value=0.00092, constraint_violation=-0.99908
lambda=0.00000, eps=1.00000, pred_cost=211.49768, p_value=1.00000, constraint_value=0.00088, constraint_violation=-0.99912
lambda=0.00000, eps=1.00000, pred_cost=211.96466, p_value=1.00000, constraint_value=0.00101, constraint_violation=-0.99899
lambda=0.00000, eps=1.00000, pred_cost=210.71329, p_value=1.00000, constraint_value=0.00101, constraint_violation=-0.99899
lambda=0.00000, eps=1.00000, pred_cost=211.12540, p_value=0.99999, constraint_value=0.00121, constraint_violation=-0.99879
lambda=0.00000, eps=1.00000, pred_cost=211.59569, p_value=0.99999, constraint_value=0.00142, constraint_violation=-0.99858
lambda=0.00000, eps=1.00000, pred_cost=211.65437, p_value=1.00000, constraint_value=0.00087, constraint_violation=-0.99913
lambda=0.00000, eps=1.00000, pred_cost=212.73462, p_value=1.00000, constraint_value=0.00089, constraint_violation=-0.99911
lambda=0.00000, eps=1.00000, pred_cost=212.98865, p_value=1.00000, constraint_value=0.00101, constraint_violation=-0.99899
lambda=0.00000, eps=1.00000, pred_cost=212.22527, p_value=1.00000, constraint_value=0.00082, constraint_violation=-0.99918
lambda=0.00000, eps=1.00000, pred_cost=211.86469, p_value=1.00000, constraint_value=0.00082, constraint_violation=-0.99918
lambda=0.00000, eps=1.00000, pred_cost=211.43123, p_value=1.00000, constraint_value=0.00091, constraint_violation=-0.99909
lambda=0.00000, eps=1.00000, pred_cost=212.48514, p_value=1.00000, constraint_value=0.00099, constraint_violation=-0.99901
lambda=0.00000, eps=1.00000, pred_cost=212.45457, p_value=1.00000, constraint_value=0.00104, constraint_violation=-0.99896
lambda=0.00000, eps=1.00000, pred_cost=211.52945, p_value=1.00000, constraint_value=0.00081, constraint_violation=-0.99919
lambda=0.00000, eps=1.00000, pred_cost=210.71179, p_value=1.00000, constraint_value=0.00088, constraint_violation=-0.99912
lambda=0.00000, eps=1.00000, pred_cost=211.30623, p_value=1.00000, constraint_value=0.00102, constraint_violation=-0.99898
lambda=0.00000, eps=1.00000, pred_cost=212.04311, p_value=1.00000, constraint_value=0.00081, constraint_violation=-0.99919
lambda=0.00000, eps=1.00000, pred_cost=212.66403, p_value=1.00000, constraint_value=0.00083, constraint_violation=-0.99917
lambda=0.00000, eps=1.00000, pred_cost=213.12854, p_value=1.00000, constraint_value=0.00075, constraint_violation=-0.99925
lambda=0.00000, eps=1.00000, pred_cost=214.85748, p_value=1.00000, constraint_value=0.00070, constraint_violation=-0.99930
lambda=0.00000, eps=1.00000, pred_cost=215.77655, p_value=0.99999, constraint_value=0.00113, constraint_violation=-0.99887
lambda=0.00000, eps=1.00000, pred_cost=212.79408, p_value=1.00000, constraint_value=0.00085, constraint_violation=-0.99915
lambda=0.00000, eps=1.00000, pred_cost=211.95557, p_value=1.00000, constraint_value=0.00099, constraint_violation=-0.99901
lambda=0.00000, eps=1.00000, pred_cost=212.82153, p_value=1.00000, constraint_value=0.00085, constraint_violation=-0.99915
lambda=0.00000, eps=1.00000, pred_cost=213.67139, p_value=0.99999, constraint_value=0.00120, constraint_violation=-0.99880
lambda=0.00000, eps=1.00000, pred_cost=212.44662, p_value=1.00000, constraint_value=0.00088, constraint_violation=-0.99912
lambda=0.00000, eps=1.00000, pred_cost=215.02412, p_value=1.00000, constraint_value=0.00101, constraint_violation=-0.99899
lambda=0.00000, eps=1.00000, pred_cost=214.88416, p_value=1.00000, constraint_value=0.00105, constraint_violation=-0.99895
lambda=0.00000, eps=1.00000, pred_cost=215.22784, p_value=1.00000, constraint_value=0.00085, constraint_violation=-0.99915
lambda=0.00000, eps=1.00000, pred_cost=215.74850, p_value=1.00000, constraint_value=0.00081, constraint_violation=-0.99919
lambda=0.00000, eps=1.00000, pred_cost=216.07399, p_value=1.00000, constraint_value=0.00106, constraint_violation=-0.99894
lambda=0.00000, eps=1.00000, pred_cost=218.28543, p_value=1.00000, constraint_value=0.00104, constraint_violation=-0.99896
lambda=0.00000, eps=1.00000, pred_cost=219.39647, p_value=1.00000, constraint_value=0.00094, constraint_violation=-0.99906
lambda=0.00000, eps=1.00000, pred_cost=218.32562, p_value=1.00000, constraint_value=0.00093, constraint_violation=-0.99907
lambda=0.00000, eps=1.00000, pred_cost=220.67317, p_value=1.00000, constraint_value=0.00065, constraint_violation=-0.99935
lambda=0.00000, eps=1.00000, pred_cost=218.54303, p_value=1.00000, constraint_value=0.00077, constraint_violation=-0.99923
lambda=0.00000, eps=1.00000, pred_cost=217.18736, p_value=0.99999, constraint_value=0.00109, constraint_violation=-0.99891
evaluate_num:22 	 evaluate_reward:4883.670955010926 	 evaluate_cost:1409.1762378811836 	 evaluate_max_cost:2.7200002670288086
lambda=0.00000, eps=1.00000, pred_cost=216.64609, p_value=1.00000, constraint_value=0.00078, constraint_violation=-0.99922
lambda=0.00000, eps=1.00000, pred_cost=216.65668, p_value=1.00000, constraint_value=0.00076, constraint_violation=-0.99924
lambda=0.00000, eps=1.00000, pred_cost=217.56113, p_value=1.00000, constraint_value=0.00090, constraint_violation=-0.99910
lambda=0.00000, eps=1.00000, pred_cost=218.30759, p_value=0.99999, constraint_value=0.00182, constraint_violation=-0.99818
lambda=0.00000, eps=1.00000, pred_cost=218.66370, p_value=1.00000, constraint_value=0.00064, constraint_violation=-0.99936
lambda=0.00000, eps=1.00000, pred_cost=223.09547, p_value=1.00000, constraint_value=0.00083, constraint_violation=-0.99917
lambda=0.00000, eps=1.00000, pred_cost=221.19109, p_value=1.00000, constraint_value=0.00088, constraint_violation=-0.99912
lambda=0.00000, eps=1.00000, pred_cost=222.40656, p_value=1.00000, constraint_value=0.00068, constraint_violation=-0.99932
lambda=0.00000, eps=1.00000, pred_cost=221.93240, p_value=1.00000, constraint_value=0.00072, constraint_violation=-0.99928
lambda=0.00000, eps=1.00000, pred_cost=220.28575, p_value=1.00000, constraint_value=0.00069, constraint_violation=-0.99931
lambda=0.00000, eps=1.00000, pred_cost=221.35030, p_value=1.00000, constraint_value=0.00080, constraint_violation=-0.99920
lambda=0.00000, eps=1.00000, pred_cost=221.99301, p_value=1.00000, constraint_value=0.00056, constraint_violation=-0.99944
lambda=0.00000, eps=1.00000, pred_cost=219.39650, p_value=1.00000, constraint_value=0.00063, constraint_violation=-0.99937
lambda=0.00000, eps=1.00000, pred_cost=219.31972, p_value=1.00000, constraint_value=0.00063, constraint_violation=-0.99937
lambda=0.00000, eps=1.00000, pred_cost=220.20686, p_value=1.00000, constraint_value=0.00061, constraint_violation=-0.99939
lambda=0.00000, eps=1.00000, pred_cost=220.19893, p_value=1.00000, constraint_value=0.00065, constraint_violation=-0.99935
lambda=0.00000, eps=1.00000, pred_cost=222.29333, p_value=1.00000, constraint_value=0.00085, constraint_violation=-0.99915
lambda=0.00000, eps=1.00000, pred_cost=223.97498, p_value=1.00000, constraint_value=0.00078, constraint_violation=-0.99922
lambda=0.00000, eps=1.00000, pred_cost=224.86548, p_value=1.00000, constraint_value=0.00057, constraint_violation=-0.99943
lambda=0.00000, eps=1.00000, pred_cost=226.69543, p_value=1.00000, constraint_value=0.00075, constraint_violation=-0.99925
lambda=0.00000, eps=1.00000, pred_cost=226.52820, p_value=1.00000, constraint_value=0.00084, constraint_violation=-0.99916
lambda=0.00000, eps=1.00000, pred_cost=226.36115, p_value=1.00000, constraint_value=0.00061, constraint_violation=-0.99939
lambda=0.00000, eps=1.00000, pred_cost=227.23689, p_value=1.00000, constraint_value=0.00084, constraint_violation=-0.99916
lambda=0.00000, eps=1.00000, pred_cost=227.95013, p_value=1.00000, constraint_value=0.00091, constraint_violation=-0.99909
lambda=0.00000, eps=1.00000, pred_cost=226.25668, p_value=1.00000, constraint_value=0.00067, constraint_violation=-0.99933
lambda=0.00000, eps=1.00000, pred_cost=223.58702, p_value=1.00000, constraint_value=0.00060, constraint_violation=-0.99940
lambda=0.00000, eps=1.00000, pred_cost=223.93002, p_value=1.00000, constraint_value=0.00059, constraint_violation=-0.99941
lambda=0.00000, eps=1.00000, pred_cost=222.93895, p_value=1.00000, constraint_value=0.00063, constraint_violation=-0.99937
lambda=0.00000, eps=1.00000, pred_cost=222.41682, p_value=1.00000, constraint_value=0.00055, constraint_violation=-0.99945
lambda=0.00000, eps=1.00000, pred_cost=223.05553, p_value=1.00000, constraint_value=0.00104, constraint_violation=-0.99896
lambda=0.00000, eps=1.00000, pred_cost=223.11795, p_value=1.00000, constraint_value=0.00063, constraint_violation=-0.99937
lambda=0.00000, eps=1.00000, pred_cost=224.41788, p_value=1.00000, constraint_value=0.00068, constraint_violation=-0.99932
lambda=0.00000, eps=1.00000, pred_cost=225.95769, p_value=1.00000, constraint_value=0.00057, constraint_violation=-0.99943
lambda=0.00000, eps=1.00000, pred_cost=230.38068, p_value=1.00000, constraint_value=0.00062, constraint_violation=-0.99938
lambda=0.00000, eps=1.00000, pred_cost=228.00793, p_value=1.00000, constraint_value=0.00071, constraint_violation=-0.99929
lambda=0.00000, eps=1.00000, pred_cost=231.30879, p_value=1.00000, constraint_value=0.00060, constraint_violation=-0.99940
lambda=0.00000, eps=1.00000, pred_cost=232.37244, p_value=1.00000, constraint_value=0.00055, constraint_violation=-0.99945
lambda=0.00000, eps=1.00000, pred_cost=232.03040, p_value=1.00000, constraint_value=0.00080, constraint_violation=-0.99920
lambda=0.00000, eps=1.00000, pred_cost=230.74533, p_value=1.00000, constraint_value=0.00062, constraint_violation=-0.99938
lambda=0.00000, eps=1.00000, pred_cost=230.46530, p_value=1.00000, constraint_value=0.00064, constraint_violation=-0.99936
lambda=0.00000, eps=1.00000, pred_cost=227.60930, p_value=1.00000, constraint_value=0.00062, constraint_violation=-0.99938
lambda=0.00000, eps=1.00000, pred_cost=227.94232, p_value=1.00000, constraint_value=0.00056, constraint_violation=-0.99944
lambda=0.00000, eps=1.00000, pred_cost=228.76483, p_value=1.00000, constraint_value=0.00065, constraint_violation=-0.99935
lambda=0.00000, eps=1.00000, pred_cost=229.22993, p_value=1.00000, constraint_value=0.00054, constraint_violation=-0.99946
lambda=0.00000, eps=1.00000, pred_cost=229.62909, p_value=1.00000, constraint_value=0.00053, constraint_violation=-0.99947
lambda=0.00000, eps=1.00000, pred_cost=228.95357, p_value=1.00000, constraint_value=0.00057, constraint_violation=-0.99943
lambda=0.00000, eps=1.00000, pred_cost=230.33896, p_value=1.00000, constraint_value=0.00060, constraint_violation=-0.99940
lambda=0.00000, eps=1.00000, pred_cost=231.11874, p_value=1.00000, constraint_value=0.00053, constraint_violation=-0.99947
lambda=0.00000, eps=1.00000, pred_cost=229.86555, p_value=1.00000, constraint_value=0.00056, constraint_violation=-0.99944
evaluate_num:23 	 evaluate_reward:4900.432351502219 	 evaluate_cost:1402.3186154663563 	 evaluate_max_cost:2.7200002670288086
lambda=0.00000, eps=1.00000, pred_cost=230.08778, p_value=1.00000, constraint_value=0.00060, constraint_violation=-0.99940
lambda=0.00000, eps=1.00000, pred_cost=230.46895, p_value=1.00000, constraint_value=0.00063, constraint_violation=-0.99937
lambda=0.00000, eps=1.00000, pred_cost=229.72208, p_value=1.00000, constraint_value=0.00063, constraint_violation=-0.99937
lambda=0.00000, eps=1.00000, pred_cost=231.57953, p_value=1.00000, constraint_value=0.00054, constraint_violation=-0.99946
lambda=0.00000, eps=1.00000, pred_cost=232.74583, p_value=1.00000, constraint_value=0.00054, constraint_violation=-0.99946
lambda=0.00000, eps=1.00000, pred_cost=229.09039, p_value=1.00000, constraint_value=0.00054, constraint_violation=-0.99946
lambda=0.00000, eps=1.00000, pred_cost=230.09695, p_value=1.00000, constraint_value=0.00067, constraint_violation=-0.99933
lambda=0.00000, eps=1.00000, pred_cost=227.52980, p_value=1.00000, constraint_value=0.00089, constraint_violation=-0.99911
lambda=0.00000, eps=1.00000, pred_cost=230.20631, p_value=1.00000, constraint_value=0.00077, constraint_violation=-0.99923
lambda=0.00000, eps=1.00000, pred_cost=229.58917, p_value=1.00000, constraint_value=0.00097, constraint_violation=-0.99903
lambda=0.00000, eps=1.00000, pred_cost=228.78262, p_value=1.00000, constraint_value=0.00052, constraint_violation=-0.99948
lambda=0.00000, eps=1.00000, pred_cost=229.18564, p_value=1.00000, constraint_value=0.00061, constraint_violation=-0.99939
lambda=0.00000, eps=1.00000, pred_cost=230.72191, p_value=1.00000, constraint_value=0.00055, constraint_violation=-0.99945
lambda=0.00000, eps=1.00000, pred_cost=229.20920, p_value=1.00000, constraint_value=0.00079, constraint_violation=-0.99921
lambda=0.00000, eps=1.00000, pred_cost=228.70744, p_value=1.00000, constraint_value=0.00063, constraint_violation=-0.99937
lambda=0.00000, eps=1.00000, pred_cost=228.56033, p_value=1.00000, constraint_value=0.00056, constraint_violation=-0.99944
lambda=0.00000, eps=1.00000, pred_cost=228.34756, p_value=1.00000, constraint_value=0.00061, constraint_violation=-0.99939
lambda=0.00000, eps=1.00000, pred_cost=229.56657, p_value=0.99999, constraint_value=0.00117, constraint_violation=-0.99883
lambda=0.00000, eps=1.00000, pred_cost=228.52037, p_value=1.00000, constraint_value=0.00065, constraint_violation=-0.99935
lambda=0.00000, eps=1.00000, pred_cost=227.99506, p_value=1.00000, constraint_value=0.00077, constraint_violation=-0.99923
lambda=0.00000, eps=1.00000, pred_cost=227.44302, p_value=1.00000, constraint_value=0.00063, constraint_violation=-0.99937
lambda=0.00000, eps=1.00000, pred_cost=227.24324, p_value=1.00000, constraint_value=0.00064, constraint_violation=-0.99936
lambda=0.00000, eps=1.00000, pred_cost=229.61571, p_value=1.00000, constraint_value=0.00059, constraint_violation=-0.99941
lambda=0.00000, eps=1.00000, pred_cost=230.65266, p_value=1.00000, constraint_value=0.00061, constraint_violation=-0.99939
lambda=0.00000, eps=1.00000, pred_cost=228.73959, p_value=1.00000, constraint_value=0.00064, constraint_violation=-0.99936
lambda=0.00000, eps=1.00000, pred_cost=228.89439, p_value=1.00000, constraint_value=0.00059, constraint_violation=-0.99941
lambda=0.00000, eps=1.00000, pred_cost=228.08714, p_value=1.00000, constraint_value=0.00071, constraint_violation=-0.99929
lambda=0.00000, eps=1.00000, pred_cost=226.44377, p_value=1.00000, constraint_value=0.00052, constraint_violation=-0.99948
lambda=0.00000, eps=1.00000, pred_cost=227.32639, p_value=1.00000, constraint_value=0.00054, constraint_violation=-0.99946
lambda=0.00000, eps=1.00000, pred_cost=227.50420, p_value=1.00000, constraint_value=0.00050, constraint_violation=-0.99950
lambda=0.00000, eps=1.00000, pred_cost=226.27237, p_value=1.00000, constraint_value=0.00083, constraint_violation=-0.99917
lambda=0.00000, eps=1.00000, pred_cost=224.86377, p_value=1.00000, constraint_value=0.00061, constraint_violation=-0.99939
lambda=0.00000, eps=1.00000, pred_cost=228.86882, p_value=1.00000, constraint_value=0.00070, constraint_violation=-0.99930
lambda=0.00000, eps=1.00000, pred_cost=227.37674, p_value=1.00000, constraint_value=0.00056, constraint_violation=-0.99944
lambda=0.00000, eps=1.00000, pred_cost=226.87689, p_value=1.00000, constraint_value=0.00070, constraint_violation=-0.99930
lambda=0.00000, eps=1.00000, pred_cost=226.16037, p_value=1.00000, constraint_value=0.00063, constraint_violation=-0.99937
lambda=0.00000, eps=1.00000, pred_cost=228.28754, p_value=1.00000, constraint_value=0.00054, constraint_violation=-0.99946
lambda=0.00000, eps=1.00000, pred_cost=226.30344, p_value=1.00000, constraint_value=0.00062, constraint_violation=-0.99938
lambda=0.00000, eps=1.00000, pred_cost=227.51378, p_value=1.00000, constraint_value=0.00053, constraint_violation=-0.99947
lambda=0.00000, eps=1.00000, pred_cost=225.65031, p_value=1.00000, constraint_value=0.00065, constraint_violation=-0.99935
lambda=0.00000, eps=1.00000, pred_cost=225.50861, p_value=1.00000, constraint_value=0.00064, constraint_violation=-0.99936
lambda=0.00000, eps=1.00000, pred_cost=225.70404, p_value=1.00000, constraint_value=0.00061, constraint_violation=-0.99939
lambda=0.00000, eps=1.00000, pred_cost=227.22536, p_value=1.00000, constraint_value=0.00063, constraint_violation=-0.99937
lambda=0.00000, eps=1.00000, pred_cost=226.22458, p_value=1.00000, constraint_value=0.00064, constraint_violation=-0.99936
lambda=0.00000, eps=1.00000, pred_cost=225.96272, p_value=1.00000, constraint_value=0.00078, constraint_violation=-0.99922
lambda=0.00000, eps=1.00000, pred_cost=225.05341, p_value=1.00000, constraint_value=0.00067, constraint_violation=-0.99933
lambda=0.00000, eps=1.00000, pred_cost=224.87982, p_value=1.00000, constraint_value=0.00083, constraint_violation=-0.99917
lambda=0.00000, eps=1.00000, pred_cost=225.73351, p_value=1.00000, constraint_value=0.00068, constraint_violation=-0.99932
lambda=0.00000, eps=1.00000, pred_cost=225.06294, p_value=1.00000, constraint_value=0.00071, constraint_violation=-0.99929
evaluate_num:24 	 evaluate_reward:4884.0526041233215 	 evaluate_cost:1367.1157136559486 	 evaluate_max_cost:2.7200002670288086
lambda=0.00000, eps=1.00000, pred_cost=223.99060, p_value=1.00000, constraint_value=0.00072, constraint_violation=-0.99928
lambda=0.00000, eps=1.00000, pred_cost=222.52034, p_value=1.00000, constraint_value=0.00062, constraint_violation=-0.99938
lambda=0.00000, eps=1.00000, pred_cost=222.40762, p_value=1.00000, constraint_value=0.00088, constraint_violation=-0.99912
lambda=0.00000, eps=1.00000, pred_cost=223.01141, p_value=1.00000, constraint_value=0.00070, constraint_violation=-0.99930
lambda=0.00000, eps=1.00000, pred_cost=223.72720, p_value=1.00000, constraint_value=0.00075, constraint_violation=-0.99925
lambda=0.00000, eps=1.00000, pred_cost=223.29076, p_value=1.00000, constraint_value=0.00059, constraint_violation=-0.99941
lambda=0.00000, eps=1.00000, pred_cost=224.84427, p_value=1.00000, constraint_value=0.00062, constraint_violation=-0.99938
lambda=0.00000, eps=1.00000, pred_cost=225.70110, p_value=1.00000, constraint_value=0.00067, constraint_violation=-0.99933
lambda=0.00000, eps=1.00000, pred_cost=225.51482, p_value=1.00000, constraint_value=0.00088, constraint_violation=-0.99912
lambda=0.00000, eps=1.00000, pred_cost=223.52730, p_value=1.00000, constraint_value=0.00062, constraint_violation=-0.99938
lambda=0.00000, eps=1.00000, pred_cost=222.28720, p_value=1.00000, constraint_value=0.00071, constraint_violation=-0.99929
lambda=0.00000, eps=1.00000, pred_cost=222.08609, p_value=1.00000, constraint_value=0.00097, constraint_violation=-0.99903
lambda=0.00000, eps=1.00000, pred_cost=221.49614, p_value=1.00000, constraint_value=0.00061, constraint_violation=-0.99939
lambda=0.00000, eps=1.00000, pred_cost=223.04936, p_value=1.00000, constraint_value=0.00063, constraint_violation=-0.99937
lambda=0.00000, eps=1.00000, pred_cost=222.34665, p_value=1.00000, constraint_value=0.00083, constraint_violation=-0.99917
lambda=0.00000, eps=1.00000, pred_cost=221.21094, p_value=1.00000, constraint_value=0.00063, constraint_violation=-0.99937
lambda=0.00000, eps=1.00000, pred_cost=221.73347, p_value=1.00000, constraint_value=0.00063, constraint_violation=-0.99937
lambda=0.00000, eps=1.00000, pred_cost=220.22293, p_value=1.00000, constraint_value=0.00063, constraint_violation=-0.99937
lambda=0.00000, eps=1.00000, pred_cost=222.75279, p_value=1.00000, constraint_value=0.00063, constraint_violation=-0.99937
lambda=0.00000, eps=1.00000, pred_cost=223.22118, p_value=1.00000, constraint_value=0.00058, constraint_violation=-0.99942
lambda=0.00000, eps=1.00000, pred_cost=224.52325, p_value=1.00000, constraint_value=0.00073, constraint_violation=-0.99927
lambda=0.00000, eps=1.00000, pred_cost=222.81876, p_value=1.00000, constraint_value=0.00059, constraint_violation=-0.99941
lambda=0.00000, eps=1.00000, pred_cost=221.64482, p_value=1.00000, constraint_value=0.00078, constraint_violation=-0.99922
lambda=0.00000, eps=1.00000, pred_cost=222.13733, p_value=1.00000, constraint_value=0.00062, constraint_violation=-0.99938
lambda=0.00000, eps=1.00000, pred_cost=222.45331, p_value=0.99999, constraint_value=0.00150, constraint_violation=-0.99850
lambda=0.00000, eps=1.00000, pred_cost=223.21524, p_value=1.00000, constraint_value=0.00078, constraint_violation=-0.99922
lambda=0.00000, eps=1.00000, pred_cost=221.28842, p_value=1.00000, constraint_value=0.00068, constraint_violation=-0.99932
lambda=0.00000, eps=1.00000, pred_cost=221.39630, p_value=1.00000, constraint_value=0.00067, constraint_violation=-0.99933
lambda=0.00000, eps=1.00000, pred_cost=220.25859, p_value=1.00000, constraint_value=0.00069, constraint_violation=-0.99931
lambda=0.00000, eps=1.00000, pred_cost=219.81058, p_value=1.00000, constraint_value=0.00065, constraint_violation=-0.99935
lambda=0.00000, eps=1.00000, pred_cost=219.12598, p_value=1.00000, constraint_value=0.00070, constraint_violation=-0.99930
lambda=0.00000, eps=1.00000, pred_cost=216.66856, p_value=1.00000, constraint_value=0.00069, constraint_violation=-0.99931
lambda=0.00000, eps=1.00000, pred_cost=215.28844, p_value=1.00000, constraint_value=0.00063, constraint_violation=-0.99937
lambda=0.00000, eps=1.00000, pred_cost=217.61607, p_value=1.00000, constraint_value=0.00065, constraint_violation=-0.99935
lambda=0.00000, eps=1.00000, pred_cost=218.99171, p_value=1.00000, constraint_value=0.00068, constraint_violation=-0.99932
lambda=0.00000, eps=1.00000, pred_cost=218.66077, p_value=1.00000, constraint_value=0.00061, constraint_violation=-0.99939
lambda=0.00000, eps=1.00000, pred_cost=217.81277, p_value=1.00000, constraint_value=0.00089, constraint_violation=-0.99911
lambda=0.00000, eps=1.00000, pred_cost=217.90895, p_value=1.00000, constraint_value=0.00064, constraint_violation=-0.99936
lambda=0.00000, eps=1.00000, pred_cost=219.54372, p_value=1.00000, constraint_value=0.00059, constraint_violation=-0.99941
lambda=0.00000, eps=1.00000, pred_cost=219.68211, p_value=1.00000, constraint_value=0.00061, constraint_violation=-0.99939
lambda=0.00000, eps=1.00000, pred_cost=219.67339, p_value=1.00000, constraint_value=0.00096, constraint_violation=-0.99904
lambda=0.00000, eps=1.00000, pred_cost=219.47572, p_value=1.00000, constraint_value=0.00060, constraint_violation=-0.99940
lambda=0.00000, eps=1.00000, pred_cost=218.54100, p_value=1.00000, constraint_value=0.00062, constraint_violation=-0.99938
lambda=0.00000, eps=1.00000, pred_cost=218.40761, p_value=1.00000, constraint_value=0.00079, constraint_violation=-0.99921
lambda=0.00000, eps=1.00000, pred_cost=219.25407, p_value=1.00000, constraint_value=0.00084, constraint_violation=-0.99916
lambda=0.00000, eps=1.00000, pred_cost=217.08939, p_value=1.00000, constraint_value=0.00070, constraint_violation=-0.99930
lambda=0.00000, eps=1.00000, pred_cost=216.35286, p_value=1.00000, constraint_value=0.00073, constraint_violation=-0.99927
lambda=0.00000, eps=1.00000, pred_cost=217.54523, p_value=1.00000, constraint_value=0.00074, constraint_violation=-0.99926
lambda=0.00000, eps=1.00000, pred_cost=216.25412, p_value=1.00000, constraint_value=0.00062, constraint_violation=-0.99938
evaluate_num:25 	 evaluate_reward:4887.416658798994 	 evaluate_cost:1367.9991196841002 	 evaluate_max_cost:2.7200002670288086
lambda=0.00000, eps=1.00000, pred_cost=218.68158, p_value=1.00000, constraint_value=0.00068, constraint_violation=-0.99932
lambda=0.00000, eps=1.00000, pred_cost=216.16066, p_value=1.00000, constraint_value=0.00061, constraint_violation=-0.99939
lambda=0.00000, eps=1.00000, pred_cost=214.95393, p_value=1.00000, constraint_value=0.00066, constraint_violation=-0.99934
lambda=0.00000, eps=1.00000, pred_cost=216.06580, p_value=1.00000, constraint_value=0.00066, constraint_violation=-0.99934
lambda=0.00000, eps=1.00000, pred_cost=216.57181, p_value=1.00000, constraint_value=0.00076, constraint_violation=-0.99924
lambda=0.00000, eps=1.00000, pred_cost=216.70677, p_value=1.00000, constraint_value=0.00062, constraint_violation=-0.99938
lambda=0.00000, eps=1.00000, pred_cost=215.89226, p_value=1.00000, constraint_value=0.00061, constraint_violation=-0.99939
lambda=0.00000, eps=1.00000, pred_cost=215.45929, p_value=1.00000, constraint_value=0.00059, constraint_violation=-0.99941
lambda=0.00000, eps=1.00000, pred_cost=216.26752, p_value=1.00000, constraint_value=0.00064, constraint_violation=-0.99936
lambda=0.00000, eps=1.00000, pred_cost=215.84891, p_value=1.00000, constraint_value=0.00058, constraint_violation=-0.99942
lambda=0.00000, eps=1.00000, pred_cost=217.04726, p_value=1.00000, constraint_value=0.00067, constraint_violation=-0.99933
lambda=0.00000, eps=1.00000, pred_cost=218.08559, p_value=1.00000, constraint_value=0.00054, constraint_violation=-0.99946
lambda=0.00000, eps=1.00000, pred_cost=217.37990, p_value=1.00000, constraint_value=0.00075, constraint_violation=-0.99925
lambda=0.00000, eps=1.00000, pred_cost=218.03654, p_value=1.00000, constraint_value=0.00057, constraint_violation=-0.99943
lambda=0.00000, eps=1.00000, pred_cost=217.14116, p_value=1.00000, constraint_value=0.00068, constraint_violation=-0.99932
lambda=0.00000, eps=1.00000, pred_cost=217.30295, p_value=1.00000, constraint_value=0.00095, constraint_violation=-0.99905
lambda=0.00000, eps=1.00000, pred_cost=215.94145, p_value=1.00000, constraint_value=0.00059, constraint_violation=-0.99941
lambda=0.00000, eps=1.00000, pred_cost=216.13411, p_value=1.00000, constraint_value=0.00104, constraint_violation=-0.99896
lambda=0.00000, eps=1.00000, pred_cost=214.93779, p_value=1.00000, constraint_value=0.00067, constraint_violation=-0.99933
lambda=0.00000, eps=1.00000, pred_cost=214.71339, p_value=1.00000, constraint_value=0.00065, constraint_violation=-0.99935
lambda=0.00000, eps=1.00000, pred_cost=214.68256, p_value=1.00000, constraint_value=0.00069, constraint_violation=-0.99931
lambda=0.00000, eps=1.00000, pred_cost=215.30313, p_value=1.00000, constraint_value=0.00066, constraint_violation=-0.99934
lambda=0.00000, eps=1.00000, pred_cost=215.75232, p_value=1.00000, constraint_value=0.00064, constraint_violation=-0.99936
lambda=0.00000, eps=1.00000, pred_cost=215.09312, p_value=1.00000, constraint_value=0.00061, constraint_violation=-0.99939
lambda=0.00000, eps=1.00000, pred_cost=215.54855, p_value=1.00000, constraint_value=0.00085, constraint_violation=-0.99915
lambda=0.00000, eps=1.00000, pred_cost=216.79663, p_value=1.00000, constraint_value=0.00071, constraint_violation=-0.99929
lambda=0.00000, eps=1.00000, pred_cost=216.41010, p_value=1.00000, constraint_value=0.00067, constraint_violation=-0.99933
lambda=0.00000, eps=1.00000, pred_cost=213.56799, p_value=1.00000, constraint_value=0.00064, constraint_violation=-0.99936
lambda=0.00000, eps=1.00000, pred_cost=214.77884, p_value=1.00000, constraint_value=0.00067, constraint_violation=-0.99933
lambda=0.00000, eps=1.00000, pred_cost=215.97369, p_value=1.00000, constraint_value=0.00075, constraint_violation=-0.99925
lambda=0.00000, eps=1.00000, pred_cost=216.49973, p_value=1.00000, constraint_value=0.00069, constraint_violation=-0.99931
lambda=0.00000, eps=1.00000, pred_cost=215.21646, p_value=1.00000, constraint_value=0.00062, constraint_violation=-0.99938
lambda=0.00000, eps=1.00000, pred_cost=215.35136, p_value=1.00000, constraint_value=0.00054, constraint_violation=-0.99946
lambda=0.00000, eps=1.00000, pred_cost=216.14595, p_value=1.00000, constraint_value=0.00068, constraint_violation=-0.99932
lambda=0.00000, eps=1.00000, pred_cost=217.05835, p_value=1.00000, constraint_value=0.00075, constraint_violation=-0.99925
lambda=0.00000, eps=1.00000, pred_cost=216.16766, p_value=1.00000, constraint_value=0.00067, constraint_violation=-0.99933
lambda=0.00000, eps=1.00000, pred_cost=216.65732, p_value=1.00000, constraint_value=0.00070, constraint_violation=-0.99930
lambda=0.00000, eps=1.00000, pred_cost=217.23807, p_value=1.00000, constraint_value=0.00061, constraint_violation=-0.99939
lambda=0.00000, eps=1.00000, pred_cost=215.84145, p_value=1.00000, constraint_value=0.00065, constraint_violation=-0.99935
lambda=0.00000, eps=1.00000, pred_cost=216.19249, p_value=1.00000, constraint_value=0.00087, constraint_violation=-0.99913
lambda=0.00000, eps=1.00000, pred_cost=216.62746, p_value=1.00000, constraint_value=0.00059, constraint_violation=-0.99941
lambda=0.00000, eps=1.00000, pred_cost=215.69673, p_value=1.00000, constraint_value=0.00057, constraint_violation=-0.99943
lambda=0.00000, eps=1.00000, pred_cost=216.04016, p_value=1.00000, constraint_value=0.00083, constraint_violation=-0.99917
lambda=0.00000, eps=1.00000, pred_cost=215.92636, p_value=1.00000, constraint_value=0.00058, constraint_violation=-0.99942
lambda=0.00000, eps=1.00000, pred_cost=215.10477, p_value=1.00000, constraint_value=0.00057, constraint_violation=-0.99943
lambda=0.00000, eps=1.00000, pred_cost=215.81755, p_value=1.00000, constraint_value=0.00075, constraint_violation=-0.99925
lambda=0.00000, eps=1.00000, pred_cost=215.52403, p_value=1.00000, constraint_value=0.00059, constraint_violation=-0.99941
lambda=0.00000, eps=1.00000, pred_cost=216.77643, p_value=1.00000, constraint_value=0.00066, constraint_violation=-0.99934
lambda=0.00000, eps=1.00000, pred_cost=216.44086, p_value=1.00000, constraint_value=0.00086, constraint_violation=-0.99914
evaluate_num:26 	 evaluate_reward:4881.20162048944 	 evaluate_cost:1364.6165714599192 	 evaluate_max_cost:2.7200002670288086
lambda=0.00000, eps=1.00000, pred_cost=216.77136, p_value=1.00000, constraint_value=0.00063, constraint_violation=-0.99937
lambda=0.00000, eps=1.00000, pred_cost=216.96210, p_value=1.00000, constraint_value=0.00066, constraint_violation=-0.99934
lambda=0.00000, eps=1.00000, pred_cost=216.91466, p_value=1.00000, constraint_value=0.00072, constraint_violation=-0.99928
lambda=0.00000, eps=1.00000, pred_cost=217.39891, p_value=1.00000, constraint_value=0.00058, constraint_violation=-0.99942
lambda=0.00000, eps=1.00000, pred_cost=217.14153, p_value=1.00000, constraint_value=0.00060, constraint_violation=-0.99940
lambda=0.00000, eps=1.00000, pred_cost=216.79236, p_value=1.00000, constraint_value=0.00053, constraint_violation=-0.99947
lambda=0.00000, eps=1.00000, pred_cost=216.41675, p_value=1.00000, constraint_value=0.00055, constraint_violation=-0.99945
lambda=0.00000, eps=1.00000, pred_cost=215.38690, p_value=1.00000, constraint_value=0.00062, constraint_violation=-0.99938
lambda=0.00000, eps=1.00000, pred_cost=215.79433, p_value=1.00000, constraint_value=0.00094, constraint_violation=-0.99906
lambda=0.00000, eps=1.00000, pred_cost=216.10788, p_value=1.00000, constraint_value=0.00068, constraint_violation=-0.99932
lambda=0.00000, eps=1.00000, pred_cost=215.46109, p_value=1.00000, constraint_value=0.00056, constraint_violation=-0.99944
lambda=0.00000, eps=1.00000, pred_cost=216.22414, p_value=1.00000, constraint_value=0.00103, constraint_violation=-0.99897
lambda=0.00000, eps=1.00000, pred_cost=216.14444, p_value=1.00000, constraint_value=0.00061, constraint_violation=-0.99939
lambda=0.00000, eps=1.00000, pred_cost=216.65671, p_value=1.00000, constraint_value=0.00056, constraint_violation=-0.99944
lambda=0.00000, eps=1.00000, pred_cost=215.04626, p_value=1.00000, constraint_value=0.00056, constraint_violation=-0.99944
lambda=0.00000, eps=1.00000, pred_cost=214.48792, p_value=1.00000, constraint_value=0.00052, constraint_violation=-0.99948
lambda=0.00000, eps=1.00000, pred_cost=213.78606, p_value=1.00000, constraint_value=0.00054, constraint_violation=-0.99946
lambda=0.00000, eps=1.00000, pred_cost=213.88211, p_value=1.00000, constraint_value=0.00057, constraint_violation=-0.99943
lambda=0.00000, eps=1.00000, pred_cost=214.01947, p_value=1.00000, constraint_value=0.00055, constraint_violation=-0.99945
lambda=0.00000, eps=1.00000, pred_cost=214.83054, p_value=1.00000, constraint_value=0.00054, constraint_violation=-0.99946
lambda=0.00000, eps=1.00000, pred_cost=214.35437, p_value=1.00000, constraint_value=0.00053, constraint_violation=-0.99947
lambda=0.00000, eps=1.00000, pred_cost=215.67661, p_value=1.00000, constraint_value=0.00065, constraint_violation=-0.99935
lambda=0.00000, eps=1.00000, pred_cost=217.45294, p_value=1.00000, constraint_value=0.00049, constraint_violation=-0.99951
lambda=0.00000, eps=1.00000, pred_cost=217.45367, p_value=1.00000, constraint_value=0.00065, constraint_violation=-0.99935
lambda=0.00000, eps=1.00000, pred_cost=217.92706, p_value=1.00000, constraint_value=0.00074, constraint_violation=-0.99926
lambda=0.00000, eps=1.00000, pred_cost=218.96208, p_value=1.00000, constraint_value=0.00045, constraint_violation=-0.99955
lambda=0.00000, eps=1.00000, pred_cost=217.45764, p_value=1.00000, constraint_value=0.00054, constraint_violation=-0.99946
lambda=0.00000, eps=1.00000, pred_cost=217.54785, p_value=1.00000, constraint_value=0.00050, constraint_violation=-0.99950
lambda=0.00000, eps=1.00000, pred_cost=217.36874, p_value=1.00000, constraint_value=0.00067, constraint_violation=-0.99933
lambda=0.00000, eps=1.00000, pred_cost=216.78738, p_value=1.00000, constraint_value=0.00070, constraint_violation=-0.99930
lambda=0.00000, eps=1.00000, pred_cost=214.52090, p_value=1.00000, constraint_value=0.00059, constraint_violation=-0.99941
lambda=0.00000, eps=1.00000, pred_cost=215.78874, p_value=1.00000, constraint_value=0.00051, constraint_violation=-0.99949
lambda=0.00000, eps=1.00000, pred_cost=215.10611, p_value=1.00000, constraint_value=0.00056, constraint_violation=-0.99944
lambda=0.00000, eps=1.00000, pred_cost=215.37843, p_value=1.00000, constraint_value=0.00053, constraint_violation=-0.99947
lambda=0.00000, eps=1.00000, pred_cost=214.57585, p_value=1.00000, constraint_value=0.00052, constraint_violation=-0.99948
lambda=0.00000, eps=1.00000, pred_cost=215.08534, p_value=1.00000, constraint_value=0.00052, constraint_violation=-0.99948
lambda=0.00000, eps=1.00000, pred_cost=215.21925, p_value=1.00000, constraint_value=0.00053, constraint_violation=-0.99947
lambda=0.00000, eps=1.00000, pred_cost=215.16534, p_value=1.00000, constraint_value=0.00046, constraint_violation=-0.99954
lambda=0.00000, eps=1.00000, pred_cost=216.56400, p_value=1.00000, constraint_value=0.00059, constraint_violation=-0.99941
lambda=0.00000, eps=1.00000, pred_cost=217.67947, p_value=1.00000, constraint_value=0.00079, constraint_violation=-0.99921
lambda=0.00000, eps=1.00000, pred_cost=216.97974, p_value=1.00000, constraint_value=0.00053, constraint_violation=-0.99947
lambda=0.00000, eps=1.00000, pred_cost=216.63632, p_value=1.00000, constraint_value=0.00058, constraint_violation=-0.99942
lambda=0.00000, eps=1.00000, pred_cost=216.17172, p_value=1.00000, constraint_value=0.00056, constraint_violation=-0.99944
lambda=0.00000, eps=1.00000, pred_cost=215.82756, p_value=1.00000, constraint_value=0.00050, constraint_violation=-0.99950
lambda=0.00000, eps=1.00000, pred_cost=214.08389, p_value=1.00000, constraint_value=0.00052, constraint_violation=-0.99948
lambda=0.00000, eps=1.00000, pred_cost=214.93420, p_value=1.00000, constraint_value=0.00046, constraint_violation=-0.99954
lambda=0.00000, eps=1.00000, pred_cost=213.84135, p_value=1.00000, constraint_value=0.00064, constraint_violation=-0.99936
lambda=0.00000, eps=1.00000, pred_cost=214.28123, p_value=1.00000, constraint_value=0.00064, constraint_violation=-0.99936
lambda=0.00000, eps=1.00000, pred_cost=214.15735, p_value=1.00000, constraint_value=0.00050, constraint_violation=-0.99950
evaluate_num:27 	 evaluate_reward:4880.610171066925 	 evaluate_cost:1362.08902974613 	 evaluate_max_cost:2.7200002670288086
lambda=0.00000, eps=1.00000, pred_cost=214.16898, p_value=1.00000, constraint_value=0.00063, constraint_violation=-0.99937
lambda=0.00000, eps=1.00000, pred_cost=215.36267, p_value=0.99999, constraint_value=0.00110, constraint_violation=-0.99890
lambda=0.00000, eps=1.00000, pred_cost=215.58716, p_value=1.00000, constraint_value=0.00063, constraint_violation=-0.99937
lambda=0.00000, eps=1.00000, pred_cost=215.40390, p_value=1.00000, constraint_value=0.00062, constraint_violation=-0.99938
lambda=0.00000, eps=1.00000, pred_cost=215.26501, p_value=1.00000, constraint_value=0.00056, constraint_violation=-0.99944
lambda=0.00000, eps=1.00000, pred_cost=215.45735, p_value=1.00000, constraint_value=0.00063, constraint_violation=-0.99937
lambda=0.00000, eps=1.00000, pred_cost=215.51913, p_value=1.00000, constraint_value=0.00055, constraint_violation=-0.99945
lambda=0.00000, eps=1.00000, pred_cost=213.92442, p_value=1.00000, constraint_value=0.00053, constraint_violation=-0.99947
lambda=0.00000, eps=1.00000, pred_cost=214.50189, p_value=1.00000, constraint_value=0.00055, constraint_violation=-0.99945
lambda=0.00000, eps=1.00000, pred_cost=213.61440, p_value=1.00000, constraint_value=0.00044, constraint_violation=-0.99956
lambda=0.00000, eps=1.00000, pred_cost=214.33572, p_value=1.00000, constraint_value=0.00052, constraint_violation=-0.99948
lambda=0.00000, eps=1.00000, pred_cost=213.19960, p_value=1.00000, constraint_value=0.00046, constraint_violation=-0.99954
lambda=0.00000, eps=1.00000, pred_cost=214.76222, p_value=1.00000, constraint_value=0.00058, constraint_violation=-0.99942
lambda=0.00000, eps=1.00000, pred_cost=214.32834, p_value=1.00000, constraint_value=0.00067, constraint_violation=-0.99933
lambda=0.00000, eps=1.00000, pred_cost=214.64442, p_value=1.00000, constraint_value=0.00060, constraint_violation=-0.99940
lambda=0.00000, eps=1.00000, pred_cost=215.24158, p_value=1.00000, constraint_value=0.00066, constraint_violation=-0.99934
lambda=0.00000, eps=1.00000, pred_cost=214.97160, p_value=1.00000, constraint_value=0.00057, constraint_violation=-0.99943
lambda=0.00000, eps=1.00000, pred_cost=214.91103, p_value=1.00000, constraint_value=0.00055, constraint_violation=-0.99945
lambda=0.00000, eps=1.00000, pred_cost=214.70221, p_value=1.00000, constraint_value=0.00050, constraint_violation=-0.99950
lambda=0.00000, eps=1.00000, pred_cost=215.13538, p_value=1.00000, constraint_value=0.00068, constraint_violation=-0.99932
lambda=0.00000, eps=1.00000, pred_cost=214.79147, p_value=1.00000, constraint_value=0.00049, constraint_violation=-0.99951
lambda=0.00000, eps=1.00000, pred_cost=215.38606, p_value=1.00000, constraint_value=0.00066, constraint_violation=-0.99934
lambda=0.00000, eps=1.00000, pred_cost=214.99146, p_value=1.00000, constraint_value=0.00048, constraint_violation=-0.99952
lambda=0.00000, eps=1.00000, pred_cost=215.34839, p_value=1.00000, constraint_value=0.00046, constraint_violation=-0.99954
lambda=0.00000, eps=1.00000, pred_cost=215.40672, p_value=1.00000, constraint_value=0.00047, constraint_violation=-0.99953
lambda=0.00000, eps=1.00000, pred_cost=215.70694, p_value=1.00000, constraint_value=0.00050, constraint_violation=-0.99950
lambda=0.00000, eps=1.00000, pred_cost=214.76926, p_value=1.00000, constraint_value=0.00054, constraint_violation=-0.99946
lambda=0.00000, eps=1.00000, pred_cost=215.40262, p_value=1.00000, constraint_value=0.00052, constraint_violation=-0.99948
lambda=0.00000, eps=1.00000, pred_cost=215.17073, p_value=1.00000, constraint_value=0.00056, constraint_violation=-0.99944
lambda=0.00000, eps=1.00000, pred_cost=215.88402, p_value=0.99999, constraint_value=0.00112, constraint_violation=-0.99888
lambda=0.00000, eps=1.00000, pred_cost=215.35298, p_value=1.00000, constraint_value=0.00065, constraint_violation=-0.99935
lambda=0.00000, eps=1.00000, pred_cost=214.70296, p_value=1.00000, constraint_value=0.00069, constraint_violation=-0.99931
lambda=0.00000, eps=1.00000, pred_cost=215.11523, p_value=1.00000, constraint_value=0.00068, constraint_violation=-0.99932
lambda=0.00000, eps=1.00000, pred_cost=214.95641, p_value=1.00000, constraint_value=0.00051, constraint_violation=-0.99949
lambda=0.00000, eps=1.00000, pred_cost=213.62880, p_value=1.00000, constraint_value=0.00053, constraint_violation=-0.99947
lambda=0.00000, eps=1.00000, pred_cost=213.03127, p_value=1.00000, constraint_value=0.00047, constraint_violation=-0.99953
lambda=0.00000, eps=1.00000, pred_cost=213.29832, p_value=1.00000, constraint_value=0.00050, constraint_violation=-0.99950
lambda=0.00000, eps=1.00000, pred_cost=213.76289, p_value=1.00000, constraint_value=0.00043, constraint_violation=-0.99957
lambda=0.00000, eps=1.00000, pred_cost=213.31905, p_value=1.00000, constraint_value=0.00050, constraint_violation=-0.99950
lambda=0.00000, eps=1.00000, pred_cost=212.80411, p_value=1.00000, constraint_value=0.00046, constraint_violation=-0.99954
lambda=0.00000, eps=1.00000, pred_cost=213.29207, p_value=1.00000, constraint_value=0.00044, constraint_violation=-0.99956
lambda=0.00000, eps=1.00000, pred_cost=212.62178, p_value=1.00000, constraint_value=0.00067, constraint_violation=-0.99933
lambda=0.00000, eps=1.00000, pred_cost=213.23093, p_value=1.00000, constraint_value=0.00065, constraint_violation=-0.99935
lambda=0.00000, eps=1.00000, pred_cost=211.76930, p_value=1.00000, constraint_value=0.00047, constraint_violation=-0.99953
lambda=0.00000, eps=1.00000, pred_cost=211.99023, p_value=1.00000, constraint_value=0.00052, constraint_violation=-0.99948
lambda=0.00000, eps=1.00000, pred_cost=212.13733, p_value=1.00000, constraint_value=0.00055, constraint_violation=-0.99945
lambda=0.00000, eps=1.00000, pred_cost=211.76245, p_value=1.00000, constraint_value=0.00052, constraint_violation=-0.99948
lambda=0.00000, eps=1.00000, pred_cost=211.90833, p_value=1.00000, constraint_value=0.00050, constraint_violation=-0.99950
evaluate_num:28 	 evaluate_reward:4881.468841477291 	 evaluate_cost:1368.1815769523382 	 evaluate_max_cost:2.7200002670288086
lambda=0.00000, eps=1.00000, pred_cost=210.93678, p_value=1.00000, constraint_value=0.00062, constraint_violation=-0.99938
lambda=0.00000, eps=1.00000, pred_cost=210.56525, p_value=1.00000, constraint_value=0.00050, constraint_violation=-0.99950
lambda=0.00000, eps=1.00000, pred_cost=210.38524, p_value=1.00000, constraint_value=0.00055, constraint_violation=-0.99945
lambda=0.00000, eps=1.00000, pred_cost=211.39726, p_value=1.00000, constraint_value=0.00051, constraint_violation=-0.99949
lambda=0.00000, eps=1.00000, pred_cost=210.77841, p_value=1.00000, constraint_value=0.00055, constraint_violation=-0.99945
lambda=0.00000, eps=1.00000, pred_cost=210.75542, p_value=1.00000, constraint_value=0.00045, constraint_violation=-0.99955
lambda=0.00000, eps=1.00000, pred_cost=210.78261, p_value=1.00000, constraint_value=0.00066, constraint_violation=-0.99934
lambda=0.00000, eps=1.00000, pred_cost=210.84006, p_value=1.00000, constraint_value=0.00048, constraint_violation=-0.99952
lambda=0.00000, eps=1.00000, pred_cost=209.91658, p_value=1.00000, constraint_value=0.00058, constraint_violation=-0.99942
lambda=0.00000, eps=1.00000, pred_cost=209.86310, p_value=1.00000, constraint_value=0.00044, constraint_violation=-0.99956
lambda=0.00000, eps=1.00000, pred_cost=208.35934, p_value=1.00000, constraint_value=0.00045, constraint_violation=-0.99955
lambda=0.00000, eps=1.00000, pred_cost=208.52501, p_value=1.00000, constraint_value=0.00048, constraint_violation=-0.99952
lambda=0.00000, eps=1.00000, pred_cost=208.86267, p_value=1.00000, constraint_value=0.00044, constraint_violation=-0.99956
lambda=0.00000, eps=1.00000, pred_cost=209.70752, p_value=1.00000, constraint_value=0.00045, constraint_violation=-0.99955
lambda=0.00000, eps=1.00000, pred_cost=209.38197, p_value=1.00000, constraint_value=0.00049, constraint_violation=-0.99951
lambda=0.00000, eps=1.00000, pred_cost=209.76715, p_value=1.00000, constraint_value=0.00055, constraint_violation=-0.99945
lambda=0.00000, eps=1.00000, pred_cost=210.94553, p_value=1.00000, constraint_value=0.00059, constraint_violation=-0.99941
lambda=0.00000, eps=1.00000, pred_cost=210.47348, p_value=1.00000, constraint_value=0.00041, constraint_violation=-0.99959
lambda=0.00000, eps=1.00000, pred_cost=210.97342, p_value=1.00000, constraint_value=0.00055, constraint_violation=-0.99945
lambda=0.00000, eps=1.00000, pred_cost=212.40749, p_value=1.00000, constraint_value=0.00057, constraint_violation=-0.99943
lambda=0.00000, eps=1.00000, pred_cost=212.02354, p_value=1.00000, constraint_value=0.00050, constraint_violation=-0.99950
lambda=0.00000, eps=1.00000, pred_cost=210.87445, p_value=1.00000, constraint_value=0.00054, constraint_violation=-0.99946
lambda=0.00000, eps=1.00000, pred_cost=210.53114, p_value=1.00000, constraint_value=0.00053, constraint_violation=-0.99947
lambda=0.00000, eps=1.00000, pred_cost=209.33466, p_value=1.00000, constraint_value=0.00048, constraint_violation=-0.99952
lambda=0.00000, eps=1.00000, pred_cost=208.64653, p_value=1.00000, constraint_value=0.00045, constraint_violation=-0.99955
lambda=0.00000, eps=1.00000, pred_cost=208.18814, p_value=1.00000, constraint_value=0.00063, constraint_violation=-0.99937
lambda=0.00000, eps=1.00000, pred_cost=207.54012, p_value=1.00000, constraint_value=0.00042, constraint_violation=-0.99958
lambda=0.00000, eps=1.00000, pred_cost=206.85860, p_value=1.00000, constraint_value=0.00050, constraint_violation=-0.99950
lambda=0.00000, eps=1.00000, pred_cost=207.59230, p_value=1.00000, constraint_value=0.00050, constraint_violation=-0.99950
lambda=0.00000, eps=1.00000, pred_cost=207.50798, p_value=1.00000, constraint_value=0.00056, constraint_violation=-0.99944
lambda=0.00000, eps=1.00000, pred_cost=207.36952, p_value=1.00000, constraint_value=0.00049, constraint_violation=-0.99951
lambda=0.00000, eps=1.00000, pred_cost=207.74307, p_value=1.00000, constraint_value=0.00044, constraint_violation=-0.99956
lambda=0.00000, eps=1.00000, pred_cost=207.49380, p_value=1.00000, constraint_value=0.00045, constraint_violation=-0.99955
lambda=0.00000, eps=1.00000, pred_cost=208.44025, p_value=1.00000, constraint_value=0.00047, constraint_violation=-0.99953
lambda=0.00000, eps=1.00000, pred_cost=208.88358, p_value=1.00000, constraint_value=0.00042, constraint_violation=-0.99958
lambda=0.00000, eps=1.00000, pred_cost=209.63892, p_value=1.00000, constraint_value=0.00042, constraint_violation=-0.99958
lambda=0.00000, eps=1.00000, pred_cost=209.73740, p_value=1.00000, constraint_value=0.00058, constraint_violation=-0.99942
lambda=0.00000, eps=1.00000, pred_cost=209.39352, p_value=1.00000, constraint_value=0.00042, constraint_violation=-0.99958
lambda=0.00000, eps=1.00000, pred_cost=208.34210, p_value=1.00000, constraint_value=0.00043, constraint_violation=-0.99957
lambda=0.00000, eps=1.00000, pred_cost=207.58011, p_value=1.00000, constraint_value=0.00051, constraint_violation=-0.99949
lambda=0.00000, eps=1.00000, pred_cost=206.56215, p_value=1.00000, constraint_value=0.00044, constraint_violation=-0.99956
lambda=0.00000, eps=1.00000, pred_cost=207.26512, p_value=1.00000, constraint_value=0.00062, constraint_violation=-0.99938
lambda=0.00000, eps=1.00000, pred_cost=206.24963, p_value=1.00000, constraint_value=0.00060, constraint_violation=-0.99940
lambda=0.00000, eps=1.00000, pred_cost=205.12843, p_value=1.00000, constraint_value=0.00055, constraint_violation=-0.99945
lambda=0.00000, eps=1.00000, pred_cost=205.70203, p_value=1.00000, constraint_value=0.00068, constraint_violation=-0.99932
lambda=0.00000, eps=1.00000, pred_cost=204.97777, p_value=1.00000, constraint_value=0.00064, constraint_violation=-0.99936
lambda=0.00000, eps=1.00000, pred_cost=205.90320, p_value=1.00000, constraint_value=0.00048, constraint_violation=-0.99952
lambda=0.00000, eps=1.00000, pred_cost=206.40259, p_value=1.00000, constraint_value=0.00068, constraint_violation=-0.99932
lambda=0.00000, eps=1.00000, pred_cost=206.11006, p_value=1.00000, constraint_value=0.00043, constraint_violation=-0.99957
evaluate_num:29 	 evaluate_reward:4874.375095293169 	 evaluate_cost:1364.93239503478 	 evaluate_max_cost:2.7200002670288086
lambda=0.00000, eps=1.00000, pred_cost=206.07764, p_value=1.00000, constraint_value=0.00064, constraint_violation=-0.99936
lambda=0.00000, eps=1.00000, pred_cost=206.92587, p_value=1.00000, constraint_value=0.00040, constraint_violation=-0.99960
lambda=0.00000, eps=1.00000, pred_cost=208.17419, p_value=1.00000, constraint_value=0.00047, constraint_violation=-0.99953
lambda=0.00000, eps=1.00000, pred_cost=207.19815, p_value=1.00000, constraint_value=0.00050, constraint_violation=-0.99950
lambda=0.00000, eps=1.00000, pred_cost=208.93906, p_value=1.00000, constraint_value=0.00055, constraint_violation=-0.99945
lambda=0.00000, eps=1.00000, pred_cost=208.41026, p_value=1.00000, constraint_value=0.00045, constraint_violation=-0.99955
lambda=0.00000, eps=1.00000, pred_cost=209.22112, p_value=1.00000, constraint_value=0.00058, constraint_violation=-0.99942
lambda=0.00000, eps=1.00000, pred_cost=207.68484, p_value=1.00000, constraint_value=0.00042, constraint_violation=-0.99958
lambda=0.00000, eps=1.00000, pred_cost=207.20840, p_value=1.00000, constraint_value=0.00060, constraint_violation=-0.99940
lambda=0.00000, eps=1.00000, pred_cost=206.67004, p_value=1.00000, constraint_value=0.00050, constraint_violation=-0.99950
lambda=0.00000, eps=1.00000, pred_cost=207.58539, p_value=1.00000, constraint_value=0.00059, constraint_violation=-0.99941
lambda=0.00000, eps=1.00000, pred_cost=206.12335, p_value=1.00000, constraint_value=0.00077, constraint_violation=-0.99923
lambda=0.00000, eps=1.00000, pred_cost=206.79385, p_value=1.00000, constraint_value=0.00053, constraint_violation=-0.99947
lambda=0.00000, eps=1.00000, pred_cost=206.43158, p_value=1.00000, constraint_value=0.00047, constraint_violation=-0.99953
lambda=0.00000, eps=1.00000, pred_cost=205.75272, p_value=1.00000, constraint_value=0.00065, constraint_violation=-0.99935
lambda=0.00000, eps=1.00000, pred_cost=205.32870, p_value=1.00000, constraint_value=0.00045, constraint_violation=-0.99955
lambda=0.00000, eps=1.00000, pred_cost=205.08142, p_value=1.00000, constraint_value=0.00042, constraint_violation=-0.99958
lambda=0.00000, eps=1.00000, pred_cost=205.20831, p_value=1.00000, constraint_value=0.00048, constraint_violation=-0.99952
lambda=0.00000, eps=1.00000, pred_cost=206.63550, p_value=1.00000, constraint_value=0.00044, constraint_violation=-0.99956
lambda=0.00000, eps=1.00000, pred_cost=206.97430, p_value=1.00000, constraint_value=0.00050, constraint_violation=-0.99950
lambda=0.00000, eps=1.00000, pred_cost=207.11897, p_value=1.00000, constraint_value=0.00051, constraint_violation=-0.99949
lambda=0.00000, eps=1.00000, pred_cost=207.98679, p_value=1.00000, constraint_value=0.00039, constraint_violation=-0.99961
lambda=0.00000, eps=1.00000, pred_cost=208.83412, p_value=1.00000, constraint_value=0.00050, constraint_violation=-0.99950
lambda=0.00000, eps=1.00000, pred_cost=208.02432, p_value=1.00000, constraint_value=0.00060, constraint_violation=-0.99940
lambda=0.00000, eps=1.00000, pred_cost=207.52281, p_value=1.00000, constraint_value=0.00042, constraint_violation=-0.99958
lambda=0.00000, eps=1.00000, pred_cost=207.86737, p_value=1.00000, constraint_value=0.00061, constraint_violation=-0.99939
lambda=0.00000, eps=1.00000, pred_cost=206.87808, p_value=1.00000, constraint_value=0.00044, constraint_violation=-0.99956
lambda=0.00000, eps=1.00000, pred_cost=206.69508, p_value=1.00000, constraint_value=0.00060, constraint_violation=-0.99940
lambda=0.00000, eps=1.00000, pred_cost=207.76472, p_value=1.00000, constraint_value=0.00064, constraint_violation=-0.99936
lambda=0.00000, eps=1.00000, pred_cost=208.03149, p_value=1.00000, constraint_value=0.00044, constraint_violation=-0.99956
lambda=0.00000, eps=1.00000, pred_cost=206.77710, p_value=1.00000, constraint_value=0.00040, constraint_violation=-0.99960
lambda=0.00000, eps=1.00000, pred_cost=206.66882, p_value=1.00000, constraint_value=0.00038, constraint_violation=-0.99962
lambda=0.00000, eps=1.00000, pred_cost=205.83374, p_value=1.00000, constraint_value=0.00044, constraint_violation=-0.99956
lambda=0.00000, eps=1.00000, pred_cost=205.64914, p_value=1.00000, constraint_value=0.00044, constraint_violation=-0.99956
lambda=0.00000, eps=1.00000, pred_cost=206.15973, p_value=1.00000, constraint_value=0.00039, constraint_violation=-0.99961
lambda=0.00000, eps=1.00000, pred_cost=207.85643, p_value=1.00000, constraint_value=0.00051, constraint_violation=-0.99949
lambda=0.00000, eps=1.00000, pred_cost=208.47968, p_value=1.00000, constraint_value=0.00048, constraint_violation=-0.99952
lambda=0.00000, eps=1.00000, pred_cost=208.35115, p_value=1.00000, constraint_value=0.00038, constraint_violation=-0.99962
lambda=0.00000, eps=1.00000, pred_cost=209.20212, p_value=1.00000, constraint_value=0.00042, constraint_violation=-0.99958
lambda=0.00000, eps=1.00000, pred_cost=209.39839, p_value=1.00000, constraint_value=0.00042, constraint_violation=-0.99958
lambda=0.00000, eps=1.00000, pred_cost=209.73523, p_value=1.00000, constraint_value=0.00039, constraint_violation=-0.99961
lambda=0.00000, eps=1.00000, pred_cost=210.38802, p_value=1.00000, constraint_value=0.00039, constraint_violation=-0.99961
lambda=0.00000, eps=1.00000, pred_cost=209.52393, p_value=1.00000, constraint_value=0.00039, constraint_violation=-0.99961
lambda=0.00000, eps=1.00000, pred_cost=210.84795, p_value=1.00000, constraint_value=0.00049, constraint_violation=-0.99951
lambda=0.00000, eps=1.00000, pred_cost=211.08861, p_value=1.00000, constraint_value=0.00053, constraint_violation=-0.99947
lambda=0.00000, eps=1.00000, pred_cost=211.52013, p_value=1.00000, constraint_value=0.00044, constraint_violation=-0.99956
lambda=0.00000, eps=1.00000, pred_cost=210.02878, p_value=1.00000, constraint_value=0.00038, constraint_violation=-0.99962
lambda=0.00000, eps=1.00000, pred_cost=210.73807, p_value=1.00000, constraint_value=0.00039, constraint_violation=-0.99961
lambda=0.00000, eps=1.00000, pred_cost=211.17239, p_value=1.00000, constraint_value=0.00042, constraint_violation=-0.99958
evaluate_num:30 	 evaluate_reward:4869.40878494867 	 evaluate_cost:1367.7912913933396 	 evaluate_max_cost:2.7200002670288086
lambda=0.00000, eps=1.00000, pred_cost=211.66711, p_value=1.00000, constraint_value=0.00050, constraint_violation=-0.99950
lambda=0.00000, eps=1.00000, pred_cost=210.71399, p_value=1.00000, constraint_value=0.00050, constraint_violation=-0.99950
lambda=0.00000, eps=1.00000, pred_cost=210.74457, p_value=1.00000, constraint_value=0.00035, constraint_violation=-0.99965
lambda=0.00000, eps=1.00000, pred_cost=209.84938, p_value=1.00000, constraint_value=0.00046, constraint_violation=-0.99954
lambda=0.00000, eps=1.00000, pred_cost=209.43370, p_value=1.00000, constraint_value=0.00056, constraint_violation=-0.99944
lambda=0.00000, eps=1.00000, pred_cost=209.43463, p_value=1.00000, constraint_value=0.00038, constraint_violation=-0.99962
lambda=0.00000, eps=1.00000, pred_cost=207.63025, p_value=1.00000, constraint_value=0.00033, constraint_violation=-0.99967
lambda=0.00000, eps=1.00000, pred_cost=208.22704, p_value=1.00000, constraint_value=0.00036, constraint_violation=-0.99964
lambda=0.00000, eps=1.00000, pred_cost=208.25299, p_value=1.00000, constraint_value=0.00037, constraint_violation=-0.99963
lambda=0.00000, eps=1.00000, pred_cost=207.68600, p_value=1.00000, constraint_value=0.00042, constraint_violation=-0.99958
lambda=0.00000, eps=1.00000, pred_cost=209.78003, p_value=1.00000, constraint_value=0.00037, constraint_violation=-0.99963
lambda=0.00000, eps=1.00000, pred_cost=208.86440, p_value=1.00000, constraint_value=0.00034, constraint_violation=-0.99966
lambda=0.00000, eps=1.00000, pred_cost=209.94907, p_value=1.00000, constraint_value=0.00051, constraint_violation=-0.99949
lambda=0.00000, eps=1.00000, pred_cost=210.47519, p_value=1.00000, constraint_value=0.00053, constraint_violation=-0.99947
lambda=0.00000, eps=1.00000, pred_cost=211.10448, p_value=1.00000, constraint_value=0.00035, constraint_violation=-0.99965
lambda=0.00000, eps=1.00000, pred_cost=210.82703, p_value=1.00000, constraint_value=0.00035, constraint_violation=-0.99965
lambda=0.00000, eps=1.00000, pred_cost=211.82672, p_value=1.00000, constraint_value=0.00041, constraint_violation=-0.99959
lambda=0.00000, eps=1.00000, pred_cost=210.55363, p_value=1.00000, constraint_value=0.00058, constraint_violation=-0.99942
lambda=0.00000, eps=1.00000, pred_cost=210.81857, p_value=1.00000, constraint_value=0.00041, constraint_violation=-0.99959
lambda=0.00000, eps=1.00000, pred_cost=210.77988, p_value=1.00000, constraint_value=0.00046, constraint_violation=-0.99954
lambda=0.00000, eps=1.00000, pred_cost=210.09767, p_value=1.00000, constraint_value=0.00036, constraint_violation=-0.99964
lambda=0.00000, eps=1.00000, pred_cost=210.76050, p_value=1.00000, constraint_value=0.00048, constraint_violation=-0.99952
lambda=0.00000, eps=1.00000, pred_cost=208.66916, p_value=1.00000, constraint_value=0.00039, constraint_violation=-0.99961
lambda=0.00000, eps=1.00000, pred_cost=208.54300, p_value=1.00000, constraint_value=0.00049, constraint_violation=-0.99951
lambda=0.00000, eps=1.00000, pred_cost=209.00374, p_value=1.00000, constraint_value=0.00040, constraint_violation=-0.99960
lambda=0.00000, eps=1.00000, pred_cost=210.02328, p_value=1.00000, constraint_value=0.00045, constraint_violation=-0.99955
lambda=0.00000, eps=1.00000, pred_cost=210.19998, p_value=1.00000, constraint_value=0.00045, constraint_violation=-0.99955
lambda=0.00000, eps=1.00000, pred_cost=211.29593, p_value=1.00000, constraint_value=0.00037, constraint_violation=-0.99963
lambda=0.00000, eps=1.00000, pred_cost=211.07991, p_value=1.00000, constraint_value=0.00047, constraint_violation=-0.99953
lambda=0.00000, eps=1.00000, pred_cost=210.04047, p_value=1.00000, constraint_value=0.00041, constraint_violation=-0.99959
lambda=0.00000, eps=1.00000, pred_cost=209.68175, p_value=1.00000, constraint_value=0.00036, constraint_violation=-0.99964
lambda=0.00000, eps=1.00000, pred_cost=210.82733, p_value=1.00000, constraint_value=0.00039, constraint_violation=-0.99961
lambda=0.00000, eps=1.00000, pred_cost=210.29115, p_value=1.00000, constraint_value=0.00042, constraint_violation=-0.99958
lambda=0.00000, eps=1.00000, pred_cost=210.28221, p_value=1.00000, constraint_value=0.00038, constraint_violation=-0.99962
lambda=0.00000, eps=1.00000, pred_cost=210.84601, p_value=1.00000, constraint_value=0.00039, constraint_violation=-0.99961
lambda=0.00000, eps=1.00000, pred_cost=209.07555, p_value=1.00000, constraint_value=0.00042, constraint_violation=-0.99958
lambda=0.00000, eps=1.00000, pred_cost=209.11124, p_value=1.00000, constraint_value=0.00048, constraint_violation=-0.99952
lambda=0.00000, eps=1.00000, pred_cost=207.56624, p_value=1.00000, constraint_value=0.00042, constraint_violation=-0.99958
lambda=0.00000, eps=1.00000, pred_cost=207.71503, p_value=0.99999, constraint_value=0.00102, constraint_violation=-0.99898
lambda=0.00000, eps=1.00000, pred_cost=208.26857, p_value=1.00000, constraint_value=0.00038, constraint_violation=-0.99962
lambda=0.00000, eps=1.00000, pred_cost=208.84253, p_value=1.00000, constraint_value=0.00032, constraint_violation=-0.99968
lambda=0.00000, eps=1.00000, pred_cost=207.95609, p_value=1.00000, constraint_value=0.00036, constraint_violation=-0.99964
lambda=0.00000, eps=1.00000, pred_cost=208.80785, p_value=1.00000, constraint_value=0.00049, constraint_violation=-0.99951
lambda=0.00000, eps=1.00000, pred_cost=210.58316, p_value=1.00000, constraint_value=0.00038, constraint_violation=-0.99962
lambda=0.00000, eps=1.00000, pred_cost=210.63373, p_value=1.00000, constraint_value=0.00058, constraint_violation=-0.99942
lambda=0.00000, eps=1.00000, pred_cost=208.54807, p_value=1.00000, constraint_value=0.00037, constraint_violation=-0.99963
lambda=0.00000, eps=1.00000, pred_cost=208.85170, p_value=1.00000, constraint_value=0.00039, constraint_violation=-0.99961
lambda=0.00000, eps=1.00000, pred_cost=207.13889, p_value=1.00000, constraint_value=0.00040, constraint_violation=-0.99960
lambda=0.00000, eps=1.00000, pred_cost=206.40408, p_value=1.00000, constraint_value=0.00041, constraint_violation=-0.99959
evaluate_num:31 	 evaluate_reward:4870.8236988593935 	 evaluate_cost:1375.3838892579079 	 evaluate_max_cost:2.7200002670288086
lambda=0.00000, eps=1.00000, pred_cost=205.52399, p_value=1.00000, constraint_value=0.00039, constraint_violation=-0.99961
lambda=0.00000, eps=1.00000, pred_cost=206.22455, p_value=1.00000, constraint_value=0.00048, constraint_violation=-0.99952
lambda=0.00000, eps=1.00000, pred_cost=205.66074, p_value=1.00000, constraint_value=0.00039, constraint_violation=-0.99961
lambda=0.00000, eps=1.00000, pred_cost=205.38232, p_value=1.00000, constraint_value=0.00037, constraint_violation=-0.99963
lambda=0.00000, eps=1.00000, pred_cost=205.78252, p_value=1.00000, constraint_value=0.00038, constraint_violation=-0.99962
lambda=0.00000, eps=1.00000, pred_cost=205.87143, p_value=1.00000, constraint_value=0.00038, constraint_violation=-0.99962
lambda=0.00000, eps=1.00000, pred_cost=207.40118, p_value=1.00000, constraint_value=0.00032, constraint_violation=-0.99968
lambda=0.00000, eps=1.00000, pred_cost=208.89494, p_value=1.00000, constraint_value=0.00036, constraint_violation=-0.99964
lambda=0.00000, eps=1.00000, pred_cost=208.59459, p_value=1.00000, constraint_value=0.00038, constraint_violation=-0.99962
lambda=0.00000, eps=1.00000, pred_cost=208.86377, p_value=1.00000, constraint_value=0.00036, constraint_violation=-0.99964
lambda=0.00000, eps=1.00000, pred_cost=208.34775, p_value=1.00000, constraint_value=0.00040, constraint_violation=-0.99960
lambda=0.00000, eps=1.00000, pred_cost=208.47285, p_value=1.00000, constraint_value=0.00039, constraint_violation=-0.99961
lambda=0.00000, eps=1.00000, pred_cost=207.04587, p_value=1.00000, constraint_value=0.00034, constraint_violation=-0.99966
lambda=0.00000, eps=1.00000, pred_cost=206.39154, p_value=1.00000, constraint_value=0.00034, constraint_violation=-0.99966
lambda=0.00000, eps=1.00000, pred_cost=205.12379, p_value=1.00000, constraint_value=0.00042, constraint_violation=-0.99958
lambda=0.00000, eps=1.00000, pred_cost=203.66693, p_value=1.00000, constraint_value=0.00030, constraint_violation=-0.99970
lambda=0.00000, eps=1.00000, pred_cost=202.96805, p_value=1.00000, constraint_value=0.00033, constraint_violation=-0.99967
lambda=0.00000, eps=1.00000, pred_cost=202.89398, p_value=1.00000, constraint_value=0.00031, constraint_violation=-0.99969
lambda=0.00000, eps=1.00000, pred_cost=202.98595, p_value=1.00000, constraint_value=0.00032, constraint_violation=-0.99968
lambda=0.00000, eps=1.00000, pred_cost=202.74446, p_value=1.00000, constraint_value=0.00037, constraint_violation=-0.99963
lambda=0.00000, eps=1.00000, pred_cost=204.49249, p_value=1.00000, constraint_value=0.00034, constraint_violation=-0.99966
lambda=0.00000, eps=1.00000, pred_cost=205.26801, p_value=1.00000, constraint_value=0.00047, constraint_violation=-0.99953
lambda=0.00000, eps=1.00000, pred_cost=205.41594, p_value=1.00000, constraint_value=0.00052, constraint_violation=-0.99948
lambda=0.00000, eps=1.00000, pred_cost=205.62199, p_value=1.00000, constraint_value=0.00035, constraint_violation=-0.99965
lambda=0.00000, eps=1.00000, pred_cost=205.29663, p_value=1.00000, constraint_value=0.00036, constraint_violation=-0.99964
lambda=0.00000, eps=1.00000, pred_cost=205.08920, p_value=1.00000, constraint_value=0.00034, constraint_violation=-0.99966
lambda=0.00000, eps=1.00000, pred_cost=204.26064, p_value=1.00000, constraint_value=0.00032, constraint_violation=-0.99968
lambda=0.00000, eps=1.00000, pred_cost=202.33130, p_value=1.00000, constraint_value=0.00032, constraint_violation=-0.99968
lambda=0.00000, eps=1.00000, pred_cost=202.57631, p_value=1.00000, constraint_value=0.00039, constraint_violation=-0.99961
lambda=0.00000, eps=1.00000, pred_cost=201.85924, p_value=1.00000, constraint_value=0.00038, constraint_violation=-0.99962
lambda=0.00000, eps=1.00000, pred_cost=200.66248, p_value=1.00000, constraint_value=0.00038, constraint_violation=-0.99962
lambda=0.00000, eps=1.00000, pred_cost=201.10307, p_value=1.00000, constraint_value=0.00035, constraint_violation=-0.99965
lambda=0.00000, eps=1.00000, pred_cost=200.52133, p_value=1.00000, constraint_value=0.00032, constraint_violation=-0.99968
lambda=0.00000, eps=1.00000, pred_cost=199.28336, p_value=1.00000, constraint_value=0.00031, constraint_violation=-0.99969
lambda=0.00000, eps=1.00000, pred_cost=199.69557, p_value=1.00000, constraint_value=0.00034, constraint_violation=-0.99966
lambda=0.00000, eps=1.00000, pred_cost=199.18390, p_value=1.00000, constraint_value=0.00048, constraint_violation=-0.99952
lambda=0.00000, eps=1.00000, pred_cost=200.35118, p_value=1.00000, constraint_value=0.00032, constraint_violation=-0.99968
lambda=0.00000, eps=1.00000, pred_cost=201.12822, p_value=1.00000, constraint_value=0.00033, constraint_violation=-0.99967
lambda=0.00000, eps=1.00000, pred_cost=199.81470, p_value=1.00000, constraint_value=0.00028, constraint_violation=-0.99972
lambda=0.00000, eps=1.00000, pred_cost=199.06250, p_value=1.00000, constraint_value=0.00049, constraint_violation=-0.99951
lambda=0.00000, eps=1.00000, pred_cost=199.69827, p_value=1.00000, constraint_value=0.00037, constraint_violation=-0.99963
lambda=0.00000, eps=1.00000, pred_cost=199.31419, p_value=1.00000, constraint_value=0.00030, constraint_violation=-0.99970
lambda=0.00000, eps=1.00000, pred_cost=198.28883, p_value=1.00000, constraint_value=0.00038, constraint_violation=-0.99962
lambda=0.00000, eps=1.00000, pred_cost=196.27434, p_value=1.00000, constraint_value=0.00043, constraint_violation=-0.99957
lambda=0.00000, eps=1.00000, pred_cost=195.76880, p_value=1.00000, constraint_value=0.00036, constraint_violation=-0.99964
lambda=0.00000, eps=1.00000, pred_cost=197.54352, p_value=1.00000, constraint_value=0.00035, constraint_violation=-0.99965
lambda=0.00000, eps=1.00000, pred_cost=196.49586, p_value=1.00000, constraint_value=0.00046, constraint_violation=-0.99954
lambda=0.00000, eps=1.00000, pred_cost=195.87787, p_value=1.00000, constraint_value=0.00038, constraint_violation=-0.99962
lambda=0.00000, eps=1.00000, pred_cost=195.47092, p_value=1.00000, constraint_value=0.00035, constraint_violation=-0.99965
evaluate_num:32 	 evaluate_reward:4935.513701959724 	 evaluate_cost:345.0006703734398 	 evaluate_max_cost:2.7200002670288086
lambda=0.00000, eps=1.00000, pred_cost=194.84509, p_value=1.00000, constraint_value=0.00036, constraint_violation=-0.99964
lambda=0.00000, eps=1.00000, pred_cost=194.49016, p_value=1.00000, constraint_value=0.00055, constraint_violation=-0.99945
lambda=0.00000, eps=1.00000, pred_cost=194.48685, p_value=1.00000, constraint_value=0.00037, constraint_violation=-0.99963
lambda=0.00000, eps=1.00000, pred_cost=192.85101, p_value=1.00000, constraint_value=0.00039, constraint_violation=-0.99961
lambda=0.00000, eps=1.00000, pred_cost=194.03888, p_value=1.00000, constraint_value=0.00033, constraint_violation=-0.99967
lambda=0.00000, eps=1.00000, pred_cost=193.82848, p_value=1.00000, constraint_value=0.00032, constraint_violation=-0.99968
lambda=0.00000, eps=1.00000, pred_cost=192.42062, p_value=1.00000, constraint_value=0.00046, constraint_violation=-0.99954
lambda=0.00000, eps=1.00000, pred_cost=192.33630, p_value=1.00000, constraint_value=0.00041, constraint_violation=-0.99959
lambda=0.00000, eps=1.00000, pred_cost=191.85941, p_value=1.00000, constraint_value=0.00035, constraint_violation=-0.99965
lambda=0.00000, eps=1.00000, pred_cost=191.36044, p_value=1.00000, constraint_value=0.00039, constraint_violation=-0.99961
lambda=0.00000, eps=1.00000, pred_cost=189.38548, p_value=1.00000, constraint_value=0.00033, constraint_violation=-0.99967
lambda=0.00000, eps=1.00000, pred_cost=190.94736, p_value=1.00000, constraint_value=0.00031, constraint_violation=-0.99969
lambda=0.00000, eps=1.00000, pred_cost=189.23723, p_value=1.00000, constraint_value=0.00033, constraint_violation=-0.99967
lambda=0.00000, eps=1.00000, pred_cost=190.74776, p_value=1.00000, constraint_value=0.00035, constraint_violation=-0.99965
lambda=0.00000, eps=1.00000, pred_cost=189.73946, p_value=1.00000, constraint_value=0.00029, constraint_violation=-0.99971
lambda=0.00000, eps=1.00000, pred_cost=188.69527, p_value=1.00000, constraint_value=0.00036, constraint_violation=-0.99964
lambda=0.00000, eps=1.00000, pred_cost=189.03915, p_value=1.00000, constraint_value=0.00030, constraint_violation=-0.99970
lambda=0.00000, eps=1.00000, pred_cost=187.93900, p_value=1.00000, constraint_value=0.00036, constraint_violation=-0.99964
lambda=0.00000, eps=1.00000, pred_cost=186.86084, p_value=1.00000, constraint_value=0.00038, constraint_violation=-0.99962
lambda=0.00000, eps=1.00000, pred_cost=186.83374, p_value=1.00000, constraint_value=0.00032, constraint_violation=-0.99968
lambda=0.00000, eps=1.00000, pred_cost=185.44748, p_value=1.00000, constraint_value=0.00035, constraint_violation=-0.99965
lambda=0.00000, eps=1.00000, pred_cost=184.68802, p_value=1.00000, constraint_value=0.00032, constraint_violation=-0.99968
lambda=0.00000, eps=1.00000, pred_cost=183.58682, p_value=1.00000, constraint_value=0.00061, constraint_violation=-0.99939
lambda=0.00000, eps=1.00000, pred_cost=182.18173, p_value=1.00000, constraint_value=0.00044, constraint_violation=-0.99956
lambda=0.00000, eps=1.00000, pred_cost=181.08507, p_value=1.00000, constraint_value=0.00036, constraint_violation=-0.99964
lambda=0.00000, eps=1.00000, pred_cost=179.49907, p_value=1.00000, constraint_value=0.00059, constraint_violation=-0.99941
lambda=0.00000, eps=1.00000, pred_cost=179.72702, p_value=1.00000, constraint_value=0.00036, constraint_violation=-0.99964
lambda=0.00000, eps=1.00000, pred_cost=178.45752, p_value=1.00000, constraint_value=0.00049, constraint_violation=-0.99951
lambda=0.00000, eps=1.00000, pred_cost=178.52016, p_value=1.00000, constraint_value=0.00033, constraint_violation=-0.99967
lambda=0.00000, eps=1.00000, pred_cost=179.48468, p_value=1.00000, constraint_value=0.00038, constraint_violation=-0.99962
lambda=0.00000, eps=1.00000, pred_cost=179.45715, p_value=1.00000, constraint_value=0.00053, constraint_violation=-0.99947
lambda=0.00000, eps=1.00000, pred_cost=178.88475, p_value=1.00000, constraint_value=0.00054, constraint_violation=-0.99946
lambda=0.00000, eps=1.00000, pred_cost=177.14223, p_value=1.00000, constraint_value=0.00038, constraint_violation=-0.99962
lambda=0.00000, eps=1.00000, pred_cost=177.77870, p_value=1.00000, constraint_value=0.00037, constraint_violation=-0.99963
lambda=0.00000, eps=1.00000, pred_cost=174.86914, p_value=1.00000, constraint_value=0.00033, constraint_violation=-0.99967
lambda=0.00000, eps=1.00000, pred_cost=174.05295, p_value=1.00000, constraint_value=0.00043, constraint_violation=-0.99957
lambda=0.00000, eps=1.00000, pred_cost=173.59355, p_value=1.00000, constraint_value=0.00033, constraint_violation=-0.99967
lambda=0.00000, eps=1.00000, pred_cost=172.34727, p_value=1.00000, constraint_value=0.00060, constraint_violation=-0.99940
lambda=0.00000, eps=1.00000, pred_cost=172.09021, p_value=1.00000, constraint_value=0.00031, constraint_violation=-0.99969
lambda=0.00000, eps=1.00000, pred_cost=172.42444, p_value=1.00000, constraint_value=0.00034, constraint_violation=-0.99966
lambda=0.00000, eps=1.00000, pred_cost=172.04515, p_value=1.00000, constraint_value=0.00039, constraint_violation=-0.99961
lambda=0.00000, eps=1.00000, pred_cost=172.13445, p_value=1.00000, constraint_value=0.00042, constraint_violation=-0.99958
lambda=0.00000, eps=1.00000, pred_cost=170.97646, p_value=1.00000, constraint_value=0.00036, constraint_violation=-0.99964
lambda=0.00000, eps=1.00000, pred_cost=169.75424, p_value=1.00000, constraint_value=0.00045, constraint_violation=-0.99955
lambda=0.00000, eps=1.00000, pred_cost=169.48759, p_value=1.00000, constraint_value=0.00033, constraint_violation=-0.99967
lambda=0.00000, eps=1.00000, pred_cost=168.23540, p_value=1.00000, constraint_value=0.00034, constraint_violation=-0.99966
lambda=0.00000, eps=1.00000, pred_cost=166.05518, p_value=1.00000, constraint_value=0.00037, constraint_violation=-0.99963
lambda=0.00000, eps=1.00000, pred_cost=164.50775, p_value=1.00000, constraint_value=0.00036, constraint_violation=-0.99964
evaluate_num:33 	 evaluate_reward:4905.629475715837 	 evaluate_cost:577.2145369648933 	 evaluate_max_cost:2.7200002670288086
lambda=0.00000, eps=1.00000, pred_cost=165.62561, p_value=1.00000, constraint_value=0.00052, constraint_violation=-0.99948
lambda=0.00000, eps=1.00000, pred_cost=165.53772, p_value=1.00000, constraint_value=0.00035, constraint_violation=-0.99965
lambda=0.00000, eps=1.00000, pred_cost=167.83810, p_value=1.00000, constraint_value=0.00036, constraint_violation=-0.99964
lambda=0.00000, eps=1.00000, pred_cost=167.21681, p_value=1.00000, constraint_value=0.00036, constraint_violation=-0.99964
lambda=0.00000, eps=1.00000, pred_cost=169.35147, p_value=1.00000, constraint_value=0.00029, constraint_violation=-0.99971
lambda=0.00000, eps=1.00000, pred_cost=170.78583, p_value=1.00000, constraint_value=0.00036, constraint_violation=-0.99964
lambda=0.00000, eps=1.00000, pred_cost=172.29056, p_value=1.00000, constraint_value=0.00035, constraint_violation=-0.99965
lambda=0.00000, eps=1.00000, pred_cost=172.57761, p_value=1.00000, constraint_value=0.00032, constraint_violation=-0.99968
lambda=0.00000, eps=1.00000, pred_cost=173.35023, p_value=1.00000, constraint_value=0.00043, constraint_violation=-0.99957
lambda=0.00000, eps=1.00000, pred_cost=171.88330, p_value=1.00000, constraint_value=0.00030, constraint_violation=-0.99970
lambda=0.00000, eps=1.00000, pred_cost=171.10783, p_value=1.00000, constraint_value=0.00033, constraint_violation=-0.99967
lambda=0.00000, eps=1.00000, pred_cost=170.37567, p_value=1.00000, constraint_value=0.00028, constraint_violation=-0.99972
lambda=0.00000, eps=1.00000, pred_cost=169.48833, p_value=1.00000, constraint_value=0.00031, constraint_violation=-0.99969
lambda=0.00000, eps=1.00000, pred_cost=169.93040, p_value=1.00000, constraint_value=0.00035, constraint_violation=-0.99965
lambda=0.00000, eps=1.00000, pred_cost=170.61450, p_value=1.00000, constraint_value=0.00040, constraint_violation=-0.99960
lambda=0.00000, eps=1.00000, pred_cost=171.18901, p_value=1.00000, constraint_value=0.00031, constraint_violation=-0.99969
lambda=0.00000, eps=1.00000, pred_cost=171.53752, p_value=1.00000, constraint_value=0.00033, constraint_violation=-0.99967
lambda=0.00000, eps=1.00000, pred_cost=171.05887, p_value=1.00000, constraint_value=0.00034, constraint_violation=-0.99966
lambda=0.00000, eps=1.00000, pred_cost=173.75598, p_value=1.00000, constraint_value=0.00025, constraint_violation=-0.99975
lambda=0.00000, eps=1.00000, pred_cost=174.30237, p_value=1.00000, constraint_value=0.00027, constraint_violation=-0.99973
lambda=0.00000, eps=1.00000, pred_cost=175.92570, p_value=1.00000, constraint_value=0.00034, constraint_violation=-0.99966
lambda=0.00000, eps=1.00000, pred_cost=176.56610, p_value=1.00000, constraint_value=0.00041, constraint_violation=-0.99959
lambda=0.00000, eps=1.00000, pred_cost=176.71318, p_value=1.00000, constraint_value=0.00040, constraint_violation=-0.99960
lambda=0.00000, eps=1.00000, pred_cost=176.14439, p_value=1.00000, constraint_value=0.00033, constraint_violation=-0.99967
lambda=0.00000, eps=1.00000, pred_cost=175.06703, p_value=1.00000, constraint_value=0.00029, constraint_violation=-0.99971
lambda=0.00000, eps=1.00000, pred_cost=174.92203, p_value=1.00000, constraint_value=0.00034, constraint_violation=-0.99966
lambda=0.00000, eps=1.00000, pred_cost=174.87498, p_value=1.00000, constraint_value=0.00029, constraint_violation=-0.99971
lambda=0.00000, eps=1.00000, pred_cost=175.86436, p_value=1.00000, constraint_value=0.00029, constraint_violation=-0.99971
lambda=0.00000, eps=1.00000, pred_cost=174.49171, p_value=1.00000, constraint_value=0.00037, constraint_violation=-0.99963
lambda=0.00000, eps=1.00000, pred_cost=175.28697, p_value=1.00000, constraint_value=0.00025, constraint_violation=-0.99975
lambda=0.00000, eps=1.00000, pred_cost=175.31931, p_value=1.00000, constraint_value=0.00026, constraint_violation=-0.99974
lambda=0.00000, eps=1.00000, pred_cost=175.16806, p_value=1.00000, constraint_value=0.00030, constraint_violation=-0.99970
lambda=0.00000, eps=1.00000, pred_cost=173.65388, p_value=1.00000, constraint_value=0.00033, constraint_violation=-0.99967
lambda=0.00000, eps=1.00000, pred_cost=175.51186, p_value=1.00000, constraint_value=0.00030, constraint_violation=-0.99970
lambda=0.00000, eps=1.00000, pred_cost=174.85556, p_value=1.00000, constraint_value=0.00037, constraint_violation=-0.99963
lambda=0.00000, eps=1.00000, pred_cost=174.15976, p_value=1.00000, constraint_value=0.00030, constraint_violation=-0.99970
lambda=0.00000, eps=1.00000, pred_cost=175.58493, p_value=1.00000, constraint_value=0.00043, constraint_violation=-0.99957
lambda=0.00000, eps=1.00000, pred_cost=176.17227, p_value=1.00000, constraint_value=0.00032, constraint_violation=-0.99968
lambda=0.00000, eps=1.00000, pred_cost=176.45676, p_value=1.00000, constraint_value=0.00035, constraint_violation=-0.99965
lambda=0.00000, eps=1.00000, pred_cost=174.51521, p_value=1.00000, constraint_value=0.00031, constraint_violation=-0.99969
lambda=0.00000, eps=1.00000, pred_cost=174.24800, p_value=1.00000, constraint_value=0.00026, constraint_violation=-0.99974
lambda=0.00000, eps=1.00000, pred_cost=174.37657, p_value=1.00000, constraint_value=0.00029, constraint_violation=-0.99971
lambda=0.00000, eps=1.00000, pred_cost=174.00195, p_value=1.00000, constraint_value=0.00033, constraint_violation=-0.99967
lambda=0.00000, eps=1.00000, pred_cost=174.45810, p_value=1.00000, constraint_value=0.00025, constraint_violation=-0.99975
lambda=0.00000, eps=1.00000, pred_cost=174.44211, p_value=1.00000, constraint_value=0.00027, constraint_violation=-0.99973
lambda=0.00000, eps=1.00000, pred_cost=175.78496, p_value=1.00000, constraint_value=0.00039, constraint_violation=-0.99961
lambda=0.00000, eps=1.00000, pred_cost=176.35777, p_value=1.00000, constraint_value=0.00026, constraint_violation=-0.99974
lambda=0.00000, eps=1.00000, pred_cost=176.52666, p_value=1.00000, constraint_value=0.00043, constraint_violation=-0.99957
lambda=0.00000, eps=1.00000, pred_cost=177.97525, p_value=1.00000, constraint_value=0.00027, constraint_violation=-0.99973
evaluate_num:34 	 evaluate_reward:4911.27333722579 	 evaluate_cost:556.0055022438368 	 evaluate_max_cost:2.7200002670288086
lambda=0.00000, eps=1.00000, pred_cost=178.40521, p_value=1.00000, constraint_value=0.00029, constraint_violation=-0.99971
lambda=0.00000, eps=1.00000, pred_cost=177.25951, p_value=1.00000, constraint_value=0.00025, constraint_violation=-0.99975
lambda=0.00000, eps=1.00000, pred_cost=177.17311, p_value=1.00000, constraint_value=0.00034, constraint_violation=-0.99966
lambda=0.00000, eps=1.00000, pred_cost=175.23268, p_value=1.00000, constraint_value=0.00029, constraint_violation=-0.99971
lambda=0.00000, eps=1.00000, pred_cost=172.58650, p_value=1.00000, constraint_value=0.00025, constraint_violation=-0.99975
lambda=0.00000, eps=1.00000, pred_cost=174.33369, p_value=1.00000, constraint_value=0.00025, constraint_violation=-0.99975
lambda=0.00000, eps=1.00000, pred_cost=173.28453, p_value=1.00000, constraint_value=0.00028, constraint_violation=-0.99972
lambda=0.00000, eps=1.00000, pred_cost=172.51152, p_value=1.00000, constraint_value=0.00024, constraint_violation=-0.99976
lambda=0.00000, eps=1.00000, pred_cost=173.33974, p_value=1.00000, constraint_value=0.00029, constraint_violation=-0.99971
lambda=0.00000, eps=1.00000, pred_cost=173.42165, p_value=1.00000, constraint_value=0.00031, constraint_violation=-0.99969
lambda=0.00000, eps=1.00000, pred_cost=172.85286, p_value=1.00000, constraint_value=0.00031, constraint_violation=-0.99969
lambda=0.00000, eps=1.00000, pred_cost=173.30255, p_value=1.00000, constraint_value=0.00032, constraint_violation=-0.99968
lambda=0.00000, eps=1.00000, pred_cost=173.05298, p_value=1.00000, constraint_value=0.00033, constraint_violation=-0.99967
lambda=0.00000, eps=1.00000, pred_cost=174.11348, p_value=1.00000, constraint_value=0.00030, constraint_violation=-0.99970
lambda=0.00000, eps=1.00000, pred_cost=171.88531, p_value=1.00000, constraint_value=0.00041, constraint_violation=-0.99959
lambda=0.00000, eps=1.00000, pred_cost=173.61559, p_value=1.00000, constraint_value=0.00029, constraint_violation=-0.99971
lambda=0.00000, eps=1.00000, pred_cost=172.66302, p_value=1.00000, constraint_value=0.00029, constraint_violation=-0.99971
lambda=0.00000, eps=1.00000, pred_cost=172.60796, p_value=1.00000, constraint_value=0.00027, constraint_violation=-0.99973
lambda=0.00000, eps=1.00000, pred_cost=172.23000, p_value=1.00000, constraint_value=0.00033, constraint_violation=-0.99967
lambda=0.00000, eps=1.00000, pred_cost=172.10217, p_value=1.00000, constraint_value=0.00042, constraint_violation=-0.99958
lambda=0.00000, eps=1.00000, pred_cost=173.19186, p_value=1.00000, constraint_value=0.00028, constraint_violation=-0.99972
lambda=0.00000, eps=1.00000, pred_cost=173.60414, p_value=1.00000, constraint_value=0.00026, constraint_violation=-0.99974
lambda=0.00000, eps=1.00000, pred_cost=175.31439, p_value=1.00000, constraint_value=0.00031, constraint_violation=-0.99969
lambda=0.00000, eps=1.00000, pred_cost=174.44925, p_value=1.00000, constraint_value=0.00032, constraint_violation=-0.99968
lambda=0.00000, eps=1.00000, pred_cost=172.19106, p_value=1.00000, constraint_value=0.00027, constraint_violation=-0.99973
lambda=0.00000, eps=1.00000, pred_cost=170.94759, p_value=1.00000, constraint_value=0.00032, constraint_violation=-0.99968
lambda=0.00000, eps=1.00000, pred_cost=168.41023, p_value=1.00000, constraint_value=0.00026, constraint_violation=-0.99974
lambda=0.00000, eps=1.00000, pred_cost=167.84552, p_value=1.00000, constraint_value=0.00029, constraint_violation=-0.99971
lambda=0.00000, eps=1.00000, pred_cost=167.36157, p_value=1.00000, constraint_value=0.00029, constraint_violation=-0.99971
lambda=0.00000, eps=1.00000, pred_cost=167.80299, p_value=1.00000, constraint_value=0.00024, constraint_violation=-0.99976
lambda=0.00000, eps=1.00000, pred_cost=169.32646, p_value=1.00000, constraint_value=0.00023, constraint_violation=-0.99977
lambda=0.00000, eps=1.00000, pred_cost=172.11563, p_value=1.00000, constraint_value=0.00025, constraint_violation=-0.99975
lambda=0.00000, eps=1.00000, pred_cost=172.52698, p_value=1.00000, constraint_value=0.00037, constraint_violation=-0.99963
lambda=0.00000, eps=1.00000, pred_cost=175.11090, p_value=1.00000, constraint_value=0.00028, constraint_violation=-0.99972
lambda=0.00000, eps=1.00000, pred_cost=176.97092, p_value=1.00000, constraint_value=0.00038, constraint_violation=-0.99962
lambda=0.00000, eps=1.00000, pred_cost=177.17201, p_value=1.00000, constraint_value=0.00029, constraint_violation=-0.99971
lambda=0.00000, eps=1.00000, pred_cost=176.72729, p_value=1.00000, constraint_value=0.00039, constraint_violation=-0.99961
lambda=0.00000, eps=1.00000, pred_cost=173.96851, p_value=1.00000, constraint_value=0.00040, constraint_violation=-0.99960
lambda=0.00000, eps=1.00000, pred_cost=171.68230, p_value=1.00000, constraint_value=0.00031, constraint_violation=-0.99969
lambda=0.00000, eps=1.00000, pred_cost=170.70935, p_value=1.00000, constraint_value=0.00028, constraint_violation=-0.99972
lambda=0.00000, eps=1.00000, pred_cost=167.48668, p_value=1.00000, constraint_value=0.00029, constraint_violation=-0.99971
lambda=0.00000, eps=1.00000, pred_cost=165.58412, p_value=1.00000, constraint_value=0.00048, constraint_violation=-0.99952
lambda=0.00000, eps=1.00000, pred_cost=163.54965, p_value=1.00000, constraint_value=0.00026, constraint_violation=-0.99974
lambda=0.00000, eps=1.00000, pred_cost=163.38193, p_value=1.00000, constraint_value=0.00037, constraint_violation=-0.99963
lambda=0.00000, eps=1.00000, pred_cost=164.41722, p_value=1.00000, constraint_value=0.00029, constraint_violation=-0.99971
lambda=0.00000, eps=1.00000, pred_cost=163.64809, p_value=1.00000, constraint_value=0.00041, constraint_violation=-0.99959
lambda=0.00000, eps=1.00000, pred_cost=164.92154, p_value=1.00000, constraint_value=0.00023, constraint_violation=-0.99977
lambda=0.00000, eps=1.00000, pred_cost=166.55838, p_value=1.00000, constraint_value=0.00027, constraint_violation=-0.99973
lambda=0.00000, eps=1.00000, pred_cost=168.99954, p_value=1.00000, constraint_value=0.00032, constraint_violation=-0.99968
evaluate_num:35 	 evaluate_reward:4913.511330977125 	 evaluate_cost:328.1219538648923 	 evaluate_max_cost:2.7200002670288086
lambda=0.00000, eps=1.00000, pred_cost=167.83157, p_value=1.00000, constraint_value=0.00031, constraint_violation=-0.99969
lambda=0.00000, eps=1.00000, pred_cost=168.49086, p_value=1.00000, constraint_value=0.00028, constraint_violation=-0.99972
lambda=0.00000, eps=1.00000, pred_cost=168.12314, p_value=1.00000, constraint_value=0.00027, constraint_violation=-0.99973
lambda=0.00000, eps=1.00000, pred_cost=168.84500, p_value=1.00000, constraint_value=0.00037, constraint_violation=-0.99963
lambda=0.00000, eps=1.00000, pred_cost=166.52650, p_value=1.00000, constraint_value=0.00036, constraint_violation=-0.99964
lambda=0.00000, eps=1.00000, pred_cost=164.31969, p_value=1.00000, constraint_value=0.00031, constraint_violation=-0.99969
lambda=0.00000, eps=1.00000, pred_cost=163.67996, p_value=1.00000, constraint_value=0.00032, constraint_violation=-0.99968
lambda=0.00000, eps=1.00000, pred_cost=164.35443, p_value=1.00000, constraint_value=0.00034, constraint_violation=-0.99966
lambda=0.00000, eps=1.00000, pred_cost=164.31137, p_value=1.00000, constraint_value=0.00025, constraint_violation=-0.99975
lambda=0.00000, eps=1.00000, pred_cost=167.14537, p_value=1.00000, constraint_value=0.00024, constraint_violation=-0.99976
lambda=0.00000, eps=1.00000, pred_cost=169.50140, p_value=1.00000, constraint_value=0.00032, constraint_violation=-0.99968
lambda=0.00000, eps=1.00000, pred_cost=170.99670, p_value=1.00000, constraint_value=0.00037, constraint_violation=-0.99963
lambda=0.00000, eps=1.00000, pred_cost=170.79225, p_value=1.00000, constraint_value=0.00033, constraint_violation=-0.99967
lambda=0.00000, eps=1.00000, pred_cost=170.65154, p_value=1.00000, constraint_value=0.00030, constraint_violation=-0.99970
lambda=0.00000, eps=1.00000, pred_cost=169.14574, p_value=1.00000, constraint_value=0.00029, constraint_violation=-0.99971
lambda=0.00000, eps=1.00000, pred_cost=168.16042, p_value=1.00000, constraint_value=0.00029, constraint_violation=-0.99971
lambda=0.00000, eps=1.00000, pred_cost=166.36404, p_value=1.00000, constraint_value=0.00034, constraint_violation=-0.99966
lambda=0.00000, eps=1.00000, pred_cost=163.31790, p_value=1.00000, constraint_value=0.00034, constraint_violation=-0.99966
lambda=0.00000, eps=1.00000, pred_cost=162.11119, p_value=1.00000, constraint_value=0.00034, constraint_violation=-0.99966
lambda=0.00000, eps=1.00000, pred_cost=159.86766, p_value=1.00000, constraint_value=0.00028, constraint_violation=-0.99972
lambda=0.00000, eps=1.00000, pred_cost=158.68098, p_value=1.00000, constraint_value=0.00025, constraint_violation=-0.99975
lambda=0.00000, eps=1.00000, pred_cost=159.94878, p_value=1.00000, constraint_value=0.00032, constraint_violation=-0.99968
lambda=0.00000, eps=1.00000, pred_cost=160.96080, p_value=1.00000, constraint_value=0.00036, constraint_violation=-0.99964
lambda=0.00000, eps=1.00000, pred_cost=162.75743, p_value=1.00000, constraint_value=0.00029, constraint_violation=-0.99971
lambda=0.00000, eps=1.00000, pred_cost=166.70087, p_value=1.00000, constraint_value=0.00028, constraint_violation=-0.99972
lambda=0.00000, eps=1.00000, pred_cost=170.18037, p_value=1.00000, constraint_value=0.00029, constraint_violation=-0.99971
lambda=0.00000, eps=1.00000, pred_cost=172.88893, p_value=1.00000, constraint_value=0.00028, constraint_violation=-0.99972
lambda=0.00000, eps=1.00000, pred_cost=173.99960, p_value=1.00000, constraint_value=0.00036, constraint_violation=-0.99964
lambda=0.00000, eps=1.00000, pred_cost=174.68997, p_value=1.00000, constraint_value=0.00048, constraint_violation=-0.99952
lambda=0.00000, eps=1.00000, pred_cost=174.11969, p_value=1.00000, constraint_value=0.00030, constraint_violation=-0.99970
lambda=0.00000, eps=1.00000, pred_cost=172.99988, p_value=1.00000, constraint_value=0.00035, constraint_violation=-0.99965
lambda=0.00000, eps=1.00000, pred_cost=171.60968, p_value=1.00000, constraint_value=0.00029, constraint_violation=-0.99971
lambda=0.00000, eps=1.00000, pred_cost=169.79077, p_value=1.00000, constraint_value=0.00031, constraint_violation=-0.99969
lambda=0.00000, eps=1.00000, pred_cost=169.60997, p_value=1.00000, constraint_value=0.00033, constraint_violation=-0.99967
lambda=0.00000, eps=1.00000, pred_cost=170.51935, p_value=1.00000, constraint_value=0.00028, constraint_violation=-0.99972
lambda=0.00000, eps=1.00000, pred_cost=173.15399, p_value=1.00000, constraint_value=0.00028, constraint_violation=-0.99972
lambda=0.00000, eps=1.00000, pred_cost=174.54988, p_value=1.00000, constraint_value=0.00027, constraint_violation=-0.99973
lambda=0.00000, eps=1.00000, pred_cost=177.59749, p_value=1.00000, constraint_value=0.00028, constraint_violation=-0.99972
lambda=0.00000, eps=1.00000, pred_cost=179.25841, p_value=1.00000, constraint_value=0.00030, constraint_violation=-0.99970
lambda=0.00000, eps=1.00000, pred_cost=179.51051, p_value=1.00000, constraint_value=0.00034, constraint_violation=-0.99966
lambda=0.00000, eps=1.00000, pred_cost=179.27846, p_value=1.00000, constraint_value=0.00031, constraint_violation=-0.99969
lambda=0.00000, eps=1.00000, pred_cost=178.53412, p_value=1.00000, constraint_value=0.00031, constraint_violation=-0.99969
lambda=0.00000, eps=1.00000, pred_cost=178.16273, p_value=1.00000, constraint_value=0.00027, constraint_violation=-0.99973
lambda=0.00000, eps=1.00000, pred_cost=179.06171, p_value=1.00000, constraint_value=0.00029, constraint_violation=-0.99971
lambda=0.00000, eps=1.00000, pred_cost=179.45190, p_value=1.00000, constraint_value=0.00032, constraint_violation=-0.99968
lambda=0.00000, eps=1.00000, pred_cost=179.38524, p_value=1.00000, constraint_value=0.00038, constraint_violation=-0.99962
lambda=0.00000, eps=1.00000, pred_cost=178.21571, p_value=1.00000, constraint_value=0.00029, constraint_violation=-0.99971
lambda=0.00000, eps=1.00000, pred_cost=174.84595, p_value=1.00000, constraint_value=0.00041, constraint_violation=-0.99959
lambda=0.00000, eps=1.00000, pred_cost=171.21191, p_value=1.00000, constraint_value=0.00042, constraint_violation=-0.99958
evaluate_num:36 	 evaluate_reward:5040.300651982397 	 evaluate_cost:262.72186982631683 	 evaluate_max_cost:2.7200002670288086
lambda=0.00000, eps=1.00000, pred_cost=167.84052, p_value=1.00000, constraint_value=0.00025, constraint_violation=-0.99975
lambda=0.00000, eps=1.00000, pred_cost=164.72705, p_value=1.00000, constraint_value=0.00029, constraint_violation=-0.99971
lambda=0.00000, eps=1.00000, pred_cost=163.12660, p_value=1.00000, constraint_value=0.00026, constraint_violation=-0.99974
lambda=0.00000, eps=1.00000, pred_cost=162.01347, p_value=1.00000, constraint_value=0.00027, constraint_violation=-0.99973
lambda=0.00000, eps=1.00000, pred_cost=160.71651, p_value=1.00000, constraint_value=0.00033, constraint_violation=-0.99967
lambda=0.00000, eps=1.00000, pred_cost=162.26393, p_value=1.00000, constraint_value=0.00027, constraint_violation=-0.99973
lambda=0.00000, eps=1.00000, pred_cost=163.41165, p_value=1.00000, constraint_value=0.00024, constraint_violation=-0.99976
lambda=0.00000, eps=1.00000, pred_cost=165.08130, p_value=1.00000, constraint_value=0.00025, constraint_violation=-0.99975
lambda=0.00000, eps=1.00000, pred_cost=166.96021, p_value=1.00000, constraint_value=0.00031, constraint_violation=-0.99969
lambda=0.00000, eps=1.00000, pred_cost=168.41629, p_value=1.00000, constraint_value=0.00028, constraint_violation=-0.99972
lambda=0.00000, eps=1.00000, pred_cost=170.17770, p_value=1.00000, constraint_value=0.00032, constraint_violation=-0.99968
lambda=0.00000, eps=1.00000, pred_cost=171.65395, p_value=1.00000, constraint_value=0.00029, constraint_violation=-0.99971
lambda=0.00000, eps=1.00000, pred_cost=171.13663, p_value=1.00000, constraint_value=0.00031, constraint_violation=-0.99969
lambda=0.00000, eps=1.00000, pred_cost=171.68805, p_value=1.00000, constraint_value=0.00027, constraint_violation=-0.99973
lambda=0.00000, eps=1.00000, pred_cost=171.78726, p_value=1.00000, constraint_value=0.00032, constraint_violation=-0.99968
lambda=0.00000, eps=1.00000, pred_cost=173.10214, p_value=1.00000, constraint_value=0.00029, constraint_violation=-0.99971
lambda=0.00000, eps=1.00000, pred_cost=172.02542, p_value=1.00000, constraint_value=0.00026, constraint_violation=-0.99974
lambda=0.00000, eps=1.00000, pred_cost=172.25084, p_value=1.00000, constraint_value=0.00026, constraint_violation=-0.99974
lambda=0.00000, eps=1.00000, pred_cost=172.30826, p_value=1.00000, constraint_value=0.00028, constraint_violation=-0.99972
lambda=0.00000, eps=1.00000, pred_cost=173.34959, p_value=1.00000, constraint_value=0.00023, constraint_violation=-0.99977
lambda=0.00000, eps=1.00000, pred_cost=173.04517, p_value=1.00000, constraint_value=0.00029, constraint_violation=-0.99971
lambda=0.00000, eps=1.00000, pred_cost=173.00186, p_value=1.00000, constraint_value=0.00023, constraint_violation=-0.99977
lambda=0.00000, eps=1.00000, pred_cost=173.31300, p_value=1.00000, constraint_value=0.00025, constraint_violation=-0.99975
lambda=0.00000, eps=1.00000, pred_cost=173.32289, p_value=1.00000, constraint_value=0.00025, constraint_violation=-0.99975
lambda=0.00000, eps=1.00000, pred_cost=173.67125, p_value=1.00000, constraint_value=0.00023, constraint_violation=-0.99977
lambda=0.00000, eps=1.00000, pred_cost=175.06593, p_value=1.00000, constraint_value=0.00044, constraint_violation=-0.99956
lambda=0.00000, eps=1.00000, pred_cost=175.62976, p_value=1.00000, constraint_value=0.00025, constraint_violation=-0.99975
lambda=0.00000, eps=1.00000, pred_cost=175.94789, p_value=1.00000, constraint_value=0.00024, constraint_violation=-0.99976
lambda=0.00000, eps=1.00000, pred_cost=177.73975, p_value=1.00000, constraint_value=0.00025, constraint_violation=-0.99975
lambda=0.00000, eps=1.00000, pred_cost=179.84097, p_value=1.00000, constraint_value=0.00024, constraint_violation=-0.99976
lambda=0.00000, eps=1.00000, pred_cost=180.19980, p_value=1.00000, constraint_value=0.00028, constraint_violation=-0.99972
lambda=0.00000, eps=1.00000, pred_cost=179.14801, p_value=1.00000, constraint_value=0.00021, constraint_violation=-0.99979
lambda=0.00000, eps=1.00000, pred_cost=178.12912, p_value=1.00000, constraint_value=0.00026, constraint_violation=-0.99974
lambda=0.00000, eps=1.00000, pred_cost=176.18013, p_value=1.00000, constraint_value=0.00027, constraint_violation=-0.99973
lambda=0.00000, eps=1.00000, pred_cost=174.61903, p_value=1.00000, constraint_value=0.00024, constraint_violation=-0.99976
lambda=0.00000, eps=1.00000, pred_cost=172.58871, p_value=1.00000, constraint_value=0.00027, constraint_violation=-0.99973
lambda=0.00000, eps=1.00000, pred_cost=171.04274, p_value=1.00000, constraint_value=0.00026, constraint_violation=-0.99974
lambda=0.00000, eps=1.00000, pred_cost=169.13434, p_value=1.00000, constraint_value=0.00026, constraint_violation=-0.99974
lambda=0.00000, eps=1.00000, pred_cost=168.58939, p_value=1.00000, constraint_value=0.00024, constraint_violation=-0.99976
lambda=0.00000, eps=1.00000, pred_cost=168.95038, p_value=1.00000, constraint_value=0.00023, constraint_violation=-0.99977
lambda=0.00000, eps=1.00000, pred_cost=169.50618, p_value=1.00000, constraint_value=0.00024, constraint_violation=-0.99976
lambda=0.00000, eps=1.00000, pred_cost=171.42572, p_value=1.00000, constraint_value=0.00041, constraint_violation=-0.99959
lambda=0.00000, eps=1.00000, pred_cost=173.51550, p_value=1.00000, constraint_value=0.00028, constraint_violation=-0.99972
lambda=0.00000, eps=1.00000, pred_cost=174.51399, p_value=1.00000, constraint_value=0.00026, constraint_violation=-0.99974
lambda=0.00000, eps=1.00000, pred_cost=177.36136, p_value=1.00000, constraint_value=0.00024, constraint_violation=-0.99976
lambda=0.00000, eps=1.00000, pred_cost=179.18822, p_value=1.00000, constraint_value=0.00029, constraint_violation=-0.99971
lambda=0.00000, eps=1.00000, pred_cost=180.22426, p_value=1.00000, constraint_value=0.00028, constraint_violation=-0.99972
lambda=0.00000, eps=1.00000, pred_cost=180.82106, p_value=1.00000, constraint_value=0.00039, constraint_violation=-0.99961
lambda=0.00000, eps=1.00000, pred_cost=181.62874, p_value=1.00000, constraint_value=0.00028, constraint_violation=-0.99972
evaluate_num:37 	 evaluate_reward:5028.877055665522 	 evaluate_cost:270.9016315340996 	 evaluate_max_cost:2.7200002670288086
lambda=0.00000, eps=1.00000, pred_cost=182.15515, p_value=1.00000, constraint_value=0.00033, constraint_violation=-0.99967
lambda=0.00000, eps=1.00000, pred_cost=182.45940, p_value=1.00000, constraint_value=0.00025, constraint_violation=-0.99975
lambda=0.00000, eps=1.00000, pred_cost=182.22498, p_value=1.00000, constraint_value=0.00025, constraint_violation=-0.99975
lambda=0.00000, eps=1.00000, pred_cost=180.91797, p_value=1.00000, constraint_value=0.00028, constraint_violation=-0.99972
lambda=0.00000, eps=1.00000, pred_cost=180.23651, p_value=1.00000, constraint_value=0.00025, constraint_violation=-0.99975
lambda=0.00000, eps=1.00000, pred_cost=178.84933, p_value=1.00000, constraint_value=0.00023, constraint_violation=-0.99977
lambda=0.00000, eps=1.00000, pred_cost=178.02457, p_value=1.00000, constraint_value=0.00023, constraint_violation=-0.99977
lambda=0.00000, eps=1.00000, pred_cost=178.43045, p_value=1.00000, constraint_value=0.00027, constraint_violation=-0.99973
lambda=0.00000, eps=1.00000, pred_cost=178.25049, p_value=1.00000, constraint_value=0.00023, constraint_violation=-0.99977
lambda=0.00000, eps=1.00000, pred_cost=178.64984, p_value=1.00000, constraint_value=0.00024, constraint_violation=-0.99976
lambda=0.00000, eps=1.00000, pred_cost=180.10257, p_value=1.00000, constraint_value=0.00025, constraint_violation=-0.99975
lambda=0.00000, eps=1.00000, pred_cost=182.39009, p_value=1.00000, constraint_value=0.00028, constraint_violation=-0.99972
lambda=0.00000, eps=1.00000, pred_cost=184.04767, p_value=1.00000, constraint_value=0.00034, constraint_violation=-0.99966
lambda=0.00000, eps=1.00000, pred_cost=187.04532, p_value=1.00000, constraint_value=0.00025, constraint_violation=-0.99975
lambda=0.00000, eps=1.00000, pred_cost=187.47388, p_value=1.00000, constraint_value=0.00037, constraint_violation=-0.99963
lambda=0.00000, eps=1.00000, pred_cost=188.88498, p_value=1.00000, constraint_value=0.00029, constraint_violation=-0.99971
lambda=0.00000, eps=1.00000, pred_cost=187.71840, p_value=1.00000, constraint_value=0.00025, constraint_violation=-0.99975
lambda=0.00000, eps=1.00000, pred_cost=185.72617, p_value=1.00000, constraint_value=0.00028, constraint_violation=-0.99972
lambda=0.00000, eps=1.00000, pred_cost=183.52879, p_value=1.00000, constraint_value=0.00029, constraint_violation=-0.99971
lambda=0.00000, eps=1.00000, pred_cost=180.58151, p_value=1.00000, constraint_value=0.00023, constraint_violation=-0.99977
lambda=0.00000, eps=1.00000, pred_cost=177.89859, p_value=1.00000, constraint_value=0.00026, constraint_violation=-0.99974
lambda=0.00000, eps=1.00000, pred_cost=174.98439, p_value=1.00000, constraint_value=0.00024, constraint_violation=-0.99976
lambda=0.00000, eps=1.00000, pred_cost=174.03323, p_value=1.00000, constraint_value=0.00026, constraint_violation=-0.99974
lambda=0.00000, eps=1.00000, pred_cost=173.82475, p_value=1.00000, constraint_value=0.00022, constraint_violation=-0.99978
lambda=0.00000, eps=1.00000, pred_cost=173.45490, p_value=1.00000, constraint_value=0.00028, constraint_violation=-0.99972
lambda=0.00000, eps=1.00000, pred_cost=175.03682, p_value=1.00000, constraint_value=0.00025, constraint_violation=-0.99975
lambda=0.00000, eps=1.00000, pred_cost=175.92752, p_value=1.00000, constraint_value=0.00027, constraint_violation=-0.99973
lambda=0.00000, eps=1.00000, pred_cost=177.86476, p_value=1.00000, constraint_value=0.00042, constraint_violation=-0.99958
lambda=0.00000, eps=1.00000, pred_cost=179.41281, p_value=1.00000, constraint_value=0.00035, constraint_violation=-0.99965
lambda=0.00000, eps=1.00000, pred_cost=181.23370, p_value=1.00000, constraint_value=0.00023, constraint_violation=-0.99977
lambda=0.00000, eps=1.00000, pred_cost=182.13162, p_value=1.00000, constraint_value=0.00058, constraint_violation=-0.99942
lambda=0.00000, eps=1.00000, pred_cost=182.50745, p_value=1.00000, constraint_value=0.00031, constraint_violation=-0.99969
lambda=0.00000, eps=1.00000, pred_cost=181.41536, p_value=1.00000, constraint_value=0.00022, constraint_violation=-0.99978
lambda=0.00000, eps=1.00000, pred_cost=180.70604, p_value=1.00000, constraint_value=0.00027, constraint_violation=-0.99973
lambda=0.00000, eps=1.00000, pred_cost=179.99883, p_value=1.00000, constraint_value=0.00024, constraint_violation=-0.99976
lambda=0.00000, eps=1.00000, pred_cost=178.87206, p_value=1.00000, constraint_value=0.00026, constraint_violation=-0.99974
lambda=0.00000, eps=1.00000, pred_cost=178.59979, p_value=1.00000, constraint_value=0.00022, constraint_violation=-0.99978
lambda=0.00000, eps=1.00000, pred_cost=178.08122, p_value=1.00000, constraint_value=0.00021, constraint_violation=-0.99979
lambda=0.00000, eps=1.00000, pred_cost=177.66542, p_value=1.00000, constraint_value=0.00022, constraint_violation=-0.99978
lambda=0.00000, eps=1.00000, pred_cost=178.25430, p_value=1.00000, constraint_value=0.00028, constraint_violation=-0.99972
lambda=0.00000, eps=1.00000, pred_cost=177.58675, p_value=1.00000, constraint_value=0.00029, constraint_violation=-0.99971
lambda=0.00000, eps=1.00000, pred_cost=177.83517, p_value=1.00000, constraint_value=0.00023, constraint_violation=-0.99977
lambda=0.00000, eps=1.00000, pred_cost=177.07249, p_value=1.00000, constraint_value=0.00025, constraint_violation=-0.99975
lambda=0.00000, eps=1.00000, pred_cost=177.55185, p_value=1.00000, constraint_value=0.00029, constraint_violation=-0.99971
lambda=0.00000, eps=1.00000, pred_cost=177.90150, p_value=1.00000, constraint_value=0.00022, constraint_violation=-0.99978
lambda=0.00000, eps=1.00000, pred_cost=178.14642, p_value=1.00000, constraint_value=0.00021, constraint_violation=-0.99979
lambda=0.00000, eps=1.00000, pred_cost=179.02405, p_value=1.00000, constraint_value=0.00025, constraint_violation=-0.99975
lambda=0.00000, eps=1.00000, pred_cost=179.36436, p_value=1.00000, constraint_value=0.00023, constraint_violation=-0.99977
lambda=0.00000, eps=1.00000, pred_cost=181.55650, p_value=1.00000, constraint_value=0.00022, constraint_violation=-0.99978
evaluate_num:38 	 evaluate_reward:5023.426279088472 	 evaluate_cost:299.648786008358 	 evaluate_max_cost:2.7200002670288086
lambda=0.00000, eps=1.00000, pred_cost=181.19736, p_value=1.00000, constraint_value=0.00027, constraint_violation=-0.99973
lambda=0.00000, eps=1.00000, pred_cost=182.06493, p_value=1.00000, constraint_value=0.00024, constraint_violation=-0.99976
lambda=0.00000, eps=1.00000, pred_cost=182.37711, p_value=1.00000, constraint_value=0.00023, constraint_violation=-0.99977
lambda=0.00000, eps=1.00000, pred_cost=182.96201, p_value=1.00000, constraint_value=0.00021, constraint_violation=-0.99979
lambda=0.00000, eps=1.00000, pred_cost=182.08182, p_value=1.00000, constraint_value=0.00021, constraint_violation=-0.99979
lambda=0.00000, eps=1.00000, pred_cost=181.59573, p_value=1.00000, constraint_value=0.00026, constraint_violation=-0.99974
lambda=0.00000, eps=1.00000, pred_cost=181.31216, p_value=1.00000, constraint_value=0.00022, constraint_violation=-0.99978
lambda=0.00000, eps=1.00000, pred_cost=181.73692, p_value=1.00000, constraint_value=0.00025, constraint_violation=-0.99975
lambda=0.00000, eps=1.00000, pred_cost=181.77151, p_value=1.00000, constraint_value=0.00024, constraint_violation=-0.99976
lambda=0.00000, eps=1.00000, pred_cost=182.09157, p_value=1.00000, constraint_value=0.00021, constraint_violation=-0.99979
lambda=0.00000, eps=1.00000, pred_cost=182.22350, p_value=1.00000, constraint_value=0.00021, constraint_violation=-0.99979
lambda=0.00000, eps=1.00000, pred_cost=182.37207, p_value=1.00000, constraint_value=0.00022, constraint_violation=-0.99978
lambda=0.00000, eps=1.00000, pred_cost=182.76038, p_value=1.00000, constraint_value=0.00023, constraint_violation=-0.99977
lambda=0.00000, eps=1.00000, pred_cost=182.75584, p_value=1.00000, constraint_value=0.00022, constraint_violation=-0.99978
lambda=0.00000, eps=1.00000, pred_cost=182.72717, p_value=1.00000, constraint_value=0.00021, constraint_violation=-0.99979
lambda=0.00000, eps=1.00000, pred_cost=182.17630, p_value=1.00000, constraint_value=0.00023, constraint_violation=-0.99977
lambda=0.00000, eps=1.00000, pred_cost=183.76677, p_value=1.00000, constraint_value=0.00023, constraint_violation=-0.99977
lambda=0.00000, eps=1.00000, pred_cost=183.33875, p_value=1.00000, constraint_value=0.00028, constraint_violation=-0.99972
lambda=0.00000, eps=1.00000, pred_cost=183.37856, p_value=1.00000, constraint_value=0.00020, constraint_violation=-0.99980
lambda=0.00000, eps=1.00000, pred_cost=184.32498, p_value=1.00000, constraint_value=0.00021, constraint_violation=-0.99979
lambda=0.00000, eps=1.00000, pred_cost=183.92503, p_value=1.00000, constraint_value=0.00022, constraint_violation=-0.99978
lambda=0.00000, eps=1.00000, pred_cost=184.60127, p_value=1.00000, constraint_value=0.00018, constraint_violation=-0.99982
lambda=0.00000, eps=1.00000, pred_cost=184.17632, p_value=1.00000, constraint_value=0.00020, constraint_violation=-0.99980
lambda=0.00000, eps=1.00000, pred_cost=184.29730, p_value=1.00000, constraint_value=0.00023, constraint_violation=-0.99977
lambda=0.00000, eps=1.00000, pred_cost=183.79559, p_value=1.00000, constraint_value=0.00021, constraint_violation=-0.99979
lambda=0.00000, eps=1.00000, pred_cost=184.05135, p_value=1.00000, constraint_value=0.00020, constraint_violation=-0.99980
lambda=0.00000, eps=1.00000, pred_cost=184.04424, p_value=1.00000, constraint_value=0.00027, constraint_violation=-0.99973
lambda=0.00000, eps=1.00000, pred_cost=183.61813, p_value=1.00000, constraint_value=0.00020, constraint_violation=-0.99980
lambda=0.00000, eps=1.00000, pred_cost=182.60945, p_value=1.00000, constraint_value=0.00020, constraint_violation=-0.99980
lambda=0.00000, eps=1.00000, pred_cost=181.20161, p_value=1.00000, constraint_value=0.00021, constraint_violation=-0.99979
lambda=0.00000, eps=1.00000, pred_cost=179.63843, p_value=1.00000, constraint_value=0.00022, constraint_violation=-0.99978
lambda=0.00000, eps=1.00000, pred_cost=177.92865, p_value=1.00000, constraint_value=0.00025, constraint_violation=-0.99975
lambda=0.00000, eps=1.00000, pred_cost=177.54541, p_value=1.00000, constraint_value=0.00026, constraint_violation=-0.99974
lambda=0.00000, eps=1.00000, pred_cost=175.91965, p_value=1.00000, constraint_value=0.00021, constraint_violation=-0.99979
lambda=0.00000, eps=1.00000, pred_cost=174.81223, p_value=1.00000, constraint_value=0.00022, constraint_violation=-0.99978
lambda=0.00000, eps=1.00000, pred_cost=175.53862, p_value=1.00000, constraint_value=0.00026, constraint_violation=-0.99974
lambda=0.00000, eps=1.00000, pred_cost=176.71515, p_value=1.00000, constraint_value=0.00024, constraint_violation=-0.99976
lambda=0.00000, eps=1.00000, pred_cost=176.08691, p_value=1.00000, constraint_value=0.00024, constraint_violation=-0.99976
lambda=0.00000, eps=1.00000, pred_cost=177.40572, p_value=1.00000, constraint_value=0.00024, constraint_violation=-0.99976
lambda=0.00000, eps=1.00000, pred_cost=178.53963, p_value=1.00000, constraint_value=0.00023, constraint_violation=-0.99977
lambda=0.00000, eps=1.00000, pred_cost=179.10333, p_value=1.00000, constraint_value=0.00024, constraint_violation=-0.99976
lambda=0.00000, eps=1.00000, pred_cost=180.06314, p_value=1.00000, constraint_value=0.00022, constraint_violation=-0.99978
lambda=0.00000, eps=1.00000, pred_cost=179.38411, p_value=1.00000, constraint_value=0.00027, constraint_violation=-0.99973
lambda=0.00000, eps=1.00000, pred_cost=180.88742, p_value=1.00000, constraint_value=0.00025, constraint_violation=-0.99975
lambda=0.00000, eps=1.00000, pred_cost=180.61203, p_value=1.00000, constraint_value=0.00027, constraint_violation=-0.99973
lambda=0.00000, eps=1.00000, pred_cost=179.78798, p_value=1.00000, constraint_value=0.00024, constraint_violation=-0.99976
lambda=0.00000, eps=1.00000, pred_cost=179.93550, p_value=1.00000, constraint_value=0.00023, constraint_violation=-0.99977
lambda=0.00000, eps=1.00000, pred_cost=179.69644, p_value=1.00000, constraint_value=0.00029, constraint_violation=-0.99971
evaluate_num:39 	 evaluate_reward:5021.441010971171 	 evaluate_cost:284.3755725324154 	 evaluate_max_cost:2.7200002670288086
lambda=0.00000, eps=1.00000, pred_cost=178.72807, p_value=1.00000, constraint_value=0.00025, constraint_violation=-0.99975
lambda=0.00000, eps=1.00000, pred_cost=178.78706, p_value=1.00000, constraint_value=0.00021, constraint_violation=-0.99979
lambda=0.00000, eps=1.00000, pred_cost=177.85249, p_value=1.00000, constraint_value=0.00022, constraint_violation=-0.99978
lambda=0.00000, eps=1.00000, pred_cost=178.69202, p_value=1.00000, constraint_value=0.00028, constraint_violation=-0.99972
lambda=0.00000, eps=1.00000, pred_cost=178.55768, p_value=1.00000, constraint_value=0.00024, constraint_violation=-0.99976
lambda=0.00000, eps=1.00000, pred_cost=179.65002, p_value=1.00000, constraint_value=0.00025, constraint_violation=-0.99975
lambda=0.00000, eps=1.00000, pred_cost=180.65233, p_value=1.00000, constraint_value=0.00024, constraint_violation=-0.99976
lambda=0.00000, eps=1.00000, pred_cost=180.75824, p_value=1.00000, constraint_value=0.00024, constraint_violation=-0.99976
lambda=0.00000, eps=1.00000, pred_cost=182.49455, p_value=1.00000, constraint_value=0.00024, constraint_violation=-0.99976
lambda=0.00000, eps=1.00000, pred_cost=182.69908, p_value=1.00000, constraint_value=0.00022, constraint_violation=-0.99978
lambda=0.00000, eps=1.00000, pred_cost=183.42841, p_value=1.00000, constraint_value=0.00025, constraint_violation=-0.99975
lambda=0.00000, eps=1.00000, pred_cost=183.03073, p_value=1.00000, constraint_value=0.00029, constraint_violation=-0.99971
lambda=0.00000, eps=1.00000, pred_cost=182.64537, p_value=1.00000, constraint_value=0.00025, constraint_violation=-0.99975
lambda=0.00000, eps=1.00000, pred_cost=181.97166, p_value=1.00000, constraint_value=0.00025, constraint_violation=-0.99975
lambda=0.00000, eps=1.00000, pred_cost=180.37820, p_value=1.00000, constraint_value=0.00020, constraint_violation=-0.99980
lambda=0.00000, eps=1.00000, pred_cost=179.01170, p_value=1.00000, constraint_value=0.00020, constraint_violation=-0.99980
lambda=0.00000, eps=1.00000, pred_cost=177.93758, p_value=1.00000, constraint_value=0.00022, constraint_violation=-0.99978
lambda=0.00000, eps=1.00000, pred_cost=177.53543, p_value=1.00000, constraint_value=0.00027, constraint_violation=-0.99973
lambda=0.00000, eps=1.00000, pred_cost=177.04941, p_value=1.00000, constraint_value=0.00024, constraint_violation=-0.99976
lambda=0.00000, eps=1.00000, pred_cost=175.85597, p_value=1.00000, constraint_value=0.00021, constraint_violation=-0.99979
lambda=0.00000, eps=1.00000, pred_cost=175.91144, p_value=1.00000, constraint_value=0.00028, constraint_violation=-0.99972
lambda=0.00000, eps=1.00000, pred_cost=176.11270, p_value=1.00000, constraint_value=0.00021, constraint_violation=-0.99979
lambda=0.00000, eps=1.00000, pred_cost=176.22623, p_value=1.00000, constraint_value=0.00023, constraint_violation=-0.99977
lambda=0.00000, eps=1.00000, pred_cost=175.67717, p_value=1.00000, constraint_value=0.00021, constraint_violation=-0.99979
lambda=0.00000, eps=1.00000, pred_cost=176.85231, p_value=1.00000, constraint_value=0.00028, constraint_violation=-0.99972
lambda=0.00000, eps=1.00000, pred_cost=177.16525, p_value=1.00000, constraint_value=0.00022, constraint_violation=-0.99978
lambda=0.00000, eps=1.00000, pred_cost=177.90109, p_value=1.00000, constraint_value=0.00022, constraint_violation=-0.99978
lambda=0.00000, eps=1.00000, pred_cost=178.81874, p_value=1.00000, constraint_value=0.00020, constraint_violation=-0.99980
lambda=0.00000, eps=1.00000, pred_cost=179.06723, p_value=1.00000, constraint_value=0.00021, constraint_violation=-0.99979
lambda=0.00000, eps=1.00000, pred_cost=179.45045, p_value=1.00000, constraint_value=0.00019, constraint_violation=-0.99981
lambda=0.00000, eps=1.00000, pred_cost=180.09515, p_value=1.00000, constraint_value=0.00020, constraint_violation=-0.99980
lambda=0.00000, eps=1.00000, pred_cost=180.63954, p_value=1.00000, constraint_value=0.00030, constraint_violation=-0.99970
lambda=0.00000, eps=1.00000, pred_cost=181.66008, p_value=1.00000, constraint_value=0.00022, constraint_violation=-0.99978
lambda=0.00000, eps=1.00000, pred_cost=182.33650, p_value=1.00000, constraint_value=0.00020, constraint_violation=-0.99980
lambda=0.00000, eps=1.00000, pred_cost=182.10103, p_value=1.00000, constraint_value=0.00021, constraint_violation=-0.99979
lambda=0.00000, eps=1.00000, pred_cost=181.84714, p_value=1.00000, constraint_value=0.00025, constraint_violation=-0.99975
lambda=0.00000, eps=1.00000, pred_cost=181.96040, p_value=1.00000, constraint_value=0.00024, constraint_violation=-0.99976
lambda=0.00000, eps=1.00000, pred_cost=181.04263, p_value=1.00000, constraint_value=0.00020, constraint_violation=-0.99980
lambda=0.00000, eps=1.00000, pred_cost=180.59866, p_value=1.00000, constraint_value=0.00022, constraint_violation=-0.99978
lambda=0.00000, eps=1.00000, pred_cost=179.89459, p_value=1.00000, constraint_value=0.00020, constraint_violation=-0.99980
lambda=0.00000, eps=1.00000, pred_cost=180.10764, p_value=1.00000, constraint_value=0.00027, constraint_violation=-0.99973
lambda=0.00000, eps=1.00000, pred_cost=179.08438, p_value=1.00000, constraint_value=0.00020, constraint_violation=-0.99980
lambda=0.00000, eps=1.00000, pred_cost=177.85603, p_value=1.00000, constraint_value=0.00019, constraint_violation=-0.99981
lambda=0.00000, eps=1.00000, pred_cost=178.85909, p_value=1.00000, constraint_value=0.00016, constraint_violation=-0.99984
lambda=0.00000, eps=1.00000, pred_cost=178.86031, p_value=1.00000, constraint_value=0.00021, constraint_violation=-0.99979
lambda=0.00000, eps=1.00000, pred_cost=178.48987, p_value=1.00000, constraint_value=0.00019, constraint_violation=-0.99981
lambda=0.00000, eps=1.00000, pred_cost=180.45381, p_value=1.00000, constraint_value=0.00022, constraint_violation=-0.99978
lambda=0.00000, eps=1.00000, pred_cost=180.78322, p_value=1.00000, constraint_value=0.00020, constraint_violation=-0.99980
lambda=0.00000, eps=1.00000, pred_cost=180.85468, p_value=1.00000, constraint_value=0.00018, constraint_violation=-0.99982
evaluate_num:40 	 evaluate_reward:5029.5321509365085 	 evaluate_cost:273.742882668972 	 evaluate_max_cost:2.7200002670288086
lambda=0.00000, eps=1.00000, pred_cost=179.60371, p_value=1.00000, constraint_value=0.00021, constraint_violation=-0.99979
lambda=0.00000, eps=1.00000, pred_cost=178.24588, p_value=1.00000, constraint_value=0.00020, constraint_violation=-0.99980
lambda=0.00000, eps=1.00000, pred_cost=176.72400, p_value=1.00000, constraint_value=0.00023, constraint_violation=-0.99977
lambda=0.00000, eps=1.00000, pred_cost=175.31683, p_value=1.00000, constraint_value=0.00021, constraint_violation=-0.99979
lambda=0.00000, eps=1.00000, pred_cost=173.78300, p_value=1.00000, constraint_value=0.00023, constraint_violation=-0.99977
lambda=0.00000, eps=1.00000, pred_cost=174.07520, p_value=1.00000, constraint_value=0.00020, constraint_violation=-0.99980
lambda=0.00000, eps=1.00000, pred_cost=173.26862, p_value=1.00000, constraint_value=0.00018, constraint_violation=-0.99982
lambda=0.00000, eps=1.00000, pred_cost=172.95091, p_value=1.00000, constraint_value=0.00018, constraint_violation=-0.99982
lambda=0.00000, eps=1.00000, pred_cost=174.80515, p_value=1.00000, constraint_value=0.00019, constraint_violation=-0.99981
lambda=0.00000, eps=1.00000, pred_cost=174.74821, p_value=1.00000, constraint_value=0.00018, constraint_violation=-0.99982
lambda=0.00000, eps=1.00000, pred_cost=175.78040, p_value=1.00000, constraint_value=0.00019, constraint_violation=-0.99981
lambda=0.00000, eps=1.00000, pred_cost=176.18358, p_value=1.00000, constraint_value=0.00018, constraint_violation=-0.99982
lambda=0.00000, eps=1.00000, pred_cost=177.31009, p_value=1.00000, constraint_value=0.00024, constraint_violation=-0.99976
lambda=0.00000, eps=1.00000, pred_cost=178.45236, p_value=1.00000, constraint_value=0.00021, constraint_violation=-0.99979
lambda=0.00000, eps=1.00000, pred_cost=178.30441, p_value=1.00000, constraint_value=0.00020, constraint_violation=-0.99980
lambda=0.00000, eps=1.00000, pred_cost=177.33548, p_value=1.00000, constraint_value=0.00022, constraint_violation=-0.99978
lambda=0.00000, eps=1.00000, pred_cost=176.83405, p_value=1.00000, constraint_value=0.00019, constraint_violation=-0.99981
lambda=0.00000, eps=1.00000, pred_cost=175.08304, p_value=1.00000, constraint_value=0.00017, constraint_violation=-0.99983
lambda=0.00000, eps=1.00000, pred_cost=174.03882, p_value=1.00000, constraint_value=0.00019, constraint_violation=-0.99981
lambda=0.00000, eps=1.00000, pred_cost=171.84985, p_value=1.00000, constraint_value=0.00018, constraint_violation=-0.99982
lambda=0.00000, eps=1.00000, pred_cost=170.72099, p_value=1.00000, constraint_value=0.00020, constraint_violation=-0.99980
lambda=0.00000, eps=1.00000, pred_cost=171.30243, p_value=1.00000, constraint_value=0.00019, constraint_violation=-0.99981
lambda=0.00000, eps=1.00000, pred_cost=169.85535, p_value=1.00000, constraint_value=0.00019, constraint_violation=-0.99981
lambda=0.00000, eps=1.00000, pred_cost=170.32292, p_value=1.00000, constraint_value=0.00019, constraint_violation=-0.99981
lambda=0.00000, eps=1.00000, pred_cost=169.14101, p_value=1.00000, constraint_value=0.00019, constraint_violation=-0.99981
lambda=0.00000, eps=1.00000, pred_cost=168.79393, p_value=1.00000, constraint_value=0.00019, constraint_violation=-0.99981
lambda=0.00000, eps=1.00000, pred_cost=166.93803, p_value=1.00000, constraint_value=0.00019, constraint_violation=-0.99981
lambda=0.00000, eps=1.00000, pred_cost=165.90276, p_value=1.00000, constraint_value=0.00018, constraint_violation=-0.99982
lambda=0.00000, eps=1.00000, pred_cost=164.30052, p_value=1.00000, constraint_value=0.00019, constraint_violation=-0.99981
lambda=0.00000, eps=1.00000, pred_cost=164.24548, p_value=1.00000, constraint_value=0.00022, constraint_violation=-0.99978
lambda=0.00000, eps=1.00000, pred_cost=163.17377, p_value=1.00000, constraint_value=0.00018, constraint_violation=-0.99982
lambda=0.00000, eps=1.00000, pred_cost=164.25636, p_value=1.00000, constraint_value=0.00019, constraint_violation=-0.99981
lambda=0.00000, eps=1.00000, pred_cost=164.84520, p_value=1.00000, constraint_value=0.00017, constraint_violation=-0.99983
lambda=0.00000, eps=1.00000, pred_cost=166.20020, p_value=1.00000, constraint_value=0.00023, constraint_violation=-0.99977
lambda=0.00000, eps=1.00000, pred_cost=166.88829, p_value=1.00000, constraint_value=0.00021, constraint_violation=-0.99979
lambda=0.00000, eps=1.00000, pred_cost=167.37010, p_value=1.00000, constraint_value=0.00021, constraint_violation=-0.99979
lambda=0.00000, eps=1.00000, pred_cost=168.50975, p_value=1.00000, constraint_value=0.00018, constraint_violation=-0.99982
lambda=0.00000, eps=1.00000, pred_cost=168.88860, p_value=1.00000, constraint_value=0.00020, constraint_violation=-0.99980
lambda=0.00000, eps=1.00000, pred_cost=170.40845, p_value=1.00000, constraint_value=0.00018, constraint_violation=-0.99982
lambda=0.00000, eps=1.00000, pred_cost=172.09663, p_value=1.00000, constraint_value=0.00020, constraint_violation=-0.99980
lambda=0.00000, eps=1.00000, pred_cost=173.67160, p_value=1.00000, constraint_value=0.00020, constraint_violation=-0.99980
lambda=0.00000, eps=1.00000, pred_cost=176.55862, p_value=1.00000, constraint_value=0.00019, constraint_violation=-0.99981
lambda=0.00000, eps=1.00000, pred_cost=178.48021, p_value=1.00000, constraint_value=0.00022, constraint_violation=-0.99978
lambda=0.00000, eps=1.00000, pred_cost=179.53036, p_value=1.00000, constraint_value=0.00021, constraint_violation=-0.99979
lambda=0.00000, eps=1.00000, pred_cost=181.88419, p_value=1.00000, constraint_value=0.00019, constraint_violation=-0.99981
lambda=0.00000, eps=1.00000, pred_cost=182.58743, p_value=1.00000, constraint_value=0.00022, constraint_violation=-0.99978
lambda=0.00000, eps=1.00000, pred_cost=182.93665, p_value=1.00000, constraint_value=0.00020, constraint_violation=-0.99980
lambda=0.00000, eps=1.00000, pred_cost=182.17667, p_value=1.00000, constraint_value=0.00018, constraint_violation=-0.99982
lambda=0.00000, eps=1.00000, pred_cost=182.38623, p_value=1.00000, constraint_value=0.00018, constraint_violation=-0.99982
evaluate_num:41 	 evaluate_reward:5031.958968736156 	 evaluate_cost:258.98392993211746 	 evaluate_max_cost:2.7200002670288086
lambda=0.00000, eps=1.00000, pred_cost=182.80206, p_value=1.00000, constraint_value=0.00019, constraint_violation=-0.99981
lambda=0.00000, eps=1.00000, pred_cost=180.95166, p_value=1.00000, constraint_value=0.00018, constraint_violation=-0.99982
lambda=0.00000, eps=1.00000, pred_cost=179.33665, p_value=1.00000, constraint_value=0.00020, constraint_violation=-0.99980
lambda=0.00000, eps=1.00000, pred_cost=178.59915, p_value=1.00000, constraint_value=0.00021, constraint_violation=-0.99979
lambda=0.00000, eps=1.00000, pred_cost=176.76257, p_value=1.00000, constraint_value=0.00016, constraint_violation=-0.99984
lambda=0.00000, eps=1.00000, pred_cost=177.13788, p_value=1.00000, constraint_value=0.00021, constraint_violation=-0.99979
lambda=0.00000, eps=1.00000, pred_cost=175.50652, p_value=1.00000, constraint_value=0.00019, constraint_violation=-0.99981
lambda=0.00000, eps=1.00000, pred_cost=176.68156, p_value=1.00000, constraint_value=0.00018, constraint_violation=-0.99982
lambda=0.00000, eps=1.00000, pred_cost=176.70151, p_value=1.00000, constraint_value=0.00017, constraint_violation=-0.99983
lambda=0.00000, eps=1.00000, pred_cost=178.32875, p_value=1.00000, constraint_value=0.00016, constraint_violation=-0.99984
lambda=0.00000, eps=1.00000, pred_cost=181.06448, p_value=1.00000, constraint_value=0.00019, constraint_violation=-0.99981
lambda=0.00000, eps=1.00000, pred_cost=183.40466, p_value=1.00000, constraint_value=0.00018, constraint_violation=-0.99982
lambda=0.00000, eps=1.00000, pred_cost=186.47311, p_value=1.00000, constraint_value=0.00017, constraint_violation=-0.99983
lambda=0.00000, eps=1.00000, pred_cost=185.95013, p_value=1.00000, constraint_value=0.00018, constraint_violation=-0.99982
lambda=0.00000, eps=1.00000, pred_cost=188.16595, p_value=1.00000, constraint_value=0.00015, constraint_violation=-0.99985
lambda=0.00000, eps=1.00000, pred_cost=187.87010, p_value=1.00000, constraint_value=0.00019, constraint_violation=-0.99981
lambda=0.00000, eps=1.00000, pred_cost=188.77878, p_value=1.00000, constraint_value=0.00018, constraint_violation=-0.99982
lambda=0.00000, eps=1.00000, pred_cost=189.25584, p_value=1.00000, constraint_value=0.00016, constraint_violation=-0.99984
lambda=0.00000, eps=1.00000, pred_cost=189.98697, p_value=1.00000, constraint_value=0.00017, constraint_violation=-0.99983
lambda=0.00000, eps=1.00000, pred_cost=188.82974, p_value=1.00000, constraint_value=0.00018, constraint_violation=-0.99982
lambda=0.00000, eps=1.00000, pred_cost=189.80270, p_value=1.00000, constraint_value=0.00017, constraint_violation=-0.99983
lambda=0.00000, eps=1.00000, pred_cost=190.10947, p_value=1.00000, constraint_value=0.00020, constraint_violation=-0.99980
lambda=0.00000, eps=1.00000, pred_cost=189.28078, p_value=1.00000, constraint_value=0.00019, constraint_violation=-0.99981
lambda=0.00000, eps=1.00000, pred_cost=189.73828, p_value=1.00000, constraint_value=0.00020, constraint_violation=-0.99980
lambda=0.00000, eps=1.00000, pred_cost=189.76639, p_value=1.00000, constraint_value=0.00018, constraint_violation=-0.99982
lambda=0.00000, eps=1.00000, pred_cost=189.82567, p_value=1.00000, constraint_value=0.00019, constraint_violation=-0.99981
lambda=0.00000, eps=1.00000, pred_cost=188.78456, p_value=1.00000, constraint_value=0.00024, constraint_violation=-0.99976
lambda=0.00000, eps=1.00000, pred_cost=188.37856, p_value=1.00000, constraint_value=0.00018, constraint_violation=-0.99982
lambda=0.00000, eps=1.00000, pred_cost=186.27986, p_value=1.00000, constraint_value=0.00021, constraint_violation=-0.99979
lambda=0.00000, eps=1.00000, pred_cost=186.07280, p_value=1.00000, constraint_value=0.00022, constraint_violation=-0.99978
lambda=0.00000, eps=1.00000, pred_cost=185.79704, p_value=1.00000, constraint_value=0.00017, constraint_violation=-0.99983
lambda=0.00000, eps=1.00000, pred_cost=185.88913, p_value=1.00000, constraint_value=0.00025, constraint_violation=-0.99975
lambda=0.00000, eps=1.00000, pred_cost=185.62164, p_value=1.00000, constraint_value=0.00021, constraint_violation=-0.99979
lambda=0.00000, eps=1.00000, pred_cost=184.76828, p_value=1.00000, constraint_value=0.00022, constraint_violation=-0.99978
lambda=0.00000, eps=1.00000, pred_cost=185.44138, p_value=1.00000, constraint_value=0.00017, constraint_violation=-0.99983
lambda=0.00000, eps=1.00000, pred_cost=186.89702, p_value=1.00000, constraint_value=0.00022, constraint_violation=-0.99978
lambda=0.00000, eps=1.00000, pred_cost=187.18114, p_value=1.00000, constraint_value=0.00021, constraint_violation=-0.99979
lambda=0.00000, eps=1.00000, pred_cost=186.87325, p_value=1.00000, constraint_value=0.00019, constraint_violation=-0.99981
lambda=0.00000, eps=1.00000, pred_cost=187.74289, p_value=1.00000, constraint_value=0.00022, constraint_violation=-0.99978
lambda=0.00000, eps=1.00000, pred_cost=189.46481, p_value=1.00000, constraint_value=0.00019, constraint_violation=-0.99981
lambda=0.00000, eps=1.00000, pred_cost=191.05499, p_value=1.00000, constraint_value=0.00017, constraint_violation=-0.99983
lambda=0.00000, eps=1.00000, pred_cost=190.46791, p_value=1.00000, constraint_value=0.00018, constraint_violation=-0.99982
lambda=0.00000, eps=1.00000, pred_cost=191.03154, p_value=1.00000, constraint_value=0.00019, constraint_violation=-0.99981
lambda=0.00000, eps=1.00000, pred_cost=189.55812, p_value=1.00000, constraint_value=0.00020, constraint_violation=-0.99980
lambda=0.00000, eps=1.00000, pred_cost=188.55861, p_value=1.00000, constraint_value=0.00017, constraint_violation=-0.99983
lambda=0.00000, eps=1.00000, pred_cost=188.82785, p_value=1.00000, constraint_value=0.00017, constraint_violation=-0.99983
lambda=0.00000, eps=1.00000, pred_cost=187.60872, p_value=1.00000, constraint_value=0.00019, constraint_violation=-0.99981
lambda=0.00000, eps=1.00000, pred_cost=187.53551, p_value=1.00000, constraint_value=0.00026, constraint_violation=-0.99974
lambda=0.00000, eps=1.00000, pred_cost=186.89740, p_value=1.00000, constraint_value=0.00018, constraint_violation=-0.99982
evaluate_num:42 	 evaluate_reward:5023.791498663715 	 evaluate_cost:211.01423719525337 	 evaluate_max_cost:2.7200002670288086
lambda=0.00000, eps=1.00000, pred_cost=186.57846, p_value=1.00000, constraint_value=0.00019, constraint_violation=-0.99981
lambda=0.00000, eps=1.00000, pred_cost=186.61163, p_value=1.00000, constraint_value=0.00018, constraint_violation=-0.99982
lambda=0.00000, eps=1.00000, pred_cost=187.98427, p_value=1.00000, constraint_value=0.00019, constraint_violation=-0.99981
lambda=0.00000, eps=1.00000, pred_cost=188.17346, p_value=1.00000, constraint_value=0.00019, constraint_violation=-0.99981
lambda=0.00000, eps=1.00000, pred_cost=188.89159, p_value=1.00000, constraint_value=0.00019, constraint_violation=-0.99981
lambda=0.00000, eps=1.00000, pred_cost=190.21017, p_value=1.00000, constraint_value=0.00017, constraint_violation=-0.99983
lambda=0.00000, eps=1.00000, pred_cost=190.25157, p_value=1.00000, constraint_value=0.00016, constraint_violation=-0.99984
lambda=0.00000, eps=1.00000, pred_cost=190.78893, p_value=1.00000, constraint_value=0.00018, constraint_violation=-0.99982
lambda=0.00000, eps=1.00000, pred_cost=190.94298, p_value=1.00000, constraint_value=0.00017, constraint_violation=-0.99983
lambda=0.00000, eps=1.00000, pred_cost=192.03491, p_value=1.00000, constraint_value=0.00020, constraint_violation=-0.99980
lambda=0.00000, eps=1.00000, pred_cost=190.72859, p_value=1.00000, constraint_value=0.00038, constraint_violation=-0.99962
lambda=0.00000, eps=1.00000, pred_cost=188.75769, p_value=1.00000, constraint_value=0.00024, constraint_violation=-0.99976
lambda=0.00000, eps=1.00000, pred_cost=187.18198, p_value=1.00000, constraint_value=0.00018, constraint_violation=-0.99982
lambda=0.00000, eps=1.00000, pred_cost=185.34454, p_value=1.00000, constraint_value=0.00018, constraint_violation=-0.99982
lambda=0.00000, eps=1.00000, pred_cost=182.91634, p_value=1.00000, constraint_value=0.00020, constraint_violation=-0.99980
lambda=0.00000, eps=1.00000, pred_cost=182.51849, p_value=1.00000, constraint_value=0.00018, constraint_violation=-0.99982
lambda=0.00000, eps=1.00000, pred_cost=181.60254, p_value=1.00000, constraint_value=0.00018, constraint_violation=-0.99982
lambda=0.00000, eps=1.00000, pred_cost=181.94815, p_value=1.00000, constraint_value=0.00018, constraint_violation=-0.99982
lambda=0.00000, eps=1.00000, pred_cost=181.40685, p_value=1.00000, constraint_value=0.00025, constraint_violation=-0.99975
lambda=0.00000, eps=1.00000, pred_cost=183.21463, p_value=1.00000, constraint_value=0.00019, constraint_violation=-0.99981
lambda=0.00000, eps=1.00000, pred_cost=184.49487, p_value=1.00000, constraint_value=0.00019, constraint_violation=-0.99981
lambda=0.00000, eps=1.00000, pred_cost=186.07613, p_value=1.00000, constraint_value=0.00019, constraint_violation=-0.99981
lambda=0.00000, eps=1.00000, pred_cost=187.44861, p_value=1.00000, constraint_value=0.00022, constraint_violation=-0.99978
lambda=0.00000, eps=1.00000, pred_cost=189.40405, p_value=1.00000, constraint_value=0.00021, constraint_violation=-0.99979
lambda=0.00000, eps=1.00000, pred_cost=190.37918, p_value=1.00000, constraint_value=0.00022, constraint_violation=-0.99978
lambda=0.00000, eps=1.00000, pred_cost=190.75156, p_value=1.00000, constraint_value=0.00020, constraint_violation=-0.99980
lambda=0.00000, eps=1.00000, pred_cost=190.65733, p_value=1.00000, constraint_value=0.00022, constraint_violation=-0.99978
lambda=0.00000, eps=1.00000, pred_cost=189.35620, p_value=1.00000, constraint_value=0.00019, constraint_violation=-0.99981
lambda=0.00000, eps=1.00000, pred_cost=188.33556, p_value=1.00000, constraint_value=0.00016, constraint_violation=-0.99984
lambda=0.00000, eps=1.00000, pred_cost=186.32184, p_value=1.00000, constraint_value=0.00021, constraint_violation=-0.99979
lambda=0.00000, eps=1.00000, pred_cost=183.64388, p_value=1.00000, constraint_value=0.00018, constraint_violation=-0.99982
lambda=0.00000, eps=1.00000, pred_cost=180.67299, p_value=1.00000, constraint_value=0.00022, constraint_violation=-0.99978
lambda=0.00000, eps=1.00000, pred_cost=178.46410, p_value=1.00000, constraint_value=0.00018, constraint_violation=-0.99982
lambda=0.00000, eps=1.00000, pred_cost=176.71765, p_value=1.00000, constraint_value=0.00019, constraint_violation=-0.99981
lambda=0.00000, eps=1.00000, pred_cost=176.03183, p_value=1.00000, constraint_value=0.00018, constraint_violation=-0.99982
lambda=0.00000, eps=1.00000, pred_cost=176.02679, p_value=1.00000, constraint_value=0.00017, constraint_violation=-0.99983
lambda=0.00000, eps=1.00000, pred_cost=176.22546, p_value=1.00000, constraint_value=0.00015, constraint_violation=-0.99985
lambda=0.00000, eps=1.00000, pred_cost=178.33711, p_value=1.00000, constraint_value=0.00022, constraint_violation=-0.99978
lambda=0.00000, eps=1.00000, pred_cost=181.39920, p_value=1.00000, constraint_value=0.00017, constraint_violation=-0.99983
lambda=0.00000, eps=1.00000, pred_cost=183.79440, p_value=1.00000, constraint_value=0.00025, constraint_violation=-0.99975
lambda=0.00000, eps=1.00000, pred_cost=185.38722, p_value=1.00000, constraint_value=0.00017, constraint_violation=-0.99983
lambda=0.00000, eps=1.00000, pred_cost=187.22330, p_value=1.00000, constraint_value=0.00021, constraint_violation=-0.99979
lambda=0.00000, eps=1.00000, pred_cost=188.07065, p_value=1.00000, constraint_value=0.00018, constraint_violation=-0.99982
lambda=0.00000, eps=1.00000, pred_cost=188.48993, p_value=1.00000, constraint_value=0.00019, constraint_violation=-0.99981
lambda=0.00000, eps=1.00000, pred_cost=187.23659, p_value=1.00000, constraint_value=0.00023, constraint_violation=-0.99977
lambda=0.00000, eps=1.00000, pred_cost=186.04921, p_value=1.00000, constraint_value=0.00019, constraint_violation=-0.99981
lambda=0.00000, eps=1.00000, pred_cost=184.42705, p_value=1.00000, constraint_value=0.00018, constraint_violation=-0.99982
lambda=0.00000, eps=1.00000, pred_cost=181.47353, p_value=1.00000, constraint_value=0.00020, constraint_violation=-0.99980
lambda=0.00000, eps=1.00000, pred_cost=179.81250, p_value=1.00000, constraint_value=0.00017, constraint_violation=-0.99983
evaluate_num:43 	 evaluate_reward:5018.8591715158755 	 evaluate_cost:244.67558428645134 	 evaluate_max_cost:2.7200002670288086
lambda=0.00000, eps=1.00000, pred_cost=176.21796, p_value=1.00000, constraint_value=0.00020, constraint_violation=-0.99980
lambda=0.00000, eps=1.00000, pred_cost=174.60796, p_value=1.00000, constraint_value=0.00018, constraint_violation=-0.99982
lambda=0.00000, eps=1.00000, pred_cost=173.51022, p_value=1.00000, constraint_value=0.00016, constraint_violation=-0.99984
lambda=0.00000, eps=1.00000, pred_cost=172.69745, p_value=1.00000, constraint_value=0.00018, constraint_violation=-0.99982
lambda=0.00000, eps=1.00000, pred_cost=173.05368, p_value=1.00000, constraint_value=0.00015, constraint_violation=-0.99985
lambda=0.00000, eps=1.00000, pred_cost=175.22807, p_value=1.00000, constraint_value=0.00016, constraint_violation=-0.99984
lambda=0.00000, eps=1.00000, pred_cost=177.06198, p_value=1.00000, constraint_value=0.00016, constraint_violation=-0.99984
lambda=0.00000, eps=1.00000, pred_cost=178.95490, p_value=1.00000, constraint_value=0.00018, constraint_violation=-0.99982
lambda=0.00000, eps=1.00000, pred_cost=181.64560, p_value=1.00000, constraint_value=0.00015, constraint_violation=-0.99985
lambda=0.00000, eps=1.00000, pred_cost=182.42859, p_value=1.00000, constraint_value=0.00018, constraint_violation=-0.99982
lambda=0.00000, eps=1.00000, pred_cost=184.48886, p_value=1.00000, constraint_value=0.00018, constraint_violation=-0.99982
lambda=0.00000, eps=1.00000, pred_cost=186.32228, p_value=1.00000, constraint_value=0.00020, constraint_violation=-0.99980
lambda=0.00000, eps=1.00000, pred_cost=188.73137, p_value=1.00000, constraint_value=0.00017, constraint_violation=-0.99983
lambda=0.00000, eps=1.00000, pred_cost=190.27614, p_value=1.00000, constraint_value=0.00018, constraint_violation=-0.99982
lambda=0.00000, eps=1.00000, pred_cost=190.76202, p_value=1.00000, constraint_value=0.00017, constraint_violation=-0.99983
lambda=0.00000, eps=1.00000, pred_cost=191.18810, p_value=1.00000, constraint_value=0.00019, constraint_violation=-0.99981
lambda=0.00000, eps=1.00000, pred_cost=190.01921, p_value=1.00000, constraint_value=0.00016, constraint_violation=-0.99984
lambda=0.00000, eps=1.00000, pred_cost=189.77315, p_value=1.00000, constraint_value=0.00015, constraint_violation=-0.99985
lambda=0.00000, eps=1.00000, pred_cost=188.25070, p_value=1.00000, constraint_value=0.00019, constraint_violation=-0.99981
lambda=0.00000, eps=1.00000, pred_cost=187.68347, p_value=1.00000, constraint_value=0.00018, constraint_violation=-0.99982
lambda=0.00000, eps=1.00000, pred_cost=186.36778, p_value=1.00000, constraint_value=0.00017, constraint_violation=-0.99983
lambda=0.00000, eps=1.00000, pred_cost=186.72983, p_value=1.00000, constraint_value=0.00019, constraint_violation=-0.99981
lambda=0.00000, eps=1.00000, pred_cost=187.54832, p_value=1.00000, constraint_value=0.00017, constraint_violation=-0.99983
lambda=0.00000, eps=1.00000, pred_cost=187.67770, p_value=1.00000, constraint_value=0.00017, constraint_violation=-0.99983
lambda=0.00000, eps=1.00000, pred_cost=188.77234, p_value=1.00000, constraint_value=0.00016, constraint_violation=-0.99984
lambda=0.00000, eps=1.00000, pred_cost=189.35106, p_value=1.00000, constraint_value=0.00016, constraint_violation=-0.99984
lambda=0.00000, eps=1.00000, pred_cost=190.74181, p_value=1.00000, constraint_value=0.00016, constraint_violation=-0.99984
lambda=0.00000, eps=1.00000, pred_cost=192.14758, p_value=1.00000, constraint_value=0.00018, constraint_violation=-0.99982
lambda=0.00000, eps=1.00000, pred_cost=193.61360, p_value=1.00000, constraint_value=0.00019, constraint_violation=-0.99981
lambda=0.00000, eps=1.00000, pred_cost=193.35973, p_value=1.00000, constraint_value=0.00018, constraint_violation=-0.99982
lambda=0.00000, eps=1.00000, pred_cost=193.72623, p_value=1.00000, constraint_value=0.00018, constraint_violation=-0.99982
lambda=0.00000, eps=1.00000, pred_cost=194.11630, p_value=1.00000, constraint_value=0.00018, constraint_violation=-0.99982
lambda=0.00000, eps=1.00000, pred_cost=193.96585, p_value=1.00000, constraint_value=0.00023, constraint_violation=-0.99977
lambda=0.00000, eps=1.00000, pred_cost=194.99277, p_value=1.00000, constraint_value=0.00018, constraint_violation=-0.99982
lambda=0.00000, eps=1.00000, pred_cost=193.86906, p_value=1.00000, constraint_value=0.00017, constraint_violation=-0.99983
lambda=0.00000, eps=1.00000, pred_cost=195.75241, p_value=1.00000, constraint_value=0.00019, constraint_violation=-0.99981
lambda=0.00000, eps=1.00000, pred_cost=194.70773, p_value=1.00000, constraint_value=0.00020, constraint_violation=-0.99980
lambda=0.00000, eps=1.00000, pred_cost=195.37701, p_value=1.00000, constraint_value=0.00019, constraint_violation=-0.99981
lambda=0.00000, eps=1.00000, pred_cost=195.68582, p_value=1.00000, constraint_value=0.00017, constraint_violation=-0.99983
lambda=0.00000, eps=1.00000, pred_cost=195.01828, p_value=1.00000, constraint_value=0.00019, constraint_violation=-0.99981
lambda=0.00000, eps=1.00000, pred_cost=194.97011, p_value=1.00000, constraint_value=0.00019, constraint_violation=-0.99981
lambda=0.00000, eps=1.00000, pred_cost=193.75789, p_value=1.00000, constraint_value=0.00022, constraint_violation=-0.99978
lambda=0.00000, eps=1.00000, pred_cost=191.75064, p_value=1.00000, constraint_value=0.00017, constraint_violation=-0.99983
lambda=0.00000, eps=1.00000, pred_cost=190.87791, p_value=1.00000, constraint_value=0.00020, constraint_violation=-0.99980
lambda=0.00000, eps=1.00000, pred_cost=190.40332, p_value=1.00000, constraint_value=0.00018, constraint_violation=-0.99982
lambda=0.00000, eps=1.00000, pred_cost=189.30145, p_value=1.00000, constraint_value=0.00018, constraint_violation=-0.99982
lambda=0.00000, eps=1.00000, pred_cost=188.01701, p_value=1.00000, constraint_value=0.00016, constraint_violation=-0.99984
lambda=0.00000, eps=1.00000, pred_cost=190.19438, p_value=1.00000, constraint_value=0.00016, constraint_violation=-0.99984
lambda=0.00000, eps=1.00000, pred_cost=189.22691, p_value=1.00000, constraint_value=0.00016, constraint_violation=-0.99984
evaluate_num:44 	 evaluate_reward:5029.004977384787 	 evaluate_cost:224.58194674551487 	 evaluate_max_cost:2.7200002670288086
lambda=0.00000, eps=1.00000, pred_cost=190.66606, p_value=1.00000, constraint_value=0.00016, constraint_violation=-0.99984
lambda=0.00000, eps=1.00000, pred_cost=192.70140, p_value=1.00000, constraint_value=0.00019, constraint_violation=-0.99981
lambda=0.00000, eps=1.00000, pred_cost=193.40298, p_value=1.00000, constraint_value=0.00016, constraint_violation=-0.99984
lambda=0.00000, eps=1.00000, pred_cost=194.10295, p_value=1.00000, constraint_value=0.00019, constraint_violation=-0.99981
lambda=0.00000, eps=1.00000, pred_cost=196.43094, p_value=1.00000, constraint_value=0.00023, constraint_violation=-0.99977
lambda=0.00000, eps=1.00000, pred_cost=195.97667, p_value=1.00000, constraint_value=0.00017, constraint_violation=-0.99983
lambda=0.00000, eps=1.00000, pred_cost=196.00012, p_value=1.00000, constraint_value=0.00017, constraint_violation=-0.99983
lambda=0.00000, eps=1.00000, pred_cost=196.55612, p_value=1.00000, constraint_value=0.00021, constraint_violation=-0.99979
lambda=0.00000, eps=1.00000, pred_cost=195.43549, p_value=1.00000, constraint_value=0.00017, constraint_violation=-0.99983
lambda=0.00000, eps=1.00000, pred_cost=195.16652, p_value=1.00000, constraint_value=0.00018, constraint_violation=-0.99982
lambda=0.00000, eps=1.00000, pred_cost=194.27896, p_value=1.00000, constraint_value=0.00019, constraint_violation=-0.99981
lambda=0.00000, eps=1.00000, pred_cost=193.75401, p_value=1.00000, constraint_value=0.00017, constraint_violation=-0.99983
lambda=0.00000, eps=1.00000, pred_cost=191.48344, p_value=1.00000, constraint_value=0.00017, constraint_violation=-0.99983
lambda=0.00000, eps=1.00000, pred_cost=191.47865, p_value=1.00000, constraint_value=0.00022, constraint_violation=-0.99978
lambda=0.00000, eps=1.00000, pred_cost=189.94649, p_value=1.00000, constraint_value=0.00019, constraint_violation=-0.99981
lambda=0.00000, eps=1.00000, pred_cost=190.18005, p_value=1.00000, constraint_value=0.00016, constraint_violation=-0.99984
lambda=0.00000, eps=1.00000, pred_cost=189.36942, p_value=1.00000, constraint_value=0.00019, constraint_violation=-0.99981
lambda=0.00000, eps=1.00000, pred_cost=187.85886, p_value=1.00000, constraint_value=0.00020, constraint_violation=-0.99980
lambda=0.00000, eps=1.00000, pred_cost=187.03690, p_value=1.00000, constraint_value=0.00018, constraint_violation=-0.99982
lambda=0.00000, eps=1.00000, pred_cost=187.19562, p_value=1.00000, constraint_value=0.00018, constraint_violation=-0.99982
lambda=0.00000, eps=1.00000, pred_cost=187.53084, p_value=1.00000, constraint_value=0.00016, constraint_violation=-0.99984
lambda=0.00000, eps=1.00000, pred_cost=188.16220, p_value=1.00000, constraint_value=0.00020, constraint_violation=-0.99980
lambda=0.00000, eps=1.00000, pred_cost=188.17551, p_value=1.00000, constraint_value=0.00017, constraint_violation=-0.99983
lambda=0.00000, eps=1.00000, pred_cost=190.03201, p_value=1.00000, constraint_value=0.00015, constraint_violation=-0.99985
lambda=0.00000, eps=1.00000, pred_cost=191.25174, p_value=1.00000, constraint_value=0.00019, constraint_violation=-0.99981
lambda=0.00000, eps=1.00000, pred_cost=192.05109, p_value=1.00000, constraint_value=0.00022, constraint_violation=-0.99978
lambda=0.00000, eps=1.00000, pred_cost=192.16145, p_value=1.00000, constraint_value=0.00017, constraint_violation=-0.99983
lambda=0.00000, eps=1.00000, pred_cost=191.17838, p_value=1.00000, constraint_value=0.00017, constraint_violation=-0.99983
lambda=0.00000, eps=1.00000, pred_cost=191.14006, p_value=1.00000, constraint_value=0.00020, constraint_violation=-0.99980
lambda=0.00000, eps=1.00000, pred_cost=190.35611, p_value=1.00000, constraint_value=0.00017, constraint_violation=-0.99983
lambda=0.00000, eps=1.00000, pred_cost=190.10959, p_value=1.00000, constraint_value=0.00017, constraint_violation=-0.99983
lambda=0.00000, eps=1.00000, pred_cost=189.37968, p_value=1.00000, constraint_value=0.00016, constraint_violation=-0.99984
lambda=0.00000, eps=1.00000, pred_cost=189.58174, p_value=1.00000, constraint_value=0.00018, constraint_violation=-0.99982
lambda=0.00000, eps=1.00000, pred_cost=187.22144, p_value=1.00000, constraint_value=0.00017, constraint_violation=-0.99983
lambda=0.00000, eps=1.00000, pred_cost=185.83525, p_value=1.00000, constraint_value=0.00019, constraint_violation=-0.99981
lambda=0.00000, eps=1.00000, pred_cost=184.05379, p_value=1.00000, constraint_value=0.00016, constraint_violation=-0.99984
lambda=0.00000, eps=1.00000, pred_cost=184.01027, p_value=1.00000, constraint_value=0.00017, constraint_violation=-0.99983
lambda=0.00000, eps=1.00000, pred_cost=183.05688, p_value=1.00000, constraint_value=0.00016, constraint_violation=-0.99984
lambda=0.00000, eps=1.00000, pred_cost=182.74684, p_value=1.00000, constraint_value=0.00019, constraint_violation=-0.99981
lambda=0.00000, eps=1.00000, pred_cost=182.73570, p_value=1.00000, constraint_value=0.00018, constraint_violation=-0.99982
lambda=0.00000, eps=1.00000, pred_cost=183.54488, p_value=1.00000, constraint_value=0.00015, constraint_violation=-0.99985
lambda=0.00000, eps=1.00000, pred_cost=183.83887, p_value=1.00000, constraint_value=0.00015, constraint_violation=-0.99985
lambda=0.00000, eps=1.00000, pred_cost=185.19037, p_value=1.00000, constraint_value=0.00016, constraint_violation=-0.99984
lambda=0.00000, eps=1.00000, pred_cost=185.24417, p_value=1.00000, constraint_value=0.00016, constraint_violation=-0.99984
lambda=0.00000, eps=1.00000, pred_cost=185.71069, p_value=1.00000, constraint_value=0.00016, constraint_violation=-0.99984
lambda=0.00000, eps=1.00000, pred_cost=187.33945, p_value=1.00000, constraint_value=0.00022, constraint_violation=-0.99978
lambda=0.00000, eps=1.00000, pred_cost=186.10593, p_value=1.00000, constraint_value=0.00017, constraint_violation=-0.99983
lambda=0.00000, eps=1.00000, pred_cost=186.99437, p_value=1.00000, constraint_value=0.00017, constraint_violation=-0.99983
evaluate_num:45 	 evaluate_reward:5027.564691715193 	 evaluate_cost:230.89004409313202 	 evaluate_max_cost:2.7200002670288086
lambda=0.00000, eps=1.00000, pred_cost=185.98402, p_value=1.00000, constraint_value=0.00016, constraint_violation=-0.99984
lambda=0.00000, eps=1.00000, pred_cost=187.20755, p_value=1.00000, constraint_value=0.00017, constraint_violation=-0.99983
lambda=0.00000, eps=1.00000, pred_cost=186.69600, p_value=1.00000, constraint_value=0.00016, constraint_violation=-0.99984
lambda=0.00000, eps=1.00000, pred_cost=185.36575, p_value=1.00000, constraint_value=0.00019, constraint_violation=-0.99981
lambda=0.00000, eps=1.00000, pred_cost=185.57120, p_value=1.00000, constraint_value=0.00016, constraint_violation=-0.99984
lambda=0.00000, eps=1.00000, pred_cost=184.61432, p_value=1.00000, constraint_value=0.00015, constraint_violation=-0.99985
lambda=0.00000, eps=1.00000, pred_cost=184.00420, p_value=1.00000, constraint_value=0.00016, constraint_violation=-0.99984
lambda=0.00000, eps=1.00000, pred_cost=182.98929, p_value=1.00000, constraint_value=0.00014, constraint_violation=-0.99986
lambda=0.00000, eps=1.00000, pred_cost=183.59007, p_value=1.00000, constraint_value=0.00016, constraint_violation=-0.99984
lambda=0.00000, eps=1.00000, pred_cost=183.40572, p_value=1.00000, constraint_value=0.00015, constraint_violation=-0.99985
lambda=0.00000, eps=1.00000, pred_cost=184.65610, p_value=1.00000, constraint_value=0.00014, constraint_violation=-0.99986
lambda=0.00000, eps=1.00000, pred_cost=185.11938, p_value=1.00000, constraint_value=0.00016, constraint_violation=-0.99984
lambda=0.00000, eps=1.00000, pred_cost=186.58261, p_value=1.00000, constraint_value=0.00015, constraint_violation=-0.99985
lambda=0.00000, eps=1.00000, pred_cost=187.04018, p_value=1.00000, constraint_value=0.00016, constraint_violation=-0.99984
lambda=0.00000, eps=1.00000, pred_cost=188.03125, p_value=1.00000, constraint_value=0.00015, constraint_violation=-0.99985
lambda=0.00000, eps=1.00000, pred_cost=187.79539, p_value=1.00000, constraint_value=0.00016, constraint_violation=-0.99984
lambda=0.00000, eps=1.00000, pred_cost=188.73901, p_value=1.00000, constraint_value=0.00015, constraint_violation=-0.99985
lambda=0.00000, eps=1.00000, pred_cost=188.94914, p_value=1.00000, constraint_value=0.00015, constraint_violation=-0.99985
lambda=0.00000, eps=1.00000, pred_cost=189.97160, p_value=1.00000, constraint_value=0.00019, constraint_violation=-0.99981
lambda=0.00000, eps=1.00000, pred_cost=189.26079, p_value=1.00000, constraint_value=0.00018, constraint_violation=-0.99982
lambda=0.00000, eps=1.00000, pred_cost=189.70842, p_value=1.00000, constraint_value=0.00016, constraint_violation=-0.99984
lambda=0.00000, eps=1.00000, pred_cost=190.98802, p_value=1.00000, constraint_value=0.00017, constraint_violation=-0.99983
lambda=0.00000, eps=1.00000, pred_cost=191.20145, p_value=1.00000, constraint_value=0.00016, constraint_violation=-0.99984
lambda=0.00000, eps=1.00000, pred_cost=191.26956, p_value=1.00000, constraint_value=0.00015, constraint_violation=-0.99985
lambda=0.00000, eps=1.00000, pred_cost=192.09723, p_value=1.00000, constraint_value=0.00014, constraint_violation=-0.99986
lambda=0.00000, eps=1.00000, pred_cost=190.60988, p_value=1.00000, constraint_value=0.00015, constraint_violation=-0.99985
lambda=0.00000, eps=1.00000, pred_cost=191.21039, p_value=1.00000, constraint_value=0.00013, constraint_violation=-0.99987
lambda=0.00000, eps=1.00000, pred_cost=189.64522, p_value=1.00000, constraint_value=0.00015, constraint_violation=-0.99985
lambda=0.00000, eps=1.00000, pred_cost=189.54945, p_value=1.00000, constraint_value=0.00015, constraint_violation=-0.99985
lambda=0.00000, eps=1.00000, pred_cost=189.04851, p_value=1.00000, constraint_value=0.00016, constraint_violation=-0.99984
lambda=0.00000, eps=1.00000, pred_cost=187.92282, p_value=1.00000, constraint_value=0.00013, constraint_violation=-0.99987
lambda=0.00000, eps=1.00000, pred_cost=188.79128, p_value=1.00000, constraint_value=0.00015, constraint_violation=-0.99985
lambda=0.00000, eps=1.00000, pred_cost=189.17467, p_value=1.00000, constraint_value=0.00019, constraint_violation=-0.99981
lambda=0.00000, eps=1.00000, pred_cost=189.75377, p_value=1.00000, constraint_value=0.00014, constraint_violation=-0.99986
lambda=0.00000, eps=1.00000, pred_cost=189.64015, p_value=1.00000, constraint_value=0.00013, constraint_violation=-0.99987
lambda=0.00000, eps=1.00000, pred_cost=189.00061, p_value=1.00000, constraint_value=0.00015, constraint_violation=-0.99985
lambda=0.00000, eps=1.00000, pred_cost=190.19910, p_value=1.00000, constraint_value=0.00014, constraint_violation=-0.99986
lambda=0.00000, eps=1.00000, pred_cost=189.99338, p_value=1.00000, constraint_value=0.00015, constraint_violation=-0.99985
lambda=0.00000, eps=1.00000, pred_cost=190.24335, p_value=1.00000, constraint_value=0.00015, constraint_violation=-0.99985
lambda=0.00000, eps=1.00000, pred_cost=190.95815, p_value=1.00000, constraint_value=0.00022, constraint_violation=-0.99978
lambda=0.00000, eps=1.00000, pred_cost=189.96597, p_value=1.00000, constraint_value=0.00016, constraint_violation=-0.99984
lambda=0.00000, eps=1.00000, pred_cost=190.41516, p_value=1.00000, constraint_value=0.00019, constraint_violation=-0.99981
lambda=0.00000, eps=1.00000, pred_cost=189.20262, p_value=1.00000, constraint_value=0.00014, constraint_violation=-0.99986
lambda=0.00000, eps=1.00000, pred_cost=189.51360, p_value=1.00000, constraint_value=0.00014, constraint_violation=-0.99986
lambda=0.00000, eps=1.00000, pred_cost=188.90555, p_value=1.00000, constraint_value=0.00017, constraint_violation=-0.99983
lambda=0.00000, eps=1.00000, pred_cost=187.71844, p_value=1.00000, constraint_value=0.00015, constraint_violation=-0.99985
lambda=0.00000, eps=1.00000, pred_cost=187.90266, p_value=1.00000, constraint_value=0.00016, constraint_violation=-0.99984
lambda=0.00000, eps=1.00000, pred_cost=187.55049, p_value=1.00000, constraint_value=0.00015, constraint_violation=-0.99985
lambda=0.00000, eps=1.00000, pred_cost=187.54468, p_value=1.00000, constraint_value=0.00016, constraint_violation=-0.99984
evaluate_num:46 	 evaluate_reward:5025.117486883191 	 evaluate_cost:245.76889076828957 	 evaluate_max_cost:2.7200002670288086
lambda=0.00000, eps=1.00000, pred_cost=186.60135, p_value=1.00000, constraint_value=0.00014, constraint_violation=-0.99986
lambda=0.00000, eps=1.00000, pred_cost=186.66252, p_value=1.00000, constraint_value=0.00016, constraint_violation=-0.99984
lambda=0.00000, eps=1.00000, pred_cost=186.53381, p_value=1.00000, constraint_value=0.00017, constraint_violation=-0.99983
lambda=0.00000, eps=1.00000, pred_cost=186.86363, p_value=1.00000, constraint_value=0.00015, constraint_violation=-0.99985
lambda=0.00000, eps=1.00000, pred_cost=186.48065, p_value=1.00000, constraint_value=0.00015, constraint_violation=-0.99985
lambda=0.00000, eps=1.00000, pred_cost=187.22427, p_value=1.00000, constraint_value=0.00018, constraint_violation=-0.99982
lambda=0.00000, eps=1.00000, pred_cost=186.68230, p_value=1.00000, constraint_value=0.00014, constraint_violation=-0.99986
lambda=0.00000, eps=1.00000, pred_cost=187.04520, p_value=1.00000, constraint_value=0.00016, constraint_violation=-0.99984
lambda=0.00000, eps=1.00000, pred_cost=187.23676, p_value=1.00000, constraint_value=0.00014, constraint_violation=-0.99986
lambda=0.00000, eps=1.00000, pred_cost=186.88995, p_value=1.00000, constraint_value=0.00014, constraint_violation=-0.99986
lambda=0.00000, eps=1.00000, pred_cost=186.62476, p_value=1.00000, constraint_value=0.00015, constraint_violation=-0.99985
lambda=0.00000, eps=1.00000, pred_cost=188.24725, p_value=1.00000, constraint_value=0.00021, constraint_violation=-0.99979
lambda=0.00000, eps=1.00000, pred_cost=187.69255, p_value=1.00000, constraint_value=0.00015, constraint_violation=-0.99985
lambda=0.00000, eps=1.00000, pred_cost=187.94693, p_value=1.00000, constraint_value=0.00017, constraint_violation=-0.99983
lambda=0.00000, eps=1.00000, pred_cost=187.93472, p_value=1.00000, constraint_value=0.00014, constraint_violation=-0.99986
lambda=0.00000, eps=1.00000, pred_cost=186.62291, p_value=1.00000, constraint_value=0.00016, constraint_violation=-0.99984
lambda=0.00000, eps=1.00000, pred_cost=184.51854, p_value=1.00000, constraint_value=0.00015, constraint_violation=-0.99985
lambda=0.00000, eps=1.00000, pred_cost=184.46805, p_value=1.00000, constraint_value=0.00014, constraint_violation=-0.99986
lambda=0.00000, eps=1.00000, pred_cost=183.82355, p_value=1.00000, constraint_value=0.00016, constraint_violation=-0.99984
lambda=0.00000, eps=1.00000, pred_cost=182.67978, p_value=1.00000, constraint_value=0.00015, constraint_violation=-0.99985
lambda=0.00000, eps=1.00000, pred_cost=181.65424, p_value=1.00000, constraint_value=0.00016, constraint_violation=-0.99984
lambda=0.00000, eps=1.00000, pred_cost=180.83301, p_value=1.00000, constraint_value=0.00015, constraint_violation=-0.99985
lambda=0.00000, eps=1.00000, pred_cost=180.12059, p_value=1.00000, constraint_value=0.00016, constraint_violation=-0.99984
lambda=0.00000, eps=1.00000, pred_cost=178.33264, p_value=1.00000, constraint_value=0.00013, constraint_violation=-0.99987
lambda=0.00000, eps=1.00000, pred_cost=178.59341, p_value=1.00000, constraint_value=0.00016, constraint_violation=-0.99984
lambda=0.00000, eps=1.00000, pred_cost=177.94997, p_value=1.00000, constraint_value=0.00016, constraint_violation=-0.99984
lambda=0.00000, eps=1.00000, pred_cost=177.28271, p_value=1.00000, constraint_value=0.00017, constraint_violation=-0.99983
lambda=0.00000, eps=1.00000, pred_cost=177.24152, p_value=1.00000, constraint_value=0.00015, constraint_violation=-0.99985
lambda=0.00000, eps=1.00000, pred_cost=176.95016, p_value=1.00000, constraint_value=0.00015, constraint_violation=-0.99985
lambda=0.00000, eps=1.00000, pred_cost=176.89386, p_value=1.00000, constraint_value=0.00014, constraint_violation=-0.99986
lambda=0.00000, eps=1.00000, pred_cost=178.01353, p_value=1.00000, constraint_value=0.00015, constraint_violation=-0.99985
lambda=0.00000, eps=1.00000, pred_cost=178.67412, p_value=1.00000, constraint_value=0.00015, constraint_violation=-0.99985
lambda=0.00000, eps=1.00000, pred_cost=179.73094, p_value=1.00000, constraint_value=0.00019, constraint_violation=-0.99981
lambda=0.00000, eps=1.00000, pred_cost=180.49448, p_value=1.00000, constraint_value=0.00016, constraint_violation=-0.99984
lambda=0.00000, eps=1.00000, pred_cost=182.64804, p_value=1.00000, constraint_value=0.00014, constraint_violation=-0.99986
lambda=0.00000, eps=1.00000, pred_cost=183.90193, p_value=1.00000, constraint_value=0.00013, constraint_violation=-0.99987
lambda=0.00000, eps=1.00000, pred_cost=185.97536, p_value=1.00000, constraint_value=0.00016, constraint_violation=-0.99984
lambda=0.00000, eps=1.00000, pred_cost=188.80933, p_value=1.00000, constraint_value=0.00015, constraint_violation=-0.99985
lambda=0.00000, eps=1.00000, pred_cost=190.29227, p_value=1.00000, constraint_value=0.00015, constraint_violation=-0.99985
lambda=0.00000, eps=1.00000, pred_cost=190.80833, p_value=1.00000, constraint_value=0.00014, constraint_violation=-0.99986
lambda=0.00000, eps=1.00000, pred_cost=189.90733, p_value=1.00000, constraint_value=0.00014, constraint_violation=-0.99986
lambda=0.00000, eps=1.00000, pred_cost=188.92183, p_value=1.00000, constraint_value=0.00014, constraint_violation=-0.99986
lambda=0.00000, eps=1.00000, pred_cost=188.75076, p_value=1.00000, constraint_value=0.00014, constraint_violation=-0.99986
lambda=0.00000, eps=1.00000, pred_cost=187.15100, p_value=1.00000, constraint_value=0.00015, constraint_violation=-0.99985
lambda=0.00000, eps=1.00000, pred_cost=186.24179, p_value=1.00000, constraint_value=0.00014, constraint_violation=-0.99986
lambda=0.00000, eps=1.00000, pred_cost=186.33839, p_value=1.00000, constraint_value=0.00014, constraint_violation=-0.99986
lambda=0.00000, eps=1.00000, pred_cost=185.11272, p_value=1.00000, constraint_value=0.00014, constraint_violation=-0.99986
lambda=0.00000, eps=1.00000, pred_cost=184.14595, p_value=1.00000, constraint_value=0.00013, constraint_violation=-0.99987
lambda=0.00000, eps=1.00000, pred_cost=182.37218, p_value=1.00000, constraint_value=0.00013, constraint_violation=-0.99987
evaluate_num:47 	 evaluate_reward:5011.149191011446 	 evaluate_cost:306.018825083971 	 evaluate_max_cost:2.7200002670288086
lambda=0.00000, eps=1.00000, pred_cost=182.78419, p_value=1.00000, constraint_value=0.00014, constraint_violation=-0.99986
lambda=0.00000, eps=1.00000, pred_cost=182.61668, p_value=1.00000, constraint_value=0.00014, constraint_violation=-0.99986
lambda=0.00000, eps=1.00000, pred_cost=183.37866, p_value=1.00000, constraint_value=0.00014, constraint_violation=-0.99986
lambda=0.00000, eps=1.00000, pred_cost=184.45035, p_value=1.00000, constraint_value=0.00015, constraint_violation=-0.99985
lambda=0.00000, eps=1.00000, pred_cost=184.47740, p_value=1.00000, constraint_value=0.00018, constraint_violation=-0.99982
lambda=0.00000, eps=1.00000, pred_cost=183.95523, p_value=1.00000, constraint_value=0.00013, constraint_violation=-0.99987
lambda=0.00000, eps=1.00000, pred_cost=182.96085, p_value=1.00000, constraint_value=0.00014, constraint_violation=-0.99986
lambda=0.00000, eps=1.00000, pred_cost=182.48689, p_value=1.00000, constraint_value=0.00016, constraint_violation=-0.99984
lambda=0.00000, eps=1.00000, pred_cost=180.94093, p_value=1.00000, constraint_value=0.00016, constraint_violation=-0.99984
lambda=0.00000, eps=1.00000, pred_cost=178.80800, p_value=1.00000, constraint_value=0.00014, constraint_violation=-0.99986
lambda=0.00000, eps=1.00000, pred_cost=178.32672, p_value=1.00000, constraint_value=0.00015, constraint_violation=-0.99985
lambda=0.00000, eps=1.00000, pred_cost=178.06773, p_value=1.00000, constraint_value=0.00015, constraint_violation=-0.99985
lambda=0.00000, eps=1.00000, pred_cost=175.51866, p_value=1.00000, constraint_value=0.00015, constraint_violation=-0.99985
lambda=0.00000, eps=1.00000, pred_cost=175.13010, p_value=1.00000, constraint_value=0.00013, constraint_violation=-0.99987
lambda=0.00000, eps=1.00000, pred_cost=174.62662, p_value=1.00000, constraint_value=0.00012, constraint_violation=-0.99988
lambda=0.00000, eps=1.00000, pred_cost=174.50026, p_value=1.00000, constraint_value=0.00013, constraint_violation=-0.99987
lambda=0.00000, eps=1.00000, pred_cost=175.47490, p_value=1.00000, constraint_value=0.00014, constraint_violation=-0.99986
lambda=0.00000, eps=1.00000, pred_cost=176.14052, p_value=1.00000, constraint_value=0.00012, constraint_violation=-0.99988
lambda=0.00000, eps=1.00000, pred_cost=176.84006, p_value=1.00000, constraint_value=0.00012, constraint_violation=-0.99988
lambda=0.00000, eps=1.00000, pred_cost=177.62230, p_value=1.00000, constraint_value=0.00012, constraint_violation=-0.99988
lambda=0.00000, eps=1.00000, pred_cost=178.99338, p_value=1.00000, constraint_value=0.00012, constraint_violation=-0.99988
lambda=0.00000, eps=1.00000, pred_cost=179.50809, p_value=1.00000, constraint_value=0.00012, constraint_violation=-0.99988
lambda=0.00000, eps=1.00000, pred_cost=180.13040, p_value=1.00000, constraint_value=0.00014, constraint_violation=-0.99986
lambda=0.00000, eps=1.00000, pred_cost=182.84882, p_value=1.00000, constraint_value=0.00014, constraint_violation=-0.99986
lambda=0.00000, eps=1.00000, pred_cost=182.43277, p_value=1.00000, constraint_value=0.00017, constraint_violation=-0.99983
lambda=0.00000, eps=1.00000, pred_cost=183.08800, p_value=1.00000, constraint_value=0.00013, constraint_violation=-0.99987
lambda=0.00000, eps=1.00000, pred_cost=183.65324, p_value=1.00000, constraint_value=0.00013, constraint_violation=-0.99987
lambda=0.00000, eps=1.00000, pred_cost=183.93121, p_value=1.00000, constraint_value=0.00013, constraint_violation=-0.99987
lambda=0.00000, eps=1.00000, pred_cost=184.83986, p_value=1.00000, constraint_value=0.00016, constraint_violation=-0.99984
lambda=0.00000, eps=1.00000, pred_cost=184.26778, p_value=1.00000, constraint_value=0.00014, constraint_violation=-0.99986
lambda=0.00000, eps=1.00000, pred_cost=185.99039, p_value=1.00000, constraint_value=0.00014, constraint_violation=-0.99986
lambda=0.00000, eps=1.00000, pred_cost=186.80783, p_value=1.00000, constraint_value=0.00013, constraint_violation=-0.99987
lambda=0.00000, eps=1.00000, pred_cost=187.24352, p_value=1.00000, constraint_value=0.00014, constraint_violation=-0.99986
lambda=0.00000, eps=1.00000, pred_cost=187.77286, p_value=1.00000, constraint_value=0.00012, constraint_violation=-0.99988
lambda=0.00000, eps=1.00000, pred_cost=188.79111, p_value=1.00000, constraint_value=0.00012, constraint_violation=-0.99988
lambda=0.00000, eps=1.00000, pred_cost=187.19226, p_value=1.00000, constraint_value=0.00014, constraint_violation=-0.99986
lambda=0.00000, eps=1.00000, pred_cost=187.76646, p_value=1.00000, constraint_value=0.00012, constraint_violation=-0.99988
lambda=0.00000, eps=1.00000, pred_cost=186.80049, p_value=1.00000, constraint_value=0.00012, constraint_violation=-0.99988
lambda=0.00000, eps=1.00000, pred_cost=185.42163, p_value=1.00000, constraint_value=0.00014, constraint_violation=-0.99986
lambda=0.00000, eps=1.00000, pred_cost=183.50182, p_value=1.00000, constraint_value=0.00013, constraint_violation=-0.99987
lambda=0.00000, eps=1.00000, pred_cost=183.54446, p_value=1.00000, constraint_value=0.00013, constraint_violation=-0.99988
lambda=0.00000, eps=1.00000, pred_cost=181.92981, p_value=1.00000, constraint_value=0.00013, constraint_violation=-0.99987
lambda=0.00000, eps=1.00000, pred_cost=181.57086, p_value=1.00000, constraint_value=0.00012, constraint_violation=-0.99988
lambda=0.00000, eps=1.00000, pred_cost=182.90341, p_value=1.00000, constraint_value=0.00012, constraint_violation=-0.99988
lambda=0.00000, eps=1.00000, pred_cost=181.68538, p_value=1.00000, constraint_value=0.00012, constraint_violation=-0.99988
lambda=0.00000, eps=1.00000, pred_cost=181.87949, p_value=1.00000, constraint_value=0.00017, constraint_violation=-0.99983
lambda=0.00000, eps=1.00000, pred_cost=181.06316, p_value=1.00000, constraint_value=0.00012, constraint_violation=-0.99988
lambda=0.00000, eps=1.00000, pred_cost=181.85791, p_value=1.00000, constraint_value=0.00013, constraint_violation=-0.99987
lambda=0.00000, eps=1.00000, pred_cost=183.04317, p_value=1.00000, constraint_value=0.00013, constraint_violation=-0.99987
evaluate_num:48 	 evaluate_reward:5008.811029498571 	 evaluate_cost:349.5064137876034 	 evaluate_max_cost:2.7200002670288086
lambda=0.00000, eps=1.00000, pred_cost=184.43130, p_value=1.00000, constraint_value=0.00012, constraint_violation=-0.99988
lambda=0.00000, eps=1.00000, pred_cost=185.57475, p_value=1.00000, constraint_value=0.00012, constraint_violation=-0.99988
lambda=0.00000, eps=1.00000, pred_cost=186.36333, p_value=1.00000, constraint_value=0.00012, constraint_violation=-0.99988
lambda=0.00000, eps=1.00000, pred_cost=188.06401, p_value=1.00000, constraint_value=0.00013, constraint_violation=-0.99987
lambda=0.00000, eps=1.00000, pred_cost=188.24144, p_value=1.00000, constraint_value=0.00012, constraint_violation=-0.99988
lambda=0.00000, eps=1.00000, pred_cost=190.01222, p_value=1.00000, constraint_value=0.00013, constraint_violation=-0.99987
lambda=0.00000, eps=1.00000, pred_cost=190.81729, p_value=1.00000, constraint_value=0.00017, constraint_violation=-0.99983
lambda=0.00000, eps=1.00000, pred_cost=191.41428, p_value=1.00000, constraint_value=0.00014, constraint_violation=-0.99986
lambda=0.00000, eps=1.00000, pred_cost=192.22536, p_value=1.00000, constraint_value=0.00013, constraint_violation=-0.99987
lambda=0.00000, eps=1.00000, pred_cost=191.78589, p_value=1.00000, constraint_value=0.00015, constraint_violation=-0.99985
lambda=0.00000, eps=1.00000, pred_cost=191.77972, p_value=1.00000, constraint_value=0.00014, constraint_violation=-0.99986
lambda=0.00000, eps=1.00000, pred_cost=190.34825, p_value=1.00000, constraint_value=0.00015, constraint_violation=-0.99985
lambda=0.00000, eps=1.00000, pred_cost=189.58592, p_value=1.00000, constraint_value=0.00013, constraint_violation=-0.99987
lambda=0.00000, eps=1.00000, pred_cost=186.99980, p_value=1.00000, constraint_value=0.00014, constraint_violation=-0.99986
lambda=0.00000, eps=1.00000, pred_cost=185.26950, p_value=1.00000, constraint_value=0.00013, constraint_violation=-0.99987
lambda=0.00000, eps=1.00000, pred_cost=182.89265, p_value=1.00000, constraint_value=0.00014, constraint_violation=-0.99986
lambda=0.00000, eps=1.00000, pred_cost=182.03278, p_value=1.00000, constraint_value=0.00012, constraint_violation=-0.99988
lambda=0.00000, eps=1.00000, pred_cost=181.71187, p_value=1.00000, constraint_value=0.00016, constraint_violation=-0.99984
lambda=0.00000, eps=1.00000, pred_cost=178.94830, p_value=1.00000, constraint_value=0.00013, constraint_violation=-0.99987
lambda=0.00000, eps=1.00000, pred_cost=179.06026, p_value=1.00000, constraint_value=0.00013, constraint_violation=-0.99987
lambda=0.00000, eps=1.00000, pred_cost=179.71814, p_value=1.00000, constraint_value=0.00012, constraint_violation=-0.99988
lambda=0.00000, eps=1.00000, pred_cost=181.47302, p_value=1.00000, constraint_value=0.00013, constraint_violation=-0.99987
lambda=0.00000, eps=1.00000, pred_cost=181.06299, p_value=1.00000, constraint_value=0.00012, constraint_violation=-0.99988
lambda=0.00000, eps=1.00000, pred_cost=179.90340, p_value=1.00000, constraint_value=0.00012, constraint_violation=-0.99988
lambda=0.00000, eps=1.00000, pred_cost=178.25729, p_value=1.00000, constraint_value=0.00012, constraint_violation=-0.99988
lambda=0.00000, eps=1.00000, pred_cost=178.06155, p_value=1.00000, constraint_value=0.00012, constraint_violation=-0.99988
lambda=0.00000, eps=1.00000, pred_cost=179.39717, p_value=1.00000, constraint_value=0.00012, constraint_violation=-0.99988
lambda=0.00000, eps=1.00000, pred_cost=179.17786, p_value=1.00000, constraint_value=0.00012, constraint_violation=-0.99988
lambda=0.00000, eps=1.00000, pred_cost=178.87184, p_value=1.00000, constraint_value=0.00014, constraint_violation=-0.99986
lambda=0.00000, eps=1.00000, pred_cost=179.93964, p_value=1.00000, constraint_value=0.00012, constraint_violation=-0.99988
lambda=0.00000, eps=1.00000, pred_cost=182.05655, p_value=1.00000, constraint_value=0.00012, constraint_violation=-0.99988
lambda=0.00000, eps=1.00000, pred_cost=183.50226, p_value=1.00000, constraint_value=0.00013, constraint_violation=-0.99987
lambda=0.00000, eps=1.00000, pred_cost=185.38634, p_value=1.00000, constraint_value=0.00015, constraint_violation=-0.99985
lambda=0.00000, eps=1.00000, pred_cost=186.08650, p_value=1.00000, constraint_value=0.00012, constraint_violation=-0.99988
lambda=0.00000, eps=1.00000, pred_cost=187.33006, p_value=1.00000, constraint_value=0.00012, constraint_violation=-0.99988
lambda=0.00000, eps=1.00000, pred_cost=187.94855, p_value=1.00000, constraint_value=0.00014, constraint_violation=-0.99986
lambda=0.00000, eps=1.00000, pred_cost=189.02666, p_value=1.00000, constraint_value=0.00015, constraint_violation=-0.99985
lambda=0.00000, eps=1.00000, pred_cost=188.10016, p_value=1.00000, constraint_value=0.00015, constraint_violation=-0.99985
lambda=0.00000, eps=1.00000, pred_cost=189.65169, p_value=1.00000, constraint_value=0.00017, constraint_violation=-0.99983
lambda=0.00000, eps=1.00000, pred_cost=187.57516, p_value=1.00000, constraint_value=0.00015, constraint_violation=-0.99985
lambda=0.00000, eps=1.00000, pred_cost=188.37508, p_value=1.00000, constraint_value=0.00011, constraint_violation=-0.99989
lambda=0.00000, eps=1.00000, pred_cost=189.09108, p_value=1.00000, constraint_value=0.00012, constraint_violation=-0.99988
lambda=0.00000, eps=1.00000, pred_cost=189.24602, p_value=1.00000, constraint_value=0.00012, constraint_violation=-0.99988
lambda=0.00000, eps=1.00000, pred_cost=188.11768, p_value=1.00000, constraint_value=0.00011, constraint_violation=-0.99989
lambda=0.00000, eps=1.00000, pred_cost=186.61578, p_value=1.00000, constraint_value=0.00013, constraint_violation=-0.99987
lambda=0.00000, eps=1.00000, pred_cost=187.66592, p_value=1.00000, constraint_value=0.00013, constraint_violation=-0.99987
lambda=0.00000, eps=1.00000, pred_cost=188.64317, p_value=1.00000, constraint_value=0.00012, constraint_violation=-0.99988
lambda=0.00000, eps=1.00000, pred_cost=188.15143, p_value=1.00000, constraint_value=0.00014, constraint_violation=-0.99986
lambda=0.00000, eps=1.00000, pred_cost=186.48102, p_value=1.00000, constraint_value=0.00013, constraint_violation=-0.99987
evaluate_num:49 	 evaluate_reward:5005.256207284082 	 evaluate_cost:390.6323271095753 	 evaluate_max_cost:2.7200002670288086
lambda=0.00000, eps=1.00000, pred_cost=186.84842, p_value=1.00000, constraint_value=0.00011, constraint_violation=-0.99989
lambda=0.00000, eps=1.00000, pred_cost=184.38416, p_value=1.00000, constraint_value=0.00013, constraint_violation=-0.99987
lambda=0.00000, eps=1.00000, pred_cost=184.18443, p_value=1.00000, constraint_value=0.00012, constraint_violation=-0.99988
lambda=0.00000, eps=1.00000, pred_cost=182.44102, p_value=1.00000, constraint_value=0.00011, constraint_violation=-0.99989
lambda=0.00000, eps=1.00000, pred_cost=183.21381, p_value=1.00000, constraint_value=0.00012, constraint_violation=-0.99988
lambda=0.00000, eps=1.00000, pred_cost=184.33891, p_value=1.00000, constraint_value=0.00013, constraint_violation=-0.99987
lambda=0.00000, eps=1.00000, pred_cost=184.49614, p_value=1.00000, constraint_value=0.00013, constraint_violation=-0.99987
lambda=0.00000, eps=1.00000, pred_cost=186.18594, p_value=1.00000, constraint_value=0.00012, constraint_violation=-0.99988
lambda=0.00000, eps=1.00000, pred_cost=185.90808, p_value=1.00000, constraint_value=0.00012, constraint_violation=-0.99988
lambda=0.00000, eps=1.00000, pred_cost=186.50096, p_value=1.00000, constraint_value=0.00013, constraint_violation=-0.99987
lambda=0.00000, eps=1.00000, pred_cost=187.29320, p_value=1.00000, constraint_value=0.00015, constraint_violation=-0.99985
lambda=0.00000, eps=1.00000, pred_cost=187.31296, p_value=1.00000, constraint_value=0.00012, constraint_violation=-0.99988
lambda=0.00000, eps=1.00000, pred_cost=186.58005, p_value=1.00000, constraint_value=0.00013, constraint_violation=-0.99987
lambda=0.00000, eps=1.00000, pred_cost=186.19113, p_value=1.00000, constraint_value=0.00013, constraint_violation=-0.99987
lambda=0.00000, eps=1.00000, pred_cost=185.67375, p_value=1.00000, constraint_value=0.00012, constraint_violation=-0.99988
lambda=0.00000, eps=1.00000, pred_cost=186.09158, p_value=1.00000, constraint_value=0.00013, constraint_violation=-0.99987
lambda=0.00000, eps=1.00000, pred_cost=186.76437, p_value=1.00000, constraint_value=0.00012, constraint_violation=-0.99988
lambda=0.00000, eps=1.00000, pred_cost=187.25418, p_value=1.00000, constraint_value=0.00011, constraint_violation=-0.99989
lambda=0.00000, eps=1.00000, pred_cost=188.46111, p_value=1.00000, constraint_value=0.00012, constraint_violation=-0.99988
lambda=0.00000, eps=1.00000, pred_cost=189.35461, p_value=1.00000, constraint_value=0.00012, constraint_violation=-0.99988
lambda=0.00000, eps=1.00000, pred_cost=189.84280, p_value=1.00000, constraint_value=0.00011, constraint_violation=-0.99989
lambda=0.00000, eps=1.00000, pred_cost=190.26602, p_value=1.00000, constraint_value=0.00011, constraint_violation=-0.99989
lambda=0.00000, eps=1.00000, pred_cost=190.40343, p_value=1.00000, constraint_value=0.00012, constraint_violation=-0.99988
lambda=0.00000, eps=1.00000, pred_cost=190.43860, p_value=1.00000, constraint_value=0.00013, constraint_violation=-0.99987
lambda=0.00000, eps=1.00000, pred_cost=191.96031, p_value=1.00000, constraint_value=0.00011, constraint_violation=-0.99989
lambda=0.00000, eps=1.00000, pred_cost=191.06915, p_value=1.00000, constraint_value=0.00010, constraint_violation=-0.99990
lambda=0.00000, eps=1.00000, pred_cost=189.87274, p_value=1.00000, constraint_value=0.00012, constraint_violation=-0.99988
lambda=0.00000, eps=1.00000, pred_cost=188.11349, p_value=1.00000, constraint_value=0.00011, constraint_violation=-0.99989
lambda=0.00000, eps=1.00000, pred_cost=188.41710, p_value=1.00000, constraint_value=0.00011, constraint_violation=-0.99989
lambda=0.00000, eps=1.00000, pred_cost=188.41153, p_value=1.00000, constraint_value=0.00011, constraint_violation=-0.99989
lambda=0.00000, eps=1.00000, pred_cost=188.83768, p_value=1.00000, constraint_value=0.00012, constraint_violation=-0.99988
lambda=0.00000, eps=1.00000, pred_cost=191.55939, p_value=1.00000, constraint_value=0.00014, constraint_violation=-0.99986
lambda=0.00000, eps=1.00000, pred_cost=192.77063, p_value=1.00000, constraint_value=0.00012, constraint_violation=-0.99988
lambda=0.00000, eps=1.00000, pred_cost=194.55849, p_value=1.00000, constraint_value=0.00011, constraint_violation=-0.99989
lambda=0.00000, eps=1.00000, pred_cost=194.10126, p_value=1.00000, constraint_value=0.00013, constraint_violation=-0.99987
lambda=0.00000, eps=1.00000, pred_cost=193.99545, p_value=1.00000, constraint_value=0.00012, constraint_violation=-0.99988
lambda=0.00000, eps=1.00000, pred_cost=194.69099, p_value=1.00000, constraint_value=0.00012, constraint_violation=-0.99988
lambda=0.00000, eps=1.00000, pred_cost=193.85291, p_value=1.00000, constraint_value=0.00011, constraint_violation=-0.99989
lambda=0.00000, eps=1.00000, pred_cost=192.61017, p_value=1.00000, constraint_value=0.00012, constraint_violation=-0.99988
lambda=0.00000, eps=1.00000, pred_cost=192.48373, p_value=1.00000, constraint_value=0.00012, constraint_violation=-0.99988
lambda=0.00000, eps=1.00000, pred_cost=192.46603, p_value=1.00000, constraint_value=0.00012, constraint_violation=-0.99988
lambda=0.00000, eps=1.00000, pred_cost=194.40862, p_value=1.00000, constraint_value=0.00011, constraint_violation=-0.99989
lambda=0.00000, eps=1.00000, pred_cost=195.09244, p_value=1.00000, constraint_value=0.00013, constraint_violation=-0.99987
lambda=0.00000, eps=1.00000, pred_cost=195.08391, p_value=1.00000, constraint_value=0.00012, constraint_violation=-0.99988
lambda=0.00000, eps=1.00000, pred_cost=195.54707, p_value=1.00000, constraint_value=0.00012, constraint_violation=-0.99988
lambda=0.00000, eps=1.00000, pred_cost=197.10349, p_value=1.00000, constraint_value=0.00011, constraint_violation=-0.99989
lambda=0.00000, eps=1.00000, pred_cost=197.85960, p_value=1.00000, constraint_value=0.00011, constraint_violation=-0.99989
lambda=0.00000, eps=1.00000, pred_cost=196.98663, p_value=1.00000, constraint_value=0.00013, constraint_violation=-0.99987
lambda=0.00000, eps=1.00000, pred_cost=196.19019, p_value=1.00000, constraint_value=0.00012, constraint_violation=-0.99988
evaluate_num:50 	 evaluate_reward:5012.105596219389 	 evaluate_cost:337.25195521116257 	 evaluate_max_cost:2.7200002670288086
lambda=0.00000, eps=1.00000, pred_cost=196.14987, p_value=1.00000, constraint_value=0.00013, constraint_violation=-0.99987
lambda=0.00000, eps=1.00000, pred_cost=197.22482, p_value=1.00000, constraint_value=0.00011, constraint_violation=-0.99989
lambda=0.00000, eps=1.00000, pred_cost=195.95844, p_value=1.00000, constraint_value=0.00016, constraint_violation=-0.99984
lambda=0.00000, eps=1.00000, pred_cost=194.78519, p_value=1.00000, constraint_value=0.00011, constraint_violation=-0.99989
lambda=0.00000, eps=1.00000, pred_cost=194.64365, p_value=1.00000, constraint_value=0.00011, constraint_violation=-0.99989
lambda=0.00000, eps=1.00000, pred_cost=193.57123, p_value=1.00000, constraint_value=0.00012, constraint_violation=-0.99988
lambda=0.00000, eps=1.00000, pred_cost=192.97815, p_value=1.00000, constraint_value=0.00011, constraint_violation=-0.99989
lambda=0.00000, eps=1.00000, pred_cost=192.36426, p_value=1.00000, constraint_value=0.00012, constraint_violation=-0.99988
lambda=0.00000, eps=1.00000, pred_cost=192.58405, p_value=1.00000, constraint_value=0.00012, constraint_violation=-0.99988
lambda=0.00000, eps=1.00000, pred_cost=192.83278, p_value=1.00000, constraint_value=0.00012, constraint_violation=-0.99988
lambda=0.00000, eps=1.00000, pred_cost=193.79460, p_value=1.00000, constraint_value=0.00010, constraint_violation=-0.99990
lambda=0.00000, eps=1.00000, pred_cost=193.91905, p_value=1.00000, constraint_value=0.00012, constraint_violation=-0.99988
lambda=0.00000, eps=1.00000, pred_cost=196.20982, p_value=1.00000, constraint_value=0.00012, constraint_violation=-0.99989
lambda=0.00000, eps=1.00000, pred_cost=196.48398, p_value=1.00000, constraint_value=0.00010, constraint_violation=-0.99990
lambda=0.00000, eps=1.00000, pred_cost=197.23790, p_value=1.00000, constraint_value=0.00011, constraint_violation=-0.99989
lambda=0.00000, eps=1.00000, pred_cost=198.39265, p_value=1.00000, constraint_value=0.00012, constraint_violation=-0.99988
lambda=0.00000, eps=1.00000, pred_cost=198.56145, p_value=1.00000, constraint_value=0.00011, constraint_violation=-0.99989
lambda=0.00000, eps=1.00000, pred_cost=200.12186, p_value=1.00000, constraint_value=0.00011, constraint_violation=-0.99989
lambda=0.00000, eps=1.00000, pred_cost=199.34926, p_value=1.00000, constraint_value=0.00012, constraint_violation=-0.99988
lambda=0.00000, eps=1.00000, pred_cost=199.28488, p_value=1.00000, constraint_value=0.00013, constraint_violation=-0.99987
lambda=0.00000, eps=1.00000, pred_cost=198.90082, p_value=1.00000, constraint_value=0.00010, constraint_violation=-0.99990
lambda=0.00000, eps=1.00000, pred_cost=196.25069, p_value=1.00000, constraint_value=0.00013, constraint_violation=-0.99987
lambda=0.00000, eps=1.00000, pred_cost=195.66287, p_value=1.00000, constraint_value=0.00014, constraint_violation=-0.99986
lambda=0.00000, eps=1.00000, pred_cost=194.07071, p_value=1.00000, constraint_value=0.00015, constraint_violation=-0.99985
lambda=0.00000, eps=1.00000, pred_cost=192.58432, p_value=1.00000, constraint_value=0.00014, constraint_violation=-0.99986
lambda=0.00000, eps=1.00000, pred_cost=191.81107, p_value=1.00000, constraint_value=0.00012, constraint_violation=-0.99988
lambda=0.00000, eps=1.00000, pred_cost=192.51166, p_value=1.00000, constraint_value=0.00012, constraint_violation=-0.99988
lambda=0.00000, eps=1.00000, pred_cost=191.21422, p_value=1.00000, constraint_value=0.00012, constraint_violation=-0.99988
lambda=0.00000, eps=1.00000, pred_cost=192.09499, p_value=1.00000, constraint_value=0.00012, constraint_violation=-0.99988
lambda=0.00000, eps=1.00000, pred_cost=192.52213, p_value=1.00000, constraint_value=0.00012, constraint_violation=-0.99988
lambda=0.00000, eps=1.00000, pred_cost=193.33284, p_value=1.00000, constraint_value=0.00011, constraint_violation=-0.99989
lambda=0.00000, eps=1.00000, pred_cost=195.07664, p_value=1.00000, constraint_value=0.00011, constraint_violation=-0.99989
lambda=0.00000, eps=1.00000, pred_cost=197.23344, p_value=1.00000, constraint_value=0.00012, constraint_violation=-0.99988
lambda=0.00000, eps=1.00000, pred_cost=199.44029, p_value=1.00000, constraint_value=0.00012, constraint_violation=-0.99988
lambda=0.00000, eps=1.00000, pred_cost=199.37057, p_value=1.00000, constraint_value=0.00012, constraint_violation=-0.99988
lambda=0.00000, eps=1.00000, pred_cost=200.16205, p_value=1.00000, constraint_value=0.00016, constraint_violation=-0.99984
lambda=0.00000, eps=1.00000, pred_cost=200.00041, p_value=1.00000, constraint_value=0.00011, constraint_violation=-0.99989
lambda=0.00000, eps=1.00000, pred_cost=200.71480, p_value=1.00000, constraint_value=0.00013, constraint_violation=-0.99987
lambda=0.00000, eps=1.00000, pred_cost=200.70287, p_value=1.00000, constraint_value=0.00014, constraint_violation=-0.99986
lambda=0.00000, eps=1.00000, pred_cost=200.70403, p_value=1.00000, constraint_value=0.00012, constraint_violation=-0.99988
lambda=0.00000, eps=1.00000, pred_cost=198.50105, p_value=1.00000, constraint_value=0.00013, constraint_violation=-0.99987
lambda=0.00000, eps=1.00000, pred_cost=196.15274, p_value=1.00000, constraint_value=0.00014, constraint_violation=-0.99986
lambda=0.00000, eps=1.00000, pred_cost=193.22780, p_value=1.00000, constraint_value=0.00014, constraint_violation=-0.99986
lambda=0.00000, eps=1.00000, pred_cost=190.35626, p_value=1.00000, constraint_value=0.00011, constraint_violation=-0.99989
lambda=0.00000, eps=1.00000, pred_cost=188.38145, p_value=1.00000, constraint_value=0.00015, constraint_violation=-0.99985
lambda=0.00000, eps=1.00000, pred_cost=188.40909, p_value=1.00000, constraint_value=0.00011, constraint_violation=-0.99989
lambda=0.00000, eps=1.00000, pred_cost=188.26038, p_value=1.00000, constraint_value=0.00011, constraint_violation=-0.99989
lambda=0.00000, eps=1.00000, pred_cost=187.18680, p_value=1.00000, constraint_value=0.00011, constraint_violation=-0.99989
evaluate_num:51 	 evaluate_reward:5020.667036296833 	 evaluate_cost:336.33585476875305 	 evaluate_max_cost:2.7200002670288086
lambda=0.00000, eps=1.00000, pred_cost=189.11116, p_value=1.00000, constraint_value=0.00013, constraint_violation=-0.99987
lambda=0.00000, eps=1.00000, pred_cost=190.11433, p_value=1.00000, constraint_value=0.00011, constraint_violation=-0.99989
lambda=0.00000, eps=1.00000, pred_cost=191.37015, p_value=1.00000, constraint_value=0.00011, constraint_violation=-0.99989
lambda=0.00000, eps=1.00000, pred_cost=193.66843, p_value=1.00000, constraint_value=0.00013, constraint_violation=-0.99987
lambda=0.00000, eps=1.00000, pred_cost=195.59258, p_value=1.00000, constraint_value=0.00013, constraint_violation=-0.99987
lambda=0.00000, eps=1.00000, pred_cost=197.40897, p_value=1.00000, constraint_value=0.00012, constraint_violation=-0.99988
lambda=0.00000, eps=1.00000, pred_cost=199.17091, p_value=1.00000, constraint_value=0.00011, constraint_violation=-0.99989
lambda=0.00000, eps=1.00000, pred_cost=199.77251, p_value=1.00000, constraint_value=0.00011, constraint_violation=-0.99989
lambda=0.00000, eps=1.00000, pred_cost=201.08063, p_value=1.00000, constraint_value=0.00013, constraint_violation=-0.99987
lambda=0.00000, eps=1.00000, pred_cost=202.70116, p_value=1.00000, constraint_value=0.00011, constraint_violation=-0.99989
lambda=0.00000, eps=1.00000, pred_cost=202.40157, p_value=1.00000, constraint_value=0.00012, constraint_violation=-0.99988
lambda=0.00000, eps=1.00000, pred_cost=199.26108, p_value=1.00000, constraint_value=0.00011, constraint_violation=-0.99989
lambda=0.00000, eps=1.00000, pred_cost=196.67400, p_value=1.00000, constraint_value=0.00012, constraint_violation=-0.99988
lambda=0.00000, eps=1.00000, pred_cost=193.00005, p_value=1.00000, constraint_value=0.00011, constraint_violation=-0.99989
lambda=0.00000, eps=1.00000, pred_cost=190.77728, p_value=1.00000, constraint_value=0.00012, constraint_violation=-0.99988
lambda=0.00000, eps=1.00000, pred_cost=188.67535, p_value=1.00000, constraint_value=0.00011, constraint_violation=-0.99989
lambda=0.00000, eps=1.00000, pred_cost=186.12817, p_value=1.00000, constraint_value=0.00010, constraint_violation=-0.99990
lambda=0.00000, eps=1.00000, pred_cost=184.59453, p_value=1.00000, constraint_value=0.00013, constraint_violation=-0.99987
lambda=0.00000, eps=1.00000, pred_cost=184.68179, p_value=1.00000, constraint_value=0.00010, constraint_violation=-0.99990
lambda=0.00000, eps=1.00000, pred_cost=183.47629, p_value=1.00000, constraint_value=0.00010, constraint_violation=-0.99990
lambda=0.00000, eps=1.00000, pred_cost=184.28494, p_value=1.00000, constraint_value=0.00012, constraint_violation=-0.99988
lambda=0.00000, eps=1.00000, pred_cost=185.53104, p_value=1.00000, constraint_value=0.00012, constraint_violation=-0.99988
lambda=0.00000, eps=1.00000, pred_cost=185.73007, p_value=1.00000, constraint_value=0.00010, constraint_violation=-0.99990
lambda=0.00000, eps=1.00000, pred_cost=186.77625, p_value=1.00000, constraint_value=0.00012, constraint_violation=-0.99988
lambda=0.00000, eps=1.00000, pred_cost=188.08456, p_value=1.00000, constraint_value=0.00012, constraint_violation=-0.99988
lambda=0.00000, eps=1.00000, pred_cost=188.38702, p_value=1.00000, constraint_value=0.00012, constraint_violation=-0.99988
lambda=0.00000, eps=1.00000, pred_cost=189.80193, p_value=1.00000, constraint_value=0.00011, constraint_violation=-0.99989
lambda=0.00000, eps=1.00000, pred_cost=191.30998, p_value=1.00000, constraint_value=0.00012, constraint_violation=-0.99988
lambda=0.00000, eps=1.00000, pred_cost=192.35413, p_value=1.00000, constraint_value=0.00012, constraint_violation=-0.99988
lambda=0.00000, eps=1.00000, pred_cost=193.54053, p_value=1.00000, constraint_value=0.00012, constraint_violation=-0.99988
lambda=0.00000, eps=1.00000, pred_cost=193.08710, p_value=1.00000, constraint_value=0.00013, constraint_violation=-0.99987
lambda=0.00000, eps=1.00000, pred_cost=192.78369, p_value=1.00000, constraint_value=0.00014, constraint_violation=-0.99986
lambda=0.00000, eps=1.00000, pred_cost=191.47540, p_value=1.00000, constraint_value=0.00012, constraint_violation=-0.99988
lambda=0.00000, eps=1.00000, pred_cost=190.44798, p_value=1.00000, constraint_value=0.00011, constraint_violation=-0.99989
lambda=0.00000, eps=1.00000, pred_cost=188.80374, p_value=1.00000, constraint_value=0.00012, constraint_violation=-0.99988
lambda=0.00000, eps=1.00000, pred_cost=186.32069, p_value=1.00000, constraint_value=0.00012, constraint_violation=-0.99988
lambda=0.00000, eps=1.00000, pred_cost=184.68828, p_value=1.00000, constraint_value=0.00013, constraint_violation=-0.99987
lambda=0.00000, eps=1.00000, pred_cost=183.97517, p_value=1.00000, constraint_value=0.00012, constraint_violation=-0.99988
lambda=0.00000, eps=1.00000, pred_cost=183.12106, p_value=1.00000, constraint_value=0.00014, constraint_violation=-0.99986
lambda=0.00000, eps=1.00000, pred_cost=182.64679, p_value=1.00000, constraint_value=0.00011, constraint_violation=-0.99989
lambda=0.00000, eps=1.00000, pred_cost=181.74937, p_value=1.00000, constraint_value=0.00010, constraint_violation=-0.99990
lambda=0.00000, eps=1.00000, pred_cost=182.47766, p_value=1.00000, constraint_value=0.00009, constraint_violation=-0.99991
lambda=0.00000, eps=1.00000, pred_cost=182.22659, p_value=1.00000, constraint_value=0.00011, constraint_violation=-0.99989
lambda=0.00000, eps=1.00000, pred_cost=182.69809, p_value=1.00000, constraint_value=0.00011, constraint_violation=-0.99989
lambda=0.00000, eps=1.00000, pred_cost=183.08289, p_value=1.00000, constraint_value=0.00011, constraint_violation=-0.99989
lambda=0.00000, eps=1.00000, pred_cost=184.23778, p_value=1.00000, constraint_value=0.00010, constraint_violation=-0.99990
lambda=0.00000, eps=1.00000, pred_cost=183.97835, p_value=1.00000, constraint_value=0.00011, constraint_violation=-0.99989
lambda=0.00000, eps=1.00000, pred_cost=184.58188, p_value=1.00000, constraint_value=0.00011, constraint_violation=-0.99989
lambda=0.00000, eps=1.00000, pred_cost=185.88577, p_value=1.00000, constraint_value=0.00010, constraint_violation=-0.99990
evaluate_num:52 	 evaluate_reward:5015.739969330746 	 evaluate_cost:332.700183480978 	 evaluate_max_cost:2.7200002670288086
lambda=0.00000, eps=1.00000, pred_cost=188.21835, p_value=1.00000, constraint_value=0.00010, constraint_violation=-0.99990
lambda=0.00000, eps=1.00000, pred_cost=190.19279, p_value=1.00000, constraint_value=0.00010, constraint_violation=-0.99990
lambda=0.00000, eps=1.00000, pred_cost=191.10298, p_value=1.00000, constraint_value=0.00013, constraint_violation=-0.99987
lambda=0.00000, eps=1.00000, pred_cost=192.25162, p_value=1.00000, constraint_value=0.00011, constraint_violation=-0.99989
lambda=0.00000, eps=1.00000, pred_cost=193.38049, p_value=1.00000, constraint_value=0.00011, constraint_violation=-0.99989
lambda=0.00000, eps=1.00000, pred_cost=194.07526, p_value=1.00000, constraint_value=0.00012, constraint_violation=-0.99988
lambda=0.00000, eps=1.00000, pred_cost=193.85681, p_value=1.00000, constraint_value=0.00010, constraint_violation=-0.99990
lambda=0.00000, eps=1.00000, pred_cost=195.59659, p_value=1.00000, constraint_value=0.00012, constraint_violation=-0.99988
lambda=0.00000, eps=1.00000, pred_cost=194.59525, p_value=1.00000, constraint_value=0.00013, constraint_violation=-0.99987
lambda=0.00000, eps=1.00000, pred_cost=192.81824, p_value=1.00000, constraint_value=0.00010, constraint_violation=-0.99990
lambda=0.00000, eps=1.00000, pred_cost=189.31006, p_value=1.00000, constraint_value=0.00013, constraint_violation=-0.99987
lambda=0.00000, eps=1.00000, pred_cost=188.80600, p_value=1.00000, constraint_value=0.00010, constraint_violation=-0.99990
lambda=0.00000, eps=1.00000, pred_cost=186.20856, p_value=1.00000, constraint_value=0.00009, constraint_violation=-0.99991
lambda=0.00000, eps=1.00000, pred_cost=183.36418, p_value=1.00000, constraint_value=0.00010, constraint_violation=-0.99990
lambda=0.00000, eps=1.00000, pred_cost=180.47964, p_value=1.00000, constraint_value=0.00010, constraint_violation=-0.99990
lambda=0.00000, eps=1.00000, pred_cost=179.16052, p_value=1.00000, constraint_value=0.00009, constraint_violation=-0.99991
lambda=0.00000, eps=1.00000, pred_cost=177.55971, p_value=1.00000, constraint_value=0.00010, constraint_violation=-0.99990
lambda=0.00000, eps=1.00000, pred_cost=178.33003, p_value=1.00000, constraint_value=0.00009, constraint_violation=-0.99991
lambda=0.00000, eps=1.00000, pred_cost=178.71698, p_value=1.00000, constraint_value=0.00010, constraint_violation=-0.99990
lambda=0.00000, eps=1.00000, pred_cost=180.51929, p_value=1.00000, constraint_value=0.00009, constraint_violation=-0.99991
lambda=0.00000, eps=1.00000, pred_cost=181.56410, p_value=1.00000, constraint_value=0.00009, constraint_violation=-0.99991
lambda=0.00000, eps=1.00000, pred_cost=182.42154, p_value=1.00000, constraint_value=0.00010, constraint_violation=-0.99990
lambda=0.00000, eps=1.00000, pred_cost=183.51959, p_value=1.00000, constraint_value=0.00010, constraint_violation=-0.99990
lambda=0.00000, eps=1.00000, pred_cost=185.72928, p_value=1.00000, constraint_value=0.00010, constraint_violation=-0.99990
lambda=0.00000, eps=1.00000, pred_cost=186.39761, p_value=1.00000, constraint_value=0.00009, constraint_violation=-0.99991
lambda=0.00000, eps=1.00000, pred_cost=186.97154, p_value=1.00000, constraint_value=0.00010, constraint_violation=-0.99990
lambda=0.00000, eps=1.00000, pred_cost=186.28246, p_value=1.00000, constraint_value=0.00011, constraint_violation=-0.99989
lambda=0.00000, eps=1.00000, pred_cost=187.32883, p_value=1.00000, constraint_value=0.00011, constraint_violation=-0.99989
lambda=0.00000, eps=1.00000, pred_cost=187.33363, p_value=1.00000, constraint_value=0.00010, constraint_violation=-0.99990
lambda=0.00000, eps=1.00000, pred_cost=189.62508, p_value=1.00000, constraint_value=0.00010, constraint_violation=-0.99990
lambda=0.00000, eps=1.00000, pred_cost=190.77946, p_value=1.00000, constraint_value=0.00014, constraint_violation=-0.99986
lambda=0.00000, eps=1.00000, pred_cost=192.06787, p_value=1.00000, constraint_value=0.00010, constraint_violation=-0.99990
lambda=0.00000, eps=1.00000, pred_cost=193.70665, p_value=1.00000, constraint_value=0.00010, constraint_violation=-0.99990
lambda=0.00000, eps=1.00000, pred_cost=192.30124, p_value=1.00000, constraint_value=0.00011, constraint_violation=-0.99989
lambda=0.00000, eps=1.00000, pred_cost=191.31274, p_value=1.00000, constraint_value=0.00010, constraint_violation=-0.99990
lambda=0.00000, eps=1.00000, pred_cost=192.65585, p_value=1.00000, constraint_value=0.00010, constraint_violation=-0.99990
lambda=0.00000, eps=1.00000, pred_cost=190.40414, p_value=1.00000, constraint_value=0.00010, constraint_violation=-0.99990
lambda=0.00000, eps=1.00000, pred_cost=189.95135, p_value=1.00000, constraint_value=0.00010, constraint_violation=-0.99990
lambda=0.00000, eps=1.00000, pred_cost=187.92542, p_value=1.00000, constraint_value=0.00009, constraint_violation=-0.99991
lambda=0.00000, eps=1.00000, pred_cost=186.92767, p_value=1.00000, constraint_value=0.00009, constraint_violation=-0.99991
lambda=0.00000, eps=1.00000, pred_cost=185.20938, p_value=1.00000, constraint_value=0.00009, constraint_violation=-0.99991
lambda=0.00000, eps=1.00000, pred_cost=184.19986, p_value=1.00000, constraint_value=0.00010, constraint_violation=-0.99990
lambda=0.00000, eps=1.00000, pred_cost=184.33195, p_value=1.00000, constraint_value=0.00009, constraint_violation=-0.99991
lambda=0.00000, eps=1.00000, pred_cost=185.02551, p_value=1.00000, constraint_value=0.00009, constraint_violation=-0.99991
lambda=0.00000, eps=1.00000, pred_cost=185.22336, p_value=1.00000, constraint_value=0.00009, constraint_violation=-0.99991
lambda=0.00000, eps=1.00000, pred_cost=186.02127, p_value=1.00000, constraint_value=0.00009, constraint_violation=-0.99991
lambda=0.00000, eps=1.00000, pred_cost=185.82254, p_value=1.00000, constraint_value=0.00010, constraint_violation=-0.99990
lambda=0.00000, eps=1.00000, pred_cost=186.51967, p_value=1.00000, constraint_value=0.00009, constraint_violation=-0.99991
lambda=0.00000, eps=1.00000, pred_cost=187.13910, p_value=1.00000, constraint_value=0.00009, constraint_violation=-0.99991
evaluate_num:53 	 evaluate_reward:4958.462775291871 	 evaluate_cost:373.1177787780762 	 evaluate_max_cost:2.7200002670288086
lambda=0.00000, eps=1.00000, pred_cost=187.05702, p_value=1.00000, constraint_value=0.00009, constraint_violation=-0.99991
lambda=0.00000, eps=1.00000, pred_cost=188.27908, p_value=1.00000, constraint_value=0.00010, constraint_violation=-0.99990
lambda=0.00000, eps=1.00000, pred_cost=187.87332, p_value=1.00000, constraint_value=0.00013, constraint_violation=-0.99987
lambda=0.00000, eps=1.00000, pred_cost=190.40889, p_value=1.00000, constraint_value=0.00010, constraint_violation=-0.99990
lambda=0.00000, eps=1.00000, pred_cost=190.21730, p_value=1.00000, constraint_value=0.00012, constraint_violation=-0.99988
lambda=0.00000, eps=1.00000, pred_cost=190.65765, p_value=1.00000, constraint_value=0.00010, constraint_violation=-0.99990
lambda=0.00000, eps=1.00000, pred_cost=193.75641, p_value=1.00000, constraint_value=0.00011, constraint_violation=-0.99989
lambda=0.00000, eps=1.00000, pred_cost=195.09203, p_value=1.00000, constraint_value=0.00011, constraint_violation=-0.99989
lambda=0.00000, eps=1.00000, pred_cost=195.05038, p_value=1.00000, constraint_value=0.00011, constraint_violation=-0.99989
lambda=0.00000, eps=1.00000, pred_cost=196.76360, p_value=1.00000, constraint_value=0.00011, constraint_violation=-0.99989
lambda=0.00000, eps=1.00000, pred_cost=195.89900, p_value=1.00000, constraint_value=0.00011, constraint_violation=-0.99989
lambda=0.00000, eps=1.00000, pred_cost=194.71240, p_value=1.00000, constraint_value=0.00010, constraint_violation=-0.99990
lambda=0.00000, eps=1.00000, pred_cost=193.21095, p_value=1.00000, constraint_value=0.00010, constraint_violation=-0.99990
lambda=0.00000, eps=1.00000, pred_cost=190.50009, p_value=1.00000, constraint_value=0.00010, constraint_violation=-0.99990
lambda=0.00000, eps=1.00000, pred_cost=189.48596, p_value=1.00000, constraint_value=0.00009, constraint_violation=-0.99991
lambda=0.00000, eps=1.00000, pred_cost=187.94626, p_value=1.00000, constraint_value=0.00011, constraint_violation=-0.99989
lambda=0.00000, eps=1.00000, pred_cost=186.61353, p_value=1.00000, constraint_value=0.00010, constraint_violation=-0.99990
lambda=0.00000, eps=1.00000, pred_cost=186.25676, p_value=1.00000, constraint_value=0.00010, constraint_violation=-0.99990
lambda=0.00000, eps=1.00000, pred_cost=186.87225, p_value=1.00000, constraint_value=0.00010, constraint_violation=-0.99990
lambda=0.00000, eps=1.00000, pred_cost=187.83409, p_value=1.00000, constraint_value=0.00009, constraint_violation=-0.99991
lambda=0.00000, eps=1.00000, pred_cost=188.35994, p_value=1.00000, constraint_value=0.00009, constraint_violation=-0.99991
lambda=0.00000, eps=1.00000, pred_cost=187.53065, p_value=1.00000, constraint_value=0.00010, constraint_violation=-0.99990
lambda=0.00000, eps=1.00000, pred_cost=187.86377, p_value=1.00000, constraint_value=0.00010, constraint_violation=-0.99990
lambda=0.00000, eps=1.00000, pred_cost=186.91351, p_value=1.00000, constraint_value=0.00015, constraint_violation=-0.99985
lambda=0.00000, eps=1.00000, pred_cost=188.08128, p_value=1.00000, constraint_value=0.00010, constraint_violation=-0.99990
lambda=0.00000, eps=1.00000, pred_cost=186.34930, p_value=1.00000, constraint_value=0.00010, constraint_violation=-0.99990
lambda=0.00000, eps=1.00000, pred_cost=188.24094, p_value=1.00000, constraint_value=0.00011, constraint_violation=-0.99989
lambda=0.00000, eps=1.00000, pred_cost=186.94402, p_value=1.00000, constraint_value=0.00011, constraint_violation=-0.99989
lambda=0.00000, eps=1.00000, pred_cost=188.13715, p_value=1.00000, constraint_value=0.00009, constraint_violation=-0.99991
lambda=0.00000, eps=1.00000, pred_cost=190.24066, p_value=1.00000, constraint_value=0.00009, constraint_violation=-0.99991
lambda=0.00000, eps=1.00000, pred_cost=190.71997, p_value=1.00000, constraint_value=0.00010, constraint_violation=-0.99990
lambda=0.00000, eps=1.00000, pred_cost=191.75204, p_value=1.00000, constraint_value=0.00011, constraint_violation=-0.99989
lambda=0.00000, eps=1.00000, pred_cost=191.74532, p_value=1.00000, constraint_value=0.00009, constraint_violation=-0.99991
lambda=0.00000, eps=1.00000, pred_cost=193.64909, p_value=1.00000, constraint_value=0.00009, constraint_violation=-0.99991
lambda=0.00000, eps=1.00000, pred_cost=192.70889, p_value=1.00000, constraint_value=0.00009, constraint_violation=-0.99991
lambda=0.00000, eps=1.00000, pred_cost=193.62079, p_value=1.00000, constraint_value=0.00009, constraint_violation=-0.99991
lambda=0.00000, eps=1.00000, pred_cost=192.88533, p_value=1.00000, constraint_value=0.00010, constraint_violation=-0.99990
lambda=0.00000, eps=1.00000, pred_cost=192.66307, p_value=1.00000, constraint_value=0.00008, constraint_violation=-0.99992
lambda=0.00000, eps=1.00000, pred_cost=192.38138, p_value=1.00000, constraint_value=0.00010, constraint_violation=-0.99990
lambda=0.00000, eps=1.00000, pred_cost=192.56198, p_value=1.00000, constraint_value=0.00008, constraint_violation=-0.99992
lambda=0.00000, eps=1.00000, pred_cost=191.11818, p_value=1.00000, constraint_value=0.00009, constraint_violation=-0.99991
lambda=0.00000, eps=1.00000, pred_cost=190.66064, p_value=1.00000, constraint_value=0.00008, constraint_violation=-0.99992
lambda=0.00000, eps=1.00000, pred_cost=191.34744, p_value=1.00000, constraint_value=0.00008, constraint_violation=-0.99992
lambda=0.00000, eps=1.00000, pred_cost=191.90585, p_value=1.00000, constraint_value=0.00009, constraint_violation=-0.99991
lambda=0.00000, eps=1.00000, pred_cost=190.20013, p_value=1.00000, constraint_value=0.00012, constraint_violation=-0.99988
lambda=0.00000, eps=1.00000, pred_cost=190.52197, p_value=1.00000, constraint_value=0.00008, constraint_violation=-0.99992
lambda=0.00000, eps=1.00000, pred_cost=188.67575, p_value=1.00000, constraint_value=0.00009, constraint_violation=-0.99991
lambda=0.00000, eps=1.00000, pred_cost=189.66585, p_value=1.00000, constraint_value=0.00009, constraint_violation=-0.99991
lambda=0.00000, eps=1.00000, pred_cost=188.49088, p_value=1.00000, constraint_value=0.00008, constraint_violation=-0.99992
evaluate_num:54 	 evaluate_reward:5006.762302785556 	 evaluate_cost:391.49319952726364 	 evaluate_max_cost:2.7200002670288086
lambda=0.00000, eps=1.00000, pred_cost=187.41377, p_value=1.00000, constraint_value=0.00010, constraint_violation=-0.99990
lambda=0.00000, eps=1.00000, pred_cost=188.02078, p_value=1.00000, constraint_value=0.00009, constraint_violation=-0.99991
lambda=0.00000, eps=1.00000, pred_cost=188.35590, p_value=1.00000, constraint_value=0.00009, constraint_violation=-0.99991
lambda=0.00000, eps=1.00000, pred_cost=189.20811, p_value=1.00000, constraint_value=0.00008, constraint_violation=-0.99992
lambda=0.00000, eps=1.00000, pred_cost=189.74974, p_value=1.00000, constraint_value=0.00009, constraint_violation=-0.99991
lambda=0.00000, eps=1.00000, pred_cost=191.34973, p_value=1.00000, constraint_value=0.00009, constraint_violation=-0.99991
lambda=0.00000, eps=1.00000, pred_cost=192.85687, p_value=1.00000, constraint_value=0.00009, constraint_violation=-0.99991
lambda=0.00000, eps=1.00000, pred_cost=193.84227, p_value=1.00000, constraint_value=0.00009, constraint_violation=-0.99991
lambda=0.00000, eps=1.00000, pred_cost=193.86301, p_value=1.00000, constraint_value=0.00010, constraint_violation=-0.99990
lambda=0.00000, eps=1.00000, pred_cost=195.29796, p_value=1.00000, constraint_value=0.00010, constraint_violation=-0.99990
lambda=0.00000, eps=1.00000, pred_cost=195.36125, p_value=1.00000, constraint_value=0.00009, constraint_violation=-0.99991
lambda=0.00000, eps=1.00000, pred_cost=196.07454, p_value=1.00000, constraint_value=0.00010, constraint_violation=-0.99990
lambda=0.00000, eps=1.00000, pred_cost=196.59402, p_value=1.00000, constraint_value=0.00009, constraint_violation=-0.99991
lambda=0.00000, eps=1.00000, pred_cost=195.44102, p_value=1.00000, constraint_value=0.00010, constraint_violation=-0.99990
lambda=0.00000, eps=1.00000, pred_cost=194.43488, p_value=1.00000, constraint_value=0.00009, constraint_violation=-0.99991
lambda=0.00000, eps=1.00000, pred_cost=193.06552, p_value=1.00000, constraint_value=0.00009, constraint_violation=-0.99991
lambda=0.00000, eps=1.00000, pred_cost=192.42279, p_value=1.00000, constraint_value=0.00013, constraint_violation=-0.99987
lambda=0.00000, eps=1.00000, pred_cost=190.29303, p_value=1.00000, constraint_value=0.00008, constraint_violation=-0.99992
lambda=0.00000, eps=1.00000, pred_cost=190.31532, p_value=1.00000, constraint_value=0.00009, constraint_violation=-0.99991
lambda=0.00000, eps=1.00000, pred_cost=189.58577, p_value=1.00000, constraint_value=0.00009, constraint_violation=-0.99991
lambda=0.00000, eps=1.00000, pred_cost=189.24930, p_value=1.00000, constraint_value=0.00008, constraint_violation=-0.99992
lambda=0.00000, eps=1.00000, pred_cost=188.52972, p_value=1.00000, constraint_value=0.00009, constraint_violation=-0.99991
lambda=0.00000, eps=1.00000, pred_cost=188.59636, p_value=1.00000, constraint_value=0.00009, constraint_violation=-0.99991
lambda=0.00000, eps=1.00000, pred_cost=187.86259, p_value=1.00000, constraint_value=0.00009, constraint_violation=-0.99991
lambda=0.00000, eps=1.00000, pred_cost=186.30756, p_value=1.00000, constraint_value=0.00009, constraint_violation=-0.99991
lambda=0.00000, eps=1.00000, pred_cost=184.94473, p_value=1.00000, constraint_value=0.00008, constraint_violation=-0.99992
lambda=0.00000, eps=1.00000, pred_cost=183.23483, p_value=1.00000, constraint_value=0.00008, constraint_violation=-0.99992
lambda=0.00000, eps=1.00000, pred_cost=182.68994, p_value=1.00000, constraint_value=0.00009, constraint_violation=-0.99991
lambda=0.00000, eps=1.00000, pred_cost=182.49496, p_value=1.00000, constraint_value=0.00009, constraint_violation=-0.99991
lambda=0.00000, eps=1.00000, pred_cost=181.93781, p_value=1.00000, constraint_value=0.00009, constraint_violation=-0.99991
lambda=0.00000, eps=1.00000, pred_cost=181.58173, p_value=1.00000, constraint_value=0.00009, constraint_violation=-0.99991
lambda=0.00000, eps=1.00000, pred_cost=181.96272, p_value=1.00000, constraint_value=0.00010, constraint_violation=-0.99990
lambda=0.00000, eps=1.00000, pred_cost=182.21758, p_value=1.00000, constraint_value=0.00010, constraint_violation=-0.99990
lambda=0.00000, eps=1.00000, pred_cost=184.16554, p_value=1.00000, constraint_value=0.00009, constraint_violation=-0.99991
lambda=0.00000, eps=1.00000, pred_cost=183.59772, p_value=1.00000, constraint_value=0.00010, constraint_violation=-0.99990
lambda=0.00000, eps=1.00000, pred_cost=185.01297, p_value=1.00000, constraint_value=0.00010, constraint_violation=-0.99990
lambda=0.00000, eps=1.00000, pred_cost=182.76413, p_value=1.00000, constraint_value=0.00010, constraint_violation=-0.99990
lambda=0.00000, eps=1.00000, pred_cost=184.00206, p_value=1.00000, constraint_value=0.00012, constraint_violation=-0.99988
lambda=0.00000, eps=1.00000, pred_cost=181.82733, p_value=1.00000, constraint_value=0.00010, constraint_violation=-0.99990
lambda=0.00000, eps=1.00000, pred_cost=182.15277, p_value=1.00000, constraint_value=0.00011, constraint_violation=-0.99989
lambda=0.00000, eps=1.00000, pred_cost=181.40434, p_value=1.00000, constraint_value=0.00010, constraint_violation=-0.99990
lambda=0.00000, eps=1.00000, pred_cost=181.05933, p_value=1.00000, constraint_value=0.00010, constraint_violation=-0.99990
lambda=0.00000, eps=1.00000, pred_cost=181.67024, p_value=1.00000, constraint_value=0.00010, constraint_violation=-0.99990
lambda=0.00000, eps=1.00000, pred_cost=180.47437, p_value=1.00000, constraint_value=0.00011, constraint_violation=-0.99989
lambda=0.00000, eps=1.00000, pred_cost=178.00459, p_value=1.00000, constraint_value=0.00010, constraint_violation=-0.99990
lambda=0.00000, eps=1.00000, pred_cost=177.59200, p_value=1.00000, constraint_value=0.00010, constraint_violation=-0.99990
lambda=0.00000, eps=1.00000, pred_cost=177.28560, p_value=1.00000, constraint_value=0.00009, constraint_violation=-0.99991
lambda=0.00000, eps=1.00000, pred_cost=175.68399, p_value=1.00000, constraint_value=0.00010, constraint_violation=-0.99990
lambda=0.00000, eps=1.00000, pred_cost=175.09657, p_value=1.00000, constraint_value=0.00010, constraint_violation=-0.99990
evaluate_num:55 	 evaluate_reward:5000.09302895762 	 evaluate_cost:404.7474788725376 	 evaluate_max_cost:2.7200002670288086
lambda=0.00000, eps=1.00000, pred_cost=176.24896, p_value=1.00000, constraint_value=0.00009, constraint_violation=-0.99991
lambda=0.00000, eps=1.00000, pred_cost=175.78180, p_value=1.00000, constraint_value=0.00009, constraint_violation=-0.99991
lambda=0.00000, eps=1.00000, pred_cost=176.27731, p_value=1.00000, constraint_value=0.00009, constraint_violation=-0.99991
lambda=0.00000, eps=1.00000, pred_cost=175.51720, p_value=1.00000, constraint_value=0.00009, constraint_violation=-0.99991
lambda=0.00000, eps=1.00000, pred_cost=175.98634, p_value=1.00000, constraint_value=0.00009, constraint_violation=-0.99991
lambda=0.00000, eps=1.00000, pred_cost=175.93947, p_value=1.00000, constraint_value=0.00009, constraint_violation=-0.99991
lambda=0.00000, eps=1.00000, pred_cost=175.83371, p_value=1.00000, constraint_value=0.00009, constraint_violation=-0.99991
lambda=0.00000, eps=1.00000, pred_cost=177.23953, p_value=1.00000, constraint_value=0.00010, constraint_violation=-0.99990
lambda=0.00000, eps=1.00000, pred_cost=176.93227, p_value=1.00000, constraint_value=0.00013, constraint_violation=-0.99987
lambda=0.00000, eps=1.00000, pred_cost=176.93869, p_value=1.00000, constraint_value=0.00010, constraint_violation=-0.99990
lambda=0.00000, eps=1.00000, pred_cost=177.50987, p_value=1.00000, constraint_value=0.00008, constraint_violation=-0.99992
lambda=0.00000, eps=1.00000, pred_cost=177.26797, p_value=1.00000, constraint_value=0.00009, constraint_violation=-0.99991
lambda=0.00000, eps=1.00000, pred_cost=178.52022, p_value=1.00000, constraint_value=0.00010, constraint_violation=-0.99990
lambda=0.00000, eps=1.00000, pred_cost=179.42340, p_value=1.00000, constraint_value=0.00010, constraint_violation=-0.99990
lambda=0.00000, eps=1.00000, pred_cost=178.88078, p_value=1.00000, constraint_value=0.00008, constraint_violation=-0.99992
lambda=0.00000, eps=1.00000, pred_cost=179.60936, p_value=1.00000, constraint_value=0.00009, constraint_violation=-0.99991
lambda=0.00000, eps=1.00000, pred_cost=179.53407, p_value=1.00000, constraint_value=0.00009, constraint_violation=-0.99991
lambda=0.00000, eps=1.00000, pred_cost=179.70317, p_value=1.00000, constraint_value=0.00008, constraint_violation=-0.99992
lambda=0.00000, eps=1.00000, pred_cost=180.34995, p_value=1.00000, constraint_value=0.00009, constraint_violation=-0.99991
lambda=0.00000, eps=1.00000, pred_cost=179.26123, p_value=1.00000, constraint_value=0.00009, constraint_violation=-0.99991
lambda=0.00000, eps=1.00000, pred_cost=179.67732, p_value=1.00000, constraint_value=0.00009, constraint_violation=-0.99991
lambda=0.00000, eps=1.00000, pred_cost=179.05611, p_value=1.00000, constraint_value=0.00008, constraint_violation=-0.99992
lambda=0.00000, eps=1.00000, pred_cost=178.28351, p_value=1.00000, constraint_value=0.00008, constraint_violation=-0.99992
lambda=0.00000, eps=1.00000, pred_cost=177.55745, p_value=1.00000, constraint_value=0.00008, constraint_violation=-0.99992
lambda=0.00000, eps=1.00000, pred_cost=177.92642, p_value=1.00000, constraint_value=0.00008, constraint_violation=-0.99992
lambda=0.00000, eps=1.00000, pred_cost=177.87114, p_value=1.00000, constraint_value=0.00008, constraint_violation=-0.99992
lambda=0.00000, eps=1.00000, pred_cost=179.90822, p_value=1.00000, constraint_value=0.00008, constraint_violation=-0.99992
lambda=0.00000, eps=1.00000, pred_cost=179.15669, p_value=1.00000, constraint_value=0.00008, constraint_violation=-0.99992
lambda=0.00000, eps=1.00000, pred_cost=179.13257, p_value=1.00000, constraint_value=0.00010, constraint_violation=-0.99990
lambda=0.00000, eps=1.00000, pred_cost=180.08804, p_value=1.00000, constraint_value=0.00011, constraint_violation=-0.99989
lambda=0.00000, eps=1.00000, pred_cost=179.99271, p_value=1.00000, constraint_value=0.00008, constraint_violation=-0.99992
lambda=0.00000, eps=1.00000, pred_cost=179.47310, p_value=1.00000, constraint_value=0.00008, constraint_violation=-0.99992
lambda=0.00000, eps=1.00000, pred_cost=181.43506, p_value=1.00000, constraint_value=0.00008, constraint_violation=-0.99992
lambda=0.00000, eps=1.00000, pred_cost=180.67015, p_value=1.00000, constraint_value=0.00008, constraint_violation=-0.99992
lambda=0.00000, eps=1.00000, pred_cost=180.27295, p_value=1.00000, constraint_value=0.00008, constraint_violation=-0.99992
lambda=0.00000, eps=1.00000, pred_cost=180.05125, p_value=1.00000, constraint_value=0.00009, constraint_violation=-0.99992
lambda=0.00000, eps=1.00000, pred_cost=180.05318, p_value=1.00000, constraint_value=0.00009, constraint_violation=-0.99991
lambda=0.00000, eps=1.00000, pred_cost=179.33658, p_value=1.00000, constraint_value=0.00008, constraint_violation=-0.99992
lambda=0.00000, eps=1.00000, pred_cost=178.21799, p_value=1.00000, constraint_value=0.00008, constraint_violation=-0.99992
lambda=0.00000, eps=1.00000, pred_cost=177.50092, p_value=1.00000, constraint_value=0.00009, constraint_violation=-0.99991
lambda=0.00000, eps=1.00000, pred_cost=176.95895, p_value=1.00000, constraint_value=0.00008, constraint_violation=-0.99992
lambda=0.00000, eps=1.00000, pred_cost=175.79962, p_value=1.00000, constraint_value=0.00008, constraint_violation=-0.99992
lambda=0.00000, eps=1.00000, pred_cost=175.19441, p_value=1.00000, constraint_value=0.00008, constraint_violation=-0.99992
lambda=0.00000, eps=1.00000, pred_cost=175.11382, p_value=1.00000, constraint_value=0.00008, constraint_violation=-0.99992
lambda=0.00000, eps=1.00000, pred_cost=175.28955, p_value=1.00000, constraint_value=0.00008, constraint_violation=-0.99992
lambda=0.00000, eps=1.00000, pred_cost=175.29031, p_value=1.00000, constraint_value=0.00008, constraint_violation=-0.99992
lambda=0.00000, eps=1.00000, pred_cost=172.87102, p_value=1.00000, constraint_value=0.00008, constraint_violation=-0.99992
lambda=0.00000, eps=1.00000, pred_cost=173.73976, p_value=1.00000, constraint_value=0.00008, constraint_violation=-0.99992
lambda=0.00000, eps=1.00000, pred_cost=173.58125, p_value=1.00000, constraint_value=0.00008, constraint_violation=-0.99992
evaluate_num:56 	 evaluate_reward:5009.550199803536 	 evaluate_cost:423.8270494937897 	 evaluate_max_cost:2.7200002670288086
lambda=0.00000, eps=1.00000, pred_cost=172.96872, p_value=1.00000, constraint_value=0.00008, constraint_violation=-0.99992
lambda=0.00000, eps=1.00000, pred_cost=172.80103, p_value=1.00000, constraint_value=0.00011, constraint_violation=-0.99989
lambda=0.00000, eps=1.00000, pred_cost=172.27087, p_value=1.00000, constraint_value=0.00009, constraint_violation=-0.99991
lambda=0.00000, eps=1.00000, pred_cost=172.95938, p_value=1.00000, constraint_value=0.00008, constraint_violation=-0.99992
lambda=0.00000, eps=1.00000, pred_cost=173.66046, p_value=1.00000, constraint_value=0.00008, constraint_violation=-0.99992
lambda=0.00000, eps=1.00000, pred_cost=174.32324, p_value=1.00000, constraint_value=0.00008, constraint_violation=-0.99992
lambda=0.00000, eps=1.00000, pred_cost=173.61882, p_value=1.00000, constraint_value=0.00008, constraint_violation=-0.99992
lambda=0.00000, eps=1.00000, pred_cost=173.63435, p_value=1.00000, constraint_value=0.00008, constraint_violation=-0.99992
lambda=0.00000, eps=1.00000, pred_cost=174.42105, p_value=1.00000, constraint_value=0.00009, constraint_violation=-0.99991
lambda=0.00000, eps=1.00000, pred_cost=174.95013, p_value=1.00000, constraint_value=0.00009, constraint_violation=-0.99991
lambda=0.00000, eps=1.00000, pred_cost=174.30978, p_value=1.00000, constraint_value=0.00008, constraint_violation=-0.99992
lambda=0.00000, eps=1.00000, pred_cost=174.78275, p_value=1.00000, constraint_value=0.00008, constraint_violation=-0.99992
lambda=0.00000, eps=1.00000, pred_cost=176.82512, p_value=1.00000, constraint_value=0.00008, constraint_violation=-0.99992
lambda=0.00000, eps=1.00000, pred_cost=177.24001, p_value=1.00000, constraint_value=0.00008, constraint_violation=-0.99992
lambda=0.00000, eps=1.00000, pred_cost=176.53893, p_value=1.00000, constraint_value=0.00010, constraint_violation=-0.99990
lambda=0.00000, eps=1.00000, pred_cost=177.14960, p_value=1.00000, constraint_value=0.00010, constraint_violation=-0.99990
lambda=0.00000, eps=1.00000, pred_cost=178.98944, p_value=1.00000, constraint_value=0.00008, constraint_violation=-0.99992
lambda=0.00000, eps=1.00000, pred_cost=178.73972, p_value=1.00000, constraint_value=0.00009, constraint_violation=-0.99991
lambda=0.00000, eps=1.00000, pred_cost=179.18289, p_value=1.00000, constraint_value=0.00008, constraint_violation=-0.99992
lambda=0.00000, eps=1.00000, pred_cost=180.40569, p_value=1.00000, constraint_value=0.00008, constraint_violation=-0.99992
lambda=0.00000, eps=1.00000, pred_cost=180.73848, p_value=1.00000, constraint_value=0.00008, constraint_violation=-0.99992
lambda=0.00000, eps=1.00000, pred_cost=179.24489, p_value=1.00000, constraint_value=0.00010, constraint_violation=-0.99990
lambda=0.00000, eps=1.00000, pred_cost=178.22244, p_value=1.00000, constraint_value=0.00012, constraint_violation=-0.99988
lambda=0.00000, eps=1.00000, pred_cost=177.12398, p_value=1.00000, constraint_value=0.00008, constraint_violation=-0.99992
lambda=0.00000, eps=1.00000, pred_cost=176.02910, p_value=1.00000, constraint_value=0.00008, constraint_violation=-0.99992
lambda=0.00000, eps=1.00000, pred_cost=174.56134, p_value=1.00000, constraint_value=0.00009, constraint_violation=-0.99991
lambda=0.00000, eps=1.00000, pred_cost=175.25873, p_value=1.00000, constraint_value=0.00008, constraint_violation=-0.99992
lambda=0.00000, eps=1.00000, pred_cost=175.83479, p_value=1.00000, constraint_value=0.00009, constraint_violation=-0.99991
lambda=0.00000, eps=1.00000, pred_cost=174.90665, p_value=1.00000, constraint_value=0.00009, constraint_violation=-0.99991
lambda=0.00000, eps=1.00000, pred_cost=174.56053, p_value=1.00000, constraint_value=0.00009, constraint_violation=-0.99991
lambda=0.00000, eps=1.00000, pred_cost=176.33748, p_value=1.00000, constraint_value=0.00009, constraint_violation=-0.99991
lambda=0.00000, eps=1.00000, pred_cost=175.40675, p_value=1.00000, constraint_value=0.00008, constraint_violation=-0.99992
lambda=0.00000, eps=1.00000, pred_cost=175.22124, p_value=1.00000, constraint_value=0.00008, constraint_violation=-0.99992
lambda=0.00000, eps=1.00000, pred_cost=175.62791, p_value=1.00000, constraint_value=0.00008, constraint_violation=-0.99992
lambda=0.00000, eps=1.00000, pred_cost=176.47960, p_value=1.00000, constraint_value=0.00007, constraint_violation=-0.99993
lambda=0.00000, eps=1.00000, pred_cost=177.91321, p_value=1.00000, constraint_value=0.00008, constraint_violation=-0.99992
lambda=0.00000, eps=1.00000, pred_cost=178.84230, p_value=1.00000, constraint_value=0.00008, constraint_violation=-0.99992
lambda=0.00000, eps=1.00000, pred_cost=180.11894, p_value=1.00000, constraint_value=0.00009, constraint_violation=-0.99991
lambda=0.00000, eps=1.00000, pred_cost=181.34616, p_value=1.00000, constraint_value=0.00009, constraint_violation=-0.99991
lambda=0.00000, eps=1.00000, pred_cost=182.62332, p_value=1.00000, constraint_value=0.00009, constraint_violation=-0.99991
lambda=0.00000, eps=1.00000, pred_cost=182.31569, p_value=1.00000, constraint_value=0.00008, constraint_violation=-0.99992
lambda=0.00000, eps=1.00000, pred_cost=183.03671, p_value=1.00000, constraint_value=0.00009, constraint_violation=-0.99991
lambda=0.00000, eps=1.00000, pred_cost=183.86116, p_value=1.00000, constraint_value=0.00010, constraint_violation=-0.99990
lambda=0.00000, eps=1.00000, pred_cost=184.70560, p_value=1.00000, constraint_value=0.00012, constraint_violation=-0.99988
lambda=0.00000, eps=1.00000, pred_cost=183.31299, p_value=1.00000, constraint_value=0.00008, constraint_violation=-0.99992
lambda=0.00000, eps=1.00000, pred_cost=183.58588, p_value=1.00000, constraint_value=0.00009, constraint_violation=-0.99991
lambda=0.00000, eps=1.00000, pred_cost=182.85506, p_value=1.00000, constraint_value=0.00008, constraint_violation=-0.99992
lambda=0.00000, eps=1.00000, pred_cost=183.68939, p_value=1.00000, constraint_value=0.00008, constraint_violation=-0.99992
evaluate_num:57 	 evaluate_reward:4995.56309364269 	 evaluate_cost:416.2936194241047 	 evaluate_max_cost:2.7200002670288086
lambda=0.00000, eps=1.00000, pred_cost=183.88455, p_value=1.00000, constraint_value=0.00008, constraint_violation=-0.99992
lambda=0.00000, eps=1.00000, pred_cost=183.70692, p_value=1.00000, constraint_value=0.00008, constraint_violation=-0.99992
lambda=0.00000, eps=1.00000, pred_cost=183.31949, p_value=1.00000, constraint_value=0.00008, constraint_violation=-0.99992
lambda=0.00000, eps=1.00000, pred_cost=180.95526, p_value=1.00000, constraint_value=0.00008, constraint_violation=-0.99992
lambda=0.00000, eps=1.00000, pred_cost=181.17288, p_value=1.00000, constraint_value=0.00008, constraint_violation=-0.99992
lambda=0.00000, eps=1.00000, pred_cost=180.22604, p_value=1.00000, constraint_value=0.00008, constraint_violation=-0.99992
lambda=0.00000, eps=1.00000, pred_cost=181.65723, p_value=1.00000, constraint_value=0.00008, constraint_violation=-0.99992
lambda=0.00000, eps=1.00000, pred_cost=181.49991, p_value=1.00000, constraint_value=0.00008, constraint_violation=-0.99992
lambda=0.00000, eps=1.00000, pred_cost=183.86194, p_value=1.00000, constraint_value=0.00009, constraint_violation=-0.99991
lambda=0.00000, eps=1.00000, pred_cost=183.11745, p_value=1.00000, constraint_value=0.00009, constraint_violation=-0.99991
lambda=0.00000, eps=1.00000, pred_cost=184.61566, p_value=1.00000, constraint_value=0.00009, constraint_violation=-0.99991
lambda=0.00000, eps=1.00000, pred_cost=184.88202, p_value=1.00000, constraint_value=0.00008, constraint_violation=-0.99992
lambda=0.00000, eps=1.00000, pred_cost=184.95160, p_value=1.00000, constraint_value=0.00009, constraint_violation=-0.99991
lambda=0.00000, eps=1.00000, pred_cost=185.97647, p_value=1.00000, constraint_value=0.00008, constraint_violation=-0.99992
lambda=0.00000, eps=1.00000, pred_cost=186.65146, p_value=1.00000, constraint_value=0.00009, constraint_violation=-0.99991
lambda=0.00000, eps=1.00000, pred_cost=186.32683, p_value=1.00000, constraint_value=0.00008, constraint_violation=-0.99992
lambda=0.00000, eps=1.00000, pred_cost=187.48480, p_value=1.00000, constraint_value=0.00011, constraint_violation=-0.99989
lambda=0.00000, eps=1.00000, pred_cost=189.49968, p_value=1.00000, constraint_value=0.00008, constraint_violation=-0.99992
lambda=0.00000, eps=1.00000, pred_cost=188.41547, p_value=1.00000, constraint_value=0.00010, constraint_violation=-0.99990
lambda=0.00000, eps=1.00000, pred_cost=187.64810, p_value=1.00000, constraint_value=0.00010, constraint_violation=-0.99990
lambda=0.00000, eps=1.00000, pred_cost=188.91211, p_value=1.00000, constraint_value=0.00008, constraint_violation=-0.99992
lambda=0.00000, eps=1.00000, pred_cost=190.87242, p_value=1.00000, constraint_value=0.00009, constraint_violation=-0.99991
lambda=0.00000, eps=1.00000, pred_cost=190.35100, p_value=1.00000, constraint_value=0.00009, constraint_violation=-0.99991
lambda=0.00000, eps=1.00000, pred_cost=189.90027, p_value=1.00000, constraint_value=0.00009, constraint_violation=-0.99991
lambda=0.00000, eps=1.00000, pred_cost=187.88257, p_value=1.00000, constraint_value=0.00009, constraint_violation=-0.99991
lambda=0.00000, eps=1.00000, pred_cost=187.68707, p_value=1.00000, constraint_value=0.00010, constraint_violation=-0.99990
lambda=0.00000, eps=1.00000, pred_cost=187.69476, p_value=1.00000, constraint_value=0.00009, constraint_violation=-0.99991
lambda=0.00000, eps=1.00000, pred_cost=186.19467, p_value=1.00000, constraint_value=0.00008, constraint_violation=-0.99992
lambda=0.00000, eps=1.00000, pred_cost=185.67476, p_value=1.00000, constraint_value=0.00008, constraint_violation=-0.99992
lambda=0.00000, eps=1.00000, pred_cost=184.82915, p_value=1.00000, constraint_value=0.00009, constraint_violation=-0.99991
lambda=0.00000, eps=1.00000, pred_cost=185.15700, p_value=1.00000, constraint_value=0.00008, constraint_violation=-0.99992
lambda=0.00000, eps=1.00000, pred_cost=186.33553, p_value=1.00000, constraint_value=0.00008, constraint_violation=-0.99992
lambda=0.00000, eps=1.00000, pred_cost=187.45175, p_value=1.00000, constraint_value=0.00008, constraint_violation=-0.99992
lambda=0.00000, eps=1.00000, pred_cost=187.90811, p_value=1.00000, constraint_value=0.00009, constraint_violation=-0.99991
lambda=0.00000, eps=1.00000, pred_cost=189.97667, p_value=1.00000, constraint_value=0.00009, constraint_violation=-0.99991
lambda=0.00000, eps=1.00000, pred_cost=191.99571, p_value=1.00000, constraint_value=0.00008, constraint_violation=-0.99992
lambda=0.00000, eps=1.00000, pred_cost=194.50781, p_value=1.00000, constraint_value=0.00010, constraint_violation=-0.99990
lambda=0.00000, eps=1.00000, pred_cost=192.72397, p_value=1.00000, constraint_value=0.00010, constraint_violation=-0.99990
lambda=0.00000, eps=1.00000, pred_cost=193.86082, p_value=1.00000, constraint_value=0.00009, constraint_violation=-0.99991
lambda=0.00000, eps=1.00000, pred_cost=195.06471, p_value=1.00000, constraint_value=0.00009, constraint_violation=-0.99991
lambda=0.00000, eps=1.00000, pred_cost=195.13240, p_value=1.00000, constraint_value=0.00010, constraint_violation=-0.99990
lambda=0.00000, eps=1.00000, pred_cost=194.45599, p_value=1.00000, constraint_value=0.00010, constraint_violation=-0.99990
lambda=0.00000, eps=1.00000, pred_cost=195.44229, p_value=1.00000, constraint_value=0.00009, constraint_violation=-0.99991
lambda=0.00000, eps=1.00000, pred_cost=194.16287, p_value=1.00000, constraint_value=0.00010, constraint_violation=-0.99990
lambda=0.00000, eps=1.00000, pred_cost=194.88770, p_value=1.00000, constraint_value=0.00009, constraint_violation=-0.99991
lambda=0.00000, eps=1.00000, pred_cost=193.52757, p_value=1.00000, constraint_value=0.00010, constraint_violation=-0.99990
lambda=0.00000, eps=1.00000, pred_cost=193.81841, p_value=1.00000, constraint_value=0.00008, constraint_violation=-0.99992
lambda=0.00000, eps=1.00000, pred_cost=191.90553, p_value=1.00000, constraint_value=0.00008, constraint_violation=-0.99992
lambda=0.00000, eps=1.00000, pred_cost=191.59584, p_value=1.00000, constraint_value=0.00008, constraint_violation=-0.99992
evaluate_num:58 	 evaluate_reward:4999.978809789977 	 evaluate_cost:356.1560429632664 	 evaluate_max_cost:2.7200002670288086
lambda=0.00000, eps=1.00000, pred_cost=189.40224, p_value=1.00000, constraint_value=0.00008, constraint_violation=-0.99992
lambda=0.00000, eps=1.00000, pred_cost=188.80182, p_value=1.00000, constraint_value=0.00008, constraint_violation=-0.99992
lambda=0.00000, eps=1.00000, pred_cost=188.61710, p_value=1.00000, constraint_value=0.00008, constraint_violation=-0.99992
lambda=0.00000, eps=1.00000, pred_cost=190.35616, p_value=1.00000, constraint_value=0.00008, constraint_violation=-0.99992
lambda=0.00000, eps=1.00000, pred_cost=190.78026, p_value=1.00000, constraint_value=0.00008, constraint_violation=-0.99992
lambda=0.00000, eps=1.00000, pred_cost=190.84651, p_value=1.00000, constraint_value=0.00008, constraint_violation=-0.99992
lambda=0.00000, eps=1.00000, pred_cost=190.44321, p_value=1.00000, constraint_value=0.00008, constraint_violation=-0.99992
lambda=0.00000, eps=1.00000, pred_cost=193.60760, p_value=1.00000, constraint_value=0.00009, constraint_violation=-0.99991
lambda=0.00000, eps=1.00000, pred_cost=193.62703, p_value=1.00000, constraint_value=0.00011, constraint_violation=-0.99989
lambda=0.00000, eps=1.00000, pred_cost=193.61096, p_value=1.00000, constraint_value=0.00009, constraint_violation=-0.99991
lambda=0.00000, eps=1.00000, pred_cost=194.20766, p_value=1.00000, constraint_value=0.00010, constraint_violation=-0.99990
lambda=0.00000, eps=1.00000, pred_cost=194.71466, p_value=1.00000, constraint_value=0.00009, constraint_violation=-0.99991
lambda=0.00000, eps=1.00000, pred_cost=194.96152, p_value=1.00000, constraint_value=0.00010, constraint_violation=-0.99990
lambda=0.00000, eps=1.00000, pred_cost=194.61273, p_value=1.00000, constraint_value=0.00009, constraint_violation=-0.99991
lambda=0.00000, eps=1.00000, pred_cost=194.89360, p_value=1.00000, constraint_value=0.00009, constraint_violation=-0.99991
lambda=0.00000, eps=1.00000, pred_cost=194.65872, p_value=1.00000, constraint_value=0.00009, constraint_violation=-0.99991
lambda=0.00000, eps=1.00000, pred_cost=193.36913, p_value=1.00000, constraint_value=0.00008, constraint_violation=-0.99992
lambda=0.00000, eps=1.00000, pred_cost=191.40813, p_value=1.00000, constraint_value=0.00008, constraint_violation=-0.99992
lambda=0.00000, eps=1.00000, pred_cost=190.18921, p_value=1.00000, constraint_value=0.00008, constraint_violation=-0.99992
lambda=0.00000, eps=1.00000, pred_cost=190.23166, p_value=1.00000, constraint_value=0.00008, constraint_violation=-0.99992
lambda=0.00000, eps=1.00000, pred_cost=190.08420, p_value=1.00000, constraint_value=0.00008, constraint_violation=-0.99992
lambda=0.00000, eps=1.00000, pred_cost=189.33534, p_value=1.00000, constraint_value=0.00008, constraint_violation=-0.99992
lambda=0.00000, eps=1.00000, pred_cost=190.26227, p_value=1.00000, constraint_value=0.00008, constraint_violation=-0.99992
lambda=0.00000, eps=1.00000, pred_cost=189.97314, p_value=1.00000, constraint_value=0.00008, constraint_violation=-0.99992
lambda=0.00000, eps=1.00000, pred_cost=191.33238, p_value=1.00000, constraint_value=0.00008, constraint_violation=-0.99992
lambda=0.00000, eps=1.00000, pred_cost=190.13312, p_value=1.00000, constraint_value=0.00008, constraint_violation=-0.99992
lambda=0.00000, eps=1.00000, pred_cost=192.03217, p_value=1.00000, constraint_value=0.00008, constraint_violation=-0.99992
lambda=0.00000, eps=1.00000, pred_cost=192.57028, p_value=1.00000, constraint_value=0.00008, constraint_violation=-0.99992
lambda=0.00000, eps=1.00000, pred_cost=194.15739, p_value=1.00000, constraint_value=0.00008, constraint_violation=-0.99992
lambda=0.00000, eps=1.00000, pred_cost=194.08765, p_value=1.00000, constraint_value=0.00011, constraint_violation=-0.99989
lambda=0.00000, eps=1.00000, pred_cost=195.74017, p_value=1.00000, constraint_value=0.00009, constraint_violation=-0.99991
lambda=0.00000, eps=1.00000, pred_cost=197.00597, p_value=1.00000, constraint_value=0.00009, constraint_violation=-0.99991
lambda=0.00000, eps=1.00000, pred_cost=197.44955, p_value=1.00000, constraint_value=0.00008, constraint_violation=-0.99992
lambda=0.00000, eps=1.00000, pred_cost=197.95274, p_value=1.00000, constraint_value=0.00008, constraint_violation=-0.99992
lambda=0.00000, eps=1.00000, pred_cost=195.60118, p_value=1.00000, constraint_value=0.00009, constraint_violation=-0.99991
lambda=0.00000, eps=1.00000, pred_cost=196.66916, p_value=1.00000, constraint_value=0.00008, constraint_violation=-0.99992
lambda=0.00000, eps=1.00000, pred_cost=195.40239, p_value=1.00000, constraint_value=0.00008, constraint_violation=-0.99992
lambda=0.00000, eps=1.00000, pred_cost=194.12825, p_value=1.00000, constraint_value=0.00008, constraint_violation=-0.99992
lambda=0.00000, eps=1.00000, pred_cost=192.78955, p_value=1.00000, constraint_value=0.00008, constraint_violation=-0.99992
lambda=0.00000, eps=1.00000, pred_cost=194.01041, p_value=1.00000, constraint_value=0.00008, constraint_violation=-0.99992
lambda=0.00000, eps=1.00000, pred_cost=193.87747, p_value=1.00000, constraint_value=0.00008, constraint_violation=-0.99992
lambda=0.00000, eps=1.00000, pred_cost=192.72067, p_value=1.00000, constraint_value=0.00008, constraint_violation=-0.99992
lambda=0.00000, eps=1.00000, pred_cost=192.87573, p_value=1.00000, constraint_value=0.00008, constraint_violation=-0.99992
lambda=0.00000, eps=1.00000, pred_cost=195.81796, p_value=1.00000, constraint_value=0.00008, constraint_violation=-0.99992
lambda=0.00000, eps=1.00000, pred_cost=195.01622, p_value=1.00000, constraint_value=0.00009, constraint_violation=-0.99991
lambda=0.00000, eps=1.00000, pred_cost=196.18556, p_value=1.00000, constraint_value=0.00009, constraint_violation=-0.99991
lambda=0.00000, eps=1.00000, pred_cost=196.97675, p_value=1.00000, constraint_value=0.00009, constraint_violation=-0.99991
lambda=0.00000, eps=1.00000, pred_cost=197.93883, p_value=1.00000, constraint_value=0.00009, constraint_violation=-0.99991
lambda=0.00000, eps=1.00000, pred_cost=198.77808, p_value=1.00000, constraint_value=0.00008, constraint_violation=-0.99992
evaluate_num:59 	 evaluate_reward:4937.209518899394 	 evaluate_cost:433.7303959429264 	 evaluate_max_cost:2.7200002670288086
lambda=0.00000, eps=1.00000, pred_cost=199.24765, p_value=1.00000, constraint_value=0.00008, constraint_violation=-0.99992
lambda=0.00000, eps=1.00000, pred_cost=199.69351, p_value=1.00000, constraint_value=0.00012, constraint_violation=-0.99988
lambda=0.00000, eps=1.00000, pred_cost=199.12389, p_value=1.00000, constraint_value=0.00009, constraint_violation=-0.99991
lambda=0.00000, eps=1.00000, pred_cost=198.16234, p_value=1.00000, constraint_value=0.00010, constraint_violation=-0.99990
lambda=0.00000, eps=1.00000, pred_cost=197.08417, p_value=1.00000, constraint_value=0.00008, constraint_violation=-0.99992
lambda=0.00000, eps=1.00000, pred_cost=196.08244, p_value=1.00000, constraint_value=0.00008, constraint_violation=-0.99992
lambda=0.00000, eps=1.00000, pred_cost=196.70422, p_value=1.00000, constraint_value=0.00008, constraint_violation=-0.99992
lambda=0.00000, eps=1.00000, pred_cost=195.46504, p_value=1.00000, constraint_value=0.00007, constraint_violation=-0.99993
lambda=0.00000, eps=1.00000, pred_cost=195.01991, p_value=1.00000, constraint_value=0.00008, constraint_violation=-0.99992
lambda=0.00000, eps=1.00000, pred_cost=194.76952, p_value=1.00000, constraint_value=0.00008, constraint_violation=-0.99992
lambda=0.00000, eps=1.00000, pred_cost=194.69928, p_value=1.00000, constraint_value=0.00008, constraint_violation=-0.99992
lambda=0.00000, eps=1.00000, pred_cost=195.23936, p_value=1.00000, constraint_value=0.00008, constraint_violation=-0.99992
lambda=0.00000, eps=1.00000, pred_cost=196.51605, p_value=1.00000, constraint_value=0.00008, constraint_violation=-0.99992
lambda=0.00000, eps=1.00000, pred_cost=197.01187, p_value=1.00000, constraint_value=0.00008, constraint_violation=-0.99992
lambda=0.00000, eps=1.00000, pred_cost=200.15732, p_value=1.00000, constraint_value=0.00009, constraint_violation=-0.99991
lambda=0.00000, eps=1.00000, pred_cost=200.69202, p_value=1.00000, constraint_value=0.00009, constraint_violation=-0.99991
lambda=0.00000, eps=1.00000, pred_cost=202.80952, p_value=1.00000, constraint_value=0.00009, constraint_violation=-0.99991
lambda=0.00000, eps=1.00000, pred_cost=204.23381, p_value=1.00000, constraint_value=0.00008, constraint_violation=-0.99992
lambda=0.00000, eps=1.00000, pred_cost=206.10541, p_value=1.00000, constraint_value=0.00007, constraint_violation=-0.99993
lambda=0.00000, eps=1.00000, pred_cost=206.53357, p_value=1.00000, constraint_value=0.00007, constraint_violation=-0.99993
lambda=0.00000, eps=1.00000, pred_cost=204.78090, p_value=1.00000, constraint_value=0.00008, constraint_violation=-0.99992
lambda=0.00000, eps=1.00000, pred_cost=203.26848, p_value=1.00000, constraint_value=0.00008, constraint_violation=-0.99992
lambda=0.00000, eps=1.00000, pred_cost=204.72893, p_value=1.00000, constraint_value=0.00011, constraint_violation=-0.99989
lambda=0.00000, eps=1.00000, pred_cost=202.38367, p_value=1.00000, constraint_value=0.00008, constraint_violation=-0.99992
lambda=0.00000, eps=1.00000, pred_cost=199.83630, p_value=1.00000, constraint_value=0.00008, constraint_violation=-0.99992
lambda=0.00000, eps=1.00000, pred_cost=199.59479, p_value=1.00000, constraint_value=0.00008, constraint_violation=-0.99992
lambda=0.00000, eps=1.00000, pred_cost=198.82399, p_value=1.00000, constraint_value=0.00007, constraint_violation=-0.99993
lambda=0.00000, eps=1.00000, pred_cost=197.27728, p_value=1.00000, constraint_value=0.00008, constraint_violation=-0.99992
lambda=0.00000, eps=1.00000, pred_cost=196.75836, p_value=1.00000, constraint_value=0.00008, constraint_violation=-0.99992
lambda=0.00000, eps=1.00000, pred_cost=198.18437, p_value=1.00000, constraint_value=0.00008, constraint_violation=-0.99992
lambda=0.00000, eps=1.00000, pred_cost=198.27434, p_value=1.00000, constraint_value=0.00008, constraint_violation=-0.99992
lambda=0.00000, eps=1.00000, pred_cost=200.30249, p_value=1.00000, constraint_value=0.00009, constraint_violation=-0.99991
lambda=0.00000, eps=1.00000, pred_cost=201.59836, p_value=1.00000, constraint_value=0.00009, constraint_violation=-0.99991
lambda=0.00000, eps=1.00000, pred_cost=203.52016, p_value=1.00000, constraint_value=0.00008, constraint_violation=-0.99992
lambda=0.00000, eps=1.00000, pred_cost=202.29422, p_value=1.00000, constraint_value=0.00008, constraint_violation=-0.99992
lambda=0.00000, eps=1.00000, pred_cost=202.71855, p_value=1.00000, constraint_value=0.00008, constraint_violation=-0.99992
lambda=0.00000, eps=1.00000, pred_cost=202.68475, p_value=1.00000, constraint_value=0.00010, constraint_violation=-0.99990
lambda=0.00000, eps=1.00000, pred_cost=201.56142, p_value=1.00000, constraint_value=0.00009, constraint_violation=-0.99991
lambda=0.00000, eps=1.00000, pred_cost=200.43315, p_value=1.00000, constraint_value=0.00009, constraint_violation=-0.99991
lambda=0.00000, eps=1.00000, pred_cost=199.43907, p_value=1.00000, constraint_value=0.00008, constraint_violation=-0.99992
lambda=0.00000, eps=1.00000, pred_cost=198.02426, p_value=1.00000, constraint_value=0.00008, constraint_violation=-0.99992
lambda=0.00000, eps=1.00000, pred_cost=196.68393, p_value=1.00000, constraint_value=0.00007, constraint_violation=-0.99993
lambda=0.00000, eps=1.00000, pred_cost=195.84738, p_value=1.00000, constraint_value=0.00008, constraint_violation=-0.99992
lambda=0.00000, eps=1.00000, pred_cost=194.71114, p_value=1.00000, constraint_value=0.00011, constraint_violation=-0.99989
lambda=0.00000, eps=1.00000, pred_cost=194.33070, p_value=1.00000, constraint_value=0.00008, constraint_violation=-0.99992
lambda=0.00000, eps=1.00000, pred_cost=195.11490, p_value=1.00000, constraint_value=0.00007, constraint_violation=-0.99993
lambda=0.00000, eps=1.00000, pred_cost=196.43300, p_value=1.00000, constraint_value=0.00008, constraint_violation=-0.99992
lambda=0.00000, eps=1.00000, pred_cost=196.19267, p_value=1.00000, constraint_value=0.00008, constraint_violation=-0.99992
lambda=0.00000, eps=1.00000, pred_cost=197.56688, p_value=1.00000, constraint_value=0.00008, constraint_violation=-0.99992
evaluate_num:60 	 evaluate_reward:5020.177629608306 	 evaluate_cost:339.966645638148 	 evaluate_max_cost:2.7200002670288086
lambda=0.00000, eps=1.00000, pred_cost=199.09995, p_value=1.00000, constraint_value=0.00008, constraint_violation=-0.99992
lambda=0.00000, eps=1.00000, pred_cost=200.09512, p_value=1.00000, constraint_value=0.00008, constraint_violation=-0.99992
lambda=0.00000, eps=1.00000, pred_cost=202.57158, p_value=1.00000, constraint_value=0.00008, constraint_violation=-0.99992
lambda=0.00000, eps=1.00000, pred_cost=203.85121, p_value=1.00000, constraint_value=0.00009, constraint_violation=-0.99991
lambda=0.00000, eps=1.00000, pred_cost=205.26013, p_value=1.00000, constraint_value=0.00008, constraint_violation=-0.99992
lambda=0.00000, eps=1.00000, pred_cost=206.36406, p_value=1.00000, constraint_value=0.00008, constraint_violation=-0.99992
lambda=0.00000, eps=1.00000, pred_cost=206.45468, p_value=1.00000, constraint_value=0.00009, constraint_violation=-0.99991
lambda=0.00000, eps=1.00000, pred_cost=206.18556, p_value=1.00000, constraint_value=0.00009, constraint_violation=-0.99991
lambda=0.00000, eps=1.00000, pred_cost=205.77487, p_value=1.00000, constraint_value=0.00009, constraint_violation=-0.99991
lambda=0.00000, eps=1.00000, pred_cost=202.89240, p_value=1.00000, constraint_value=0.00009, constraint_violation=-0.99991
lambda=0.00000, eps=1.00000, pred_cost=202.63475, p_value=1.00000, constraint_value=0.00008, constraint_violation=-0.99992
lambda=0.00000, eps=1.00000, pred_cost=200.35272, p_value=1.00000, constraint_value=0.00008, constraint_violation=-0.99992
lambda=0.00000, eps=1.00000, pred_cost=199.54257, p_value=1.00000, constraint_value=0.00008, constraint_violation=-0.99992
lambda=0.00000, eps=1.00000, pred_cost=197.87372, p_value=1.00000, constraint_value=0.00008, constraint_violation=-0.99992
lambda=0.00000, eps=1.00000, pred_cost=197.16257, p_value=1.00000, constraint_value=0.00011, constraint_violation=-0.99989
lambda=0.00000, eps=1.00000, pred_cost=197.53906, p_value=1.00000, constraint_value=0.00008, constraint_violation=-0.99992
lambda=0.00000, eps=1.00000, pred_cost=198.43510, p_value=1.00000, constraint_value=0.00009, constraint_violation=-0.99991
lambda=0.00000, eps=1.00000, pred_cost=200.65721, p_value=1.00000, constraint_value=0.00008, constraint_violation=-0.99992
lambda=0.00000, eps=1.00000, pred_cost=202.87866, p_value=1.00000, constraint_value=0.00007, constraint_violation=-0.99993
lambda=0.00000, eps=1.00000, pred_cost=204.43979, p_value=1.00000, constraint_value=0.00008, constraint_violation=-0.99992
lambda=0.00000, eps=1.00000, pred_cost=205.24251, p_value=1.00000, constraint_value=0.00009, constraint_violation=-0.99991
lambda=0.00000, eps=1.00000, pred_cost=205.54303, p_value=1.00000, constraint_value=0.00008, constraint_violation=-0.99992
lambda=0.00000, eps=1.00000, pred_cost=206.99237, p_value=1.00000, constraint_value=0.00009, constraint_violation=-0.99991
lambda=0.00000, eps=1.00000, pred_cost=205.73929, p_value=1.00000, constraint_value=0.00009, constraint_violation=-0.99991
lambda=0.00000, eps=1.00000, pred_cost=204.24068, p_value=1.00000, constraint_value=0.00008, constraint_violation=-0.99992
lambda=0.00000, eps=1.00000, pred_cost=201.69827, p_value=1.00000, constraint_value=0.00009, constraint_violation=-0.99991
lambda=0.00000, eps=1.00000, pred_cost=199.29178, p_value=1.00000, constraint_value=0.00009, constraint_violation=-0.99991
lambda=0.00000, eps=1.00000, pred_cost=197.29755, p_value=1.00000, constraint_value=0.00009, constraint_violation=-0.99991
lambda=0.00000, eps=1.00000, pred_cost=196.24136, p_value=1.00000, constraint_value=0.00009, constraint_violation=-0.99991
lambda=0.00000, eps=1.00000, pred_cost=194.85901, p_value=1.00000, constraint_value=0.00009, constraint_violation=-0.99991
lambda=0.00000, eps=1.00000, pred_cost=195.10609, p_value=1.00000, constraint_value=0.00008, constraint_violation=-0.99992
lambda=0.00000, eps=1.00000, pred_cost=195.70328, p_value=1.00000, constraint_value=0.00007, constraint_violation=-0.99993
lambda=0.00000, eps=1.00000, pred_cost=197.08696, p_value=1.00000, constraint_value=0.00008, constraint_violation=-0.99992
lambda=0.00000, eps=1.00000, pred_cost=199.86368, p_value=1.00000, constraint_value=0.00008, constraint_violation=-0.99992
lambda=0.00000, eps=1.00000, pred_cost=201.74216, p_value=1.00000, constraint_value=0.00008, constraint_violation=-0.99992
lambda=0.00000, eps=1.00000, pred_cost=204.45567, p_value=1.00000, constraint_value=0.00011, constraint_violation=-0.99989
lambda=0.00000, eps=1.00000, pred_cost=205.13750, p_value=1.00000, constraint_value=0.00008, constraint_violation=-0.99992
lambda=0.00000, eps=1.00000, pred_cost=206.29515, p_value=1.00000, constraint_value=0.00009, constraint_violation=-0.99991
lambda=0.00000, eps=1.00000, pred_cost=205.84100, p_value=1.00000, constraint_value=0.00009, constraint_violation=-0.99991
lambda=0.00000, eps=1.00000, pred_cost=205.41539, p_value=1.00000, constraint_value=0.00008, constraint_violation=-0.99992
lambda=0.00000, eps=1.00000, pred_cost=202.81418, p_value=1.00000, constraint_value=0.00009, constraint_violation=-0.99991
lambda=0.00000, eps=1.00000, pred_cost=201.50870, p_value=1.00000, constraint_value=0.00008, constraint_violation=-0.99992
lambda=0.00000, eps=1.00000, pred_cost=197.90268, p_value=1.00000, constraint_value=0.00008, constraint_violation=-0.99992
lambda=0.00000, eps=1.00000, pred_cost=195.40097, p_value=1.00000, constraint_value=0.00008, constraint_violation=-0.99992
lambda=0.00000, eps=1.00000, pred_cost=194.36606, p_value=1.00000, constraint_value=0.00008, constraint_violation=-0.99992
lambda=0.00000, eps=1.00000, pred_cost=193.40952, p_value=1.00000, constraint_value=0.00008, constraint_violation=-0.99992
lambda=0.00000, eps=1.00000, pred_cost=193.77664, p_value=1.00000, constraint_value=0.00008, constraint_violation=-0.99992
lambda=0.00000, eps=1.00000, pred_cost=194.95593, p_value=1.00000, constraint_value=0.00008, constraint_violation=-0.99992
