episode,episode_steps,cumulative_steps
0,1000,1000
1,1000,2000
2,1000,3000
3,1000,4000
4,1000,5000
5,1000,6000
6,1000,7000
7,1000,8000
8,1000,9000
9,1000,10000
10,1000,11000
11,1000,12000
12,1000,13000
13,1000,14000
14,1000,15000
15,1000,16000
16,1000,17000
17,1000,18000
18,1000,19000
19,1000,20000
20,1000,21000
21,1000,22000
22,1000,23000
23,1000,24000
24,1000,25000
25,1000,26000
26,1000,27000
27,1000,28000
28,1000,29000
29,1000,30000
30,1000,31000
31,1000,32000
32,1000,33000
33,1000,34000
34,1000,35000
35,1000,36000
36,1000,37000
37,1000,38000
38,1000,39000
39,1000,40000
40,1000,41000
41,1000,42000
42,1000,43000
43,1000,44000
44,1000,45000
45,1000,46000
46,1000,47000
47,1000,48000
48,1000,49000
49,1000,50000
50,1000,51000
51,1000,52000
52,1000,53000
53,1000,54000
54,1000,55000
55,1000,56000
56,1000,57000
57,1000,58000
58,1000,59000
59,1000,60000
60,1000,61000
61,1000,62000
62,1000,63000
63,1000,64000
64,1000,65000
65,1000,66000
66,1000,67000
67,1000,68000
68,1000,69000
69,1000,70000
70,1000,71000
71,1000,72000
72,1000,73000
73,1000,74000
74,1000,75000
75,1000,76000
76,1000,77000
77,1000,78000
78,1000,79000
79,1000,80000
80,1000,81000
81,1000,82000
82,1000,83000
83,1000,84000
84,1000,85000
85,1000,86000
86,1000,87000
87,1000,88000
88,1000,89000
89,1000,90000
90,1000,91000
91,1000,92000
92,1000,93000
93,1000,94000
94,1000,95000
95,1000,96000
96,1000,97000
97,1000,98000
98,1000,99000
99,1000,100000
100,1000,101000
101,1000,102000
102,1000,103000
103,1000,104000
104,1000,105000
105,1000,106000
106,1000,107000
107,1000,108000
108,1000,109000
109,1000,110000
110,1000,111000
111,1000,112000
112,1000,113000
113,1000,114000
114,1000,115000
115,1000,116000
116,1000,117000
117,1000,118000
118,1000,119000
119,1000,120000
120,1000,121000
121,1000,122000
122,1000,123000
123,1000,124000
124,1000,125000
125,1000,126000
126,1000,127000
127,1000,128000
128,1000,129000
129,1000,130000
130,1000,131000
131,1000,132000
132,1000,133000
133,1000,134000
134,1000,135000
135,1000,136000
136,1000,137000
137,1000,138000
138,1000,139000
139,1000,140000
140,1000,141000
141,1000,142000
142,1000,143000
143,1000,144000
144,1000,145000
145,1000,146000
146,1000,147000
147,1000,148000
148,1000,149000
149,1000,150000
150,1000,151000
151,1000,152000
152,1000,153000
153,1000,154000
154,1000,155000
155,1000,156000
156,1000,157000
157,1000,158000
158,1000,159000
159,1000,160000
160,1000,161000
161,1000,162000
162,1000,163000
163,1000,164000
164,1000,165000
165,1000,166000
166,1000,167000
167,1000,168000
168,1000,169000
169,1000,170000
170,1000,171000
171,1000,172000
172,1000,173000
173,1000,174000
174,1000,175000
175,1000,176000
176,1000,177000
177,1000,178000
178,1000,179000
179,1000,180000
180,1000,181000
181,1000,182000
182,1000,183000
183,1000,184000
184,1000,185000
185,1000,186000
186,1000,187000
187,1000,188000
188,1000,189000
189,1000,190000
190,1000,191000
191,1000,192000
192,1000,193000
193,1000,194000
194,1000,195000
195,1000,196000
196,1000,197000
197,1000,198000
198,1000,199000
199,1000,200000
200,1000,201000
201,1000,202000
202,1000,203000
203,1000,204000
204,1000,205000
205,1000,206000
206,1000,207000
207,1000,208000
208,1000,209000
209,1000,210000
210,1000,211000
211,1000,212000
212,1000,213000
213,1000,214000
214,1000,215000
215,1000,216000
216,1000,217000
217,1000,218000
218,1000,219000
219,1000,220000
220,1000,221000
221,1000,222000
222,1000,223000
223,1000,224000
224,1000,225000
225,1000,226000
226,1000,227000
227,1000,228000
228,1000,229000
229,1000,230000
230,1000,231000
231,1000,232000
232,1000,233000
233,1000,234000
234,1000,235000
235,1000,236000
236,1000,237000
237,1000,238000
238,1000,239000
239,1000,240000
240,1000,241000
241,1000,242000
242,1000,243000
243,1000,244000
244,1000,245000
245,1000,246000
246,1000,247000
247,1000,248000
248,1000,249000
249,1000,250000
250,1000,251000
251,1000,252000
252,1000,253000
253,1000,254000
254,1000,255000
255,1000,256000
256,1000,257000
257,1000,258000
258,1000,259000
259,1000,260000
260,1000,261000
261,1000,262000
262,1000,263000
263,1000,264000
264,1000,265000
265,1000,266000
266,1000,267000
267,1000,268000
268,1000,269000
269,1000,270000
270,1000,271000
271,1000,272000
272,1000,273000
273,1000,274000
274,1000,275000
275,1000,276000
276,1000,277000
277,1000,278000
278,1000,279000
279,1000,280000
280,1000,281000
281,1000,282000
282,1000,283000
283,1000,284000
284,1000,285000
285,1000,286000
286,1000,287000
287,1000,288000
288,1000,289000
289,1000,290000
290,1000,291000
291,1000,292000
292,1000,293000
293,1000,294000
294,1000,295000
295,1000,296000
296,1000,297000
297,1000,298000
298,1000,299000
299,1000,300000
300,1000,301000
301,1000,302000
302,1000,303000
303,1000,304000
304,1000,305000
305,1000,306000
306,1000,307000
307,1000,308000
308,1000,309000
309,1000,310000
310,1000,311000
311,1000,312000
312,1000,313000
313,1000,314000
314,1000,315000
315,1000,316000
316,1000,317000
317,1000,318000
318,1000,319000
319,1000,320000
320,1000,321000
321,1000,322000
322,1000,323000
323,1000,324000
324,1000,325000
325,1000,326000
326,1000,327000
327,1000,328000
328,1000,329000
329,1000,330000
330,1000,331000
331,1000,332000
332,1000,333000
333,1000,334000
334,1000,335000
335,1000,336000
336,1000,337000
337,1000,338000
338,1000,339000
339,1000,340000
340,1000,341000
341,1000,342000
342,1000,343000
343,1000,344000
344,1000,345000
345,1000,346000
346,1000,347000
347,1000,348000
348,1000,349000
349,1000,350000
350,1000,351000
351,1000,352000
352,1000,353000
353,1000,354000
354,1000,355000
355,1000,356000
356,1000,357000
357,1000,358000
358,1000,359000
359,1000,360000
360,1000,361000
361,1000,362000
362,1000,363000
363,1000,364000
364,1000,365000
365,1000,366000
366,1000,367000
367,1000,368000
368,1000,369000
369,1000,370000
370,1000,371000
371,1000,372000
372,1000,373000
373,1000,374000
374,1000,375000
375,1000,376000
376,1000,377000
377,1000,378000
378,1000,379000
379,1000,380000
380,1000,381000
381,1000,382000
382,1000,383000
383,1000,384000
384,1000,385000
385,1000,386000
386,1000,387000
387,1000,388000
388,1000,389000
389,1000,390000
390,1000,391000
391,1000,392000
392,1000,393000
393,1000,394000
394,1000,395000
395,1000,396000
396,1000,397000
397,1000,398000
398,1000,399000
399,1000,400000
400,1000,401000
401,1000,402000
402,1000,403000
403,1000,404000
404,1000,405000
405,1000,406000
406,1000,407000
407,1000,408000
408,1000,409000
409,1000,410000
410,1000,411000
411,1000,412000
412,1000,413000
413,1000,414000
414,1000,415000
415,1000,416000
416,1000,417000
417,1000,418000
418,1000,419000
419,1000,420000
420,1000,421000
421,1000,422000
422,1000,423000
423,1000,424000
424,1000,425000
425,1000,426000
426,1000,427000
427,1000,428000
428,1000,429000
429,1000,430000
430,1000,431000
431,1000,432000
432,1000,433000
433,1000,434000
434,1000,435000
435,1000,436000
436,1000,437000
437,1000,438000
438,1000,439000
439,1000,440000
440,1000,441000
441,1000,442000
442,1000,443000
443,1000,444000
444,1000,445000
445,1000,446000
446,1000,447000
447,1000,448000
448,1000,449000
449,1000,450000
450,1000,451000
451,1000,452000
452,1000,453000
453,1000,454000
454,1000,455000
455,1000,456000
456,1000,457000
457,1000,458000
458,1000,459000
459,1000,460000
460,1000,461000
461,1000,462000
462,1000,463000
463,1000,464000
464,1000,465000
465,1000,466000
466,1000,467000
467,1000,468000
468,1000,469000
469,1000,470000
470,1000,471000
471,1000,472000
472,1000,473000
473,1000,474000
474,1000,475000
475,1000,476000
476,1000,477000
477,1000,478000
478,1000,479000
479,1000,480000
480,1000,481000
481,1000,482000
482,1000,483000
483,1000,484000
484,1000,485000
485,1000,486000
486,1000,487000
487,1000,488000
488,1000,489000
489,1000,490000
490,1000,491000
491,1000,492000
492,1000,493000
493,1000,494000
494,1000,495000
495,1000,496000
496,1000,497000
497,1000,498000
498,1000,499000
499,1000,500000
500,1000,501000
501,1000,502000
502,1000,503000
503,1000,504000
504,1000,505000
505,1000,506000
506,1000,507000
507,1000,508000
508,1000,509000
509,1000,510000
510,1000,511000
511,1000,512000
512,1000,513000
513,1000,514000
514,1000,515000
515,1000,516000
516,1000,517000
517,1000,518000
518,1000,519000
519,1000,520000
520,1000,521000
521,1000,522000
522,1000,523000
523,1000,524000
524,1000,525000
525,1000,526000
526,1000,527000
527,1000,528000
528,1000,529000
529,1000,530000
530,1000,531000
531,1000,532000
532,1000,533000
533,1000,534000
534,1000,535000
535,1000,536000
536,1000,537000
537,1000,538000
538,1000,539000
539,1000,540000
540,1000,541000
541,1000,542000
542,1000,543000
543,1000,544000
544,1000,545000
545,1000,546000
546,1000,547000
547,1000,548000
548,1000,549000
549,1000,550000
550,1000,551000
551,1000,552000
552,1000,553000
553,1000,554000
554,1000,555000
555,1000,556000
556,1000,557000
557,1000,558000
558,1000,559000
559,1000,560000
560,1000,561000
561,1000,562000
562,1000,563000
563,1000,564000
564,1000,565000
565,1000,566000
566,1000,567000
567,1000,568000
568,1000,569000
569,1000,570000
570,1000,571000
571,1000,572000
572,1000,573000
573,1000,574000
574,1000,575000
575,1000,576000
576,1000,577000
577,1000,578000
578,1000,579000
579,1000,580000
580,1000,581000
581,1000,582000
582,1000,583000
583,1000,584000
584,1000,585000
585,1000,586000
586,1000,587000
587,1000,588000
588,1000,589000
589,1000,590000
590,1000,591000
591,1000,592000
592,1000,593000
593,1000,594000
594,1000,595000
595,1000,596000
596,1000,597000
597,1000,598000
598,1000,599000
599,1000,600000
600,1000,601000
601,1000,602000
602,1000,603000
603,1000,604000
604,1000,605000
605,1000,606000
606,1000,607000
607,1000,608000
608,1000,609000
609,1000,610000
610,1000,611000
611,1000,612000
612,1000,613000
613,1000,614000
614,1000,615000
615,1000,616000
616,1000,617000
617,1000,618000
618,1000,619000
619,1000,620000
620,1000,621000
621,1000,622000
622,1000,623000
623,1000,624000
624,1000,625000
625,1000,626000
626,1000,627000
627,1000,628000
628,1000,629000
629,1000,630000
630,1000,631000
631,1000,632000
632,1000,633000
633,1000,634000
634,1000,635000
635,1000,636000
636,1000,637000
637,1000,638000
638,1000,639000
639,1000,640000
640,1000,641000
641,1000,642000
642,1000,643000
643,1000,644000
644,1000,645000
645,1000,646000
646,1000,647000
647,1000,648000
648,1000,649000
649,1000,650000
650,1000,651000
651,1000,652000
652,1000,653000
653,1000,654000
654,1000,655000
655,1000,656000
656,1000,657000
657,1000,658000
658,1000,659000
659,1000,660000
660,1000,661000
661,1000,662000
662,1000,663000
663,1000,664000
664,1000,665000
665,1000,666000
666,1000,667000
667,1000,668000
668,1000,669000
669,1000,670000
670,1000,671000
671,1000,672000
672,1000,673000
673,1000,674000
674,1000,675000
675,1000,676000
676,1000,677000
677,1000,678000
678,1000,679000
679,1000,680000
680,1000,681000
681,1000,682000
682,1000,683000
683,1000,684000
684,1000,685000
685,1000,686000
686,1000,687000
687,1000,688000
688,1000,689000
689,1000,690000
690,1000,691000
691,1000,692000
692,1000,693000
693,1000,694000
694,1000,695000
695,1000,696000
696,1000,697000
697,1000,698000
698,1000,699000
699,1000,700000
700,1000,701000
701,1000,702000
702,1000,703000
703,1000,704000
704,1000,705000
705,1000,706000
706,1000,707000
707,1000,708000
708,1000,709000
709,1000,710000
710,1000,711000
711,1000,712000
712,1000,713000
713,1000,714000
714,1000,715000
715,1000,716000
716,1000,717000
717,1000,718000
718,1000,719000
719,1000,720000
720,1000,721000
721,1000,722000
722,1000,723000
723,1000,724000
724,1000,725000
725,1000,726000
726,1000,727000
727,1000,728000
728,1000,729000
729,1000,730000
730,1000,731000
731,1000,732000
732,1000,733000
733,1000,734000
734,1000,735000
735,1000,736000
736,1000,737000
737,1000,738000
738,1000,739000
739,1000,740000
740,1000,741000
741,1000,742000
742,1000,743000
743,1000,744000
744,1000,745000
745,1000,746000
746,1000,747000
747,1000,748000
748,1000,749000
749,1000,750000
750,1000,751000
751,1000,752000
752,1000,753000
753,1000,754000
754,1000,755000
755,1000,756000
756,1000,757000
757,1000,758000
758,1000,759000
759,1000,760000
760,1000,761000
761,1000,762000
762,1000,763000
763,1000,764000
764,1000,765000
765,1000,766000
766,1000,767000
767,1000,768000
768,1000,769000
769,1000,770000
770,1000,771000
771,1000,772000
772,1000,773000
773,1000,774000
774,1000,775000
775,1000,776000
776,1000,777000
777,1000,778000
778,1000,779000
779,1000,780000
780,1000,781000
781,1000,782000
782,1000,783000
783,1000,784000
784,1000,785000
785,1000,786000
786,1000,787000
787,1000,788000
788,1000,789000
789,1000,790000
790,1000,791000
791,1000,792000
792,1000,793000
793,1000,794000
794,1000,795000
795,1000,796000
796,1000,797000
797,1000,798000
798,1000,799000
799,1000,800000
800,1000,801000
801,1000,802000
802,1000,803000
803,1000,804000
804,1000,805000
805,1000,806000
806,1000,807000
807,1000,808000
808,1000,809000
809,1000,810000
810,1000,811000
811,1000,812000
812,1000,813000
813,1000,814000
814,1000,815000
815,1000,816000
816,1000,817000
817,1000,818000
818,1000,819000
819,1000,820000
820,1000,821000
821,1000,822000
822,1000,823000
823,1000,824000
824,1000,825000
825,1000,826000
826,1000,827000
827,1000,828000
828,1000,829000
829,1000,830000
830,1000,831000
831,1000,832000
832,1000,833000
833,1000,834000
834,1000,835000
835,1000,836000
836,1000,837000
837,1000,838000
838,1000,839000
839,1000,840000
840,1000,841000
841,1000,842000
842,1000,843000
843,1000,844000
844,1000,845000
845,1000,846000
846,1000,847000
847,1000,848000
848,1000,849000
849,1000,850000
850,1000,851000
851,1000,852000
852,1000,853000
853,1000,854000
854,1000,855000
855,1000,856000
856,1000,857000
857,1000,858000
858,1000,859000
859,1000,860000
860,1000,861000
861,1000,862000
862,1000,863000
863,1000,864000
864,1000,865000
865,1000,866000
866,1000,867000
867,1000,868000
868,1000,869000
869,1000,870000
870,1000,871000
871,1000,872000
872,1000,873000
873,1000,874000
874,1000,875000
875,1000,876000
876,1000,877000
877,1000,878000
878,1000,879000
879,1000,880000
880,1000,881000
881,1000,882000
882,1000,883000
883,1000,884000
884,1000,885000
885,1000,886000
886,1000,887000
887,1000,888000
888,1000,889000
889,1000,890000
890,1000,891000
891,1000,892000
892,1000,893000
893,1000,894000
894,1000,895000
895,1000,896000
896,1000,897000
897,1000,898000
898,1000,899000
899,1000,900000
900,1000,901000
901,1000,902000
902,1000,903000
903,1000,904000
904,1000,905000
905,1000,906000
906,1000,907000
907,1000,908000
908,1000,909000
909,1000,910000
910,1000,911000
911,1000,912000
912,1000,913000
913,1000,914000
914,1000,915000
915,1000,916000
916,1000,917000
917,1000,918000
918,1000,919000
919,1000,920000
920,1000,921000
921,1000,922000
922,1000,923000
923,1000,924000
924,1000,925000
925,1000,926000
926,1000,927000
927,1000,928000
928,1000,929000
929,1000,930000
930,1000,931000
931,1000,932000
932,1000,933000
933,1000,934000
934,1000,935000
935,1000,936000
936,1000,937000
937,1000,938000
938,1000,939000
939,1000,940000
940,1000,941000
941,1000,942000
942,1000,943000
943,1000,944000
944,1000,945000
945,1000,946000
946,1000,947000
947,1000,948000
948,1000,949000
949,1000,950000
950,1000,951000
951,1000,952000
952,1000,953000
953,1000,954000
954,1000,955000
955,1000,956000
956,1000,957000
957,1000,958000
958,1000,959000
959,1000,960000
960,1000,961000
961,1000,962000
962,1000,963000
963,1000,964000
964,1000,965000
965,1000,966000
966,1000,967000
967,1000,968000
968,1000,969000
969,1000,970000
970,1000,971000
971,1000,972000
972,1000,973000
973,1000,974000
974,1000,975000
975,1000,976000
976,1000,977000
977,1000,978000
978,1000,979000
979,1000,980000
980,1000,981000
981,1000,982000
982,1000,983000
983,1000,984000
984,1000,985000
985,1000,986000
986,1000,987000
987,1000,988000
988,1000,989000
989,1000,990000
990,1000,991000
991,1000,992000
992,1000,993000
993,1000,994000
994,1000,995000
995,1000,996000
996,1000,997000
997,1000,998000
998,1000,999000
999,1000,1000000
1000,1000,1001000
1001,1000,1002000
1002,1000,1003000
1003,1000,1004000
1004,1000,1005000
1005,1000,1006000
1006,1000,1007000
1007,1000,1008000
1008,1000,1009000
1009,1000,1010000
1010,1000,1011000
1011,1000,1012000
1012,1000,1013000
1013,1000,1014000
1014,1000,1015000
1015,1000,1016000
1016,1000,1017000
1017,1000,1018000
1018,1000,1019000
1019,1000,1020000
1020,1000,1021000
1021,1000,1022000
1022,1000,1023000
1023,1000,1024000
1024,1000,1025000
1025,1000,1026000
1026,1000,1027000
1027,1000,1028000
1028,1000,1029000
1029,1000,1030000
1030,1000,1031000
1031,1000,1032000
1032,1000,1033000
1033,1000,1034000
1034,1000,1035000
1035,1000,1036000
1036,1000,1037000
1037,1000,1038000
1038,1000,1039000
1039,1000,1040000
1040,1000,1041000
1041,1000,1042000
1042,1000,1043000
1043,1000,1044000
1044,1000,1045000
1045,1000,1046000
1046,1000,1047000
1047,1000,1048000
1048,1000,1049000
1049,1000,1050000
1050,1000,1051000
1051,1000,1052000
1052,1000,1053000
1053,1000,1054000
1054,1000,1055000
1055,1000,1056000
1056,1000,1057000
1057,1000,1058000
1058,1000,1059000
1059,1000,1060000
1060,1000,1061000
1061,1000,1062000
1062,1000,1063000
1063,1000,1064000
1064,1000,1065000
1065,1000,1066000
1066,1000,1067000
1067,1000,1068000
1068,1000,1069000
1069,1000,1070000
1070,1000,1071000
1071,1000,1072000
1072,1000,1073000
1073,1000,1074000
1074,1000,1075000
1075,1000,1076000
1076,1000,1077000
1077,1000,1078000
1078,1000,1079000
1079,1000,1080000
1080,1000,1081000
1081,1000,1082000
1082,1000,1083000
1083,1000,1084000
1084,1000,1085000
1085,1000,1086000
1086,1000,1087000
1087,1000,1088000
1088,1000,1089000
1089,1000,1090000
1090,1000,1091000
1091,1000,1092000
1092,1000,1093000
1093,1000,1094000
1094,1000,1095000
1095,1000,1096000
1096,1000,1097000
1097,1000,1098000
1098,1000,1099000
1099,1000,1100000
1100,1000,1101000
1101,1000,1102000
1102,1000,1103000
1103,1000,1104000
1104,1000,1105000
1105,1000,1106000
1106,1000,1107000
1107,1000,1108000
1108,1000,1109000
1109,1000,1110000
1110,1000,1111000
1111,1000,1112000
1112,1000,1113000
1113,1000,1114000
1114,1000,1115000
1115,1000,1116000
1116,1000,1117000
1117,1000,1118000
1118,1000,1119000
1119,1000,1120000
1120,1000,1121000
1121,1000,1122000
1122,1000,1123000
1123,1000,1124000
1124,1000,1125000
1125,1000,1126000
1126,1000,1127000
1127,1000,1128000
1128,1000,1129000
1129,1000,1130000
1130,1000,1131000
1131,1000,1132000
1132,1000,1133000
1133,1000,1134000
1134,1000,1135000
1135,1000,1136000
1136,1000,1137000
1137,1000,1138000
1138,1000,1139000
1139,1000,1140000
1140,1000,1141000
1141,1000,1142000
1142,1000,1143000
1143,1000,1144000
1144,1000,1145000
1145,1000,1146000
1146,1000,1147000
1147,1000,1148000
1148,1000,1149000
1149,1000,1150000
1150,1000,1151000
1151,1000,1152000
1152,1000,1153000
1153,1000,1154000
1154,1000,1155000
1155,1000,1156000
1156,1000,1157000
1157,1000,1158000
1158,1000,1159000
1159,1000,1160000
1160,1000,1161000
1161,1000,1162000
1162,1000,1163000
1163,1000,1164000
1164,1000,1165000
1165,1000,1166000
1166,1000,1167000
1167,1000,1168000
1168,1000,1169000
1169,1000,1170000
1170,1000,1171000
1171,1000,1172000
1172,1000,1173000
1173,1000,1174000
1174,1000,1175000
1175,1000,1176000
1176,1000,1177000
1177,1000,1178000
1178,1000,1179000
1179,1000,1180000
1180,1000,1181000
1181,1000,1182000
1182,1000,1183000
1183,1000,1184000
1184,1000,1185000
1185,1000,1186000
1186,1000,1187000
1187,1000,1188000
1188,1000,1189000
1189,1000,1190000
1190,1000,1191000
1191,1000,1192000
1192,1000,1193000
1193,1000,1194000
1194,1000,1195000
1195,1000,1196000
1196,1000,1197000
1197,1000,1198000
1198,1000,1199000
1199,1000,1200000
1200,1000,1201000
1201,1000,1202000
1202,1000,1203000
1203,1000,1204000
1204,1000,1205000
1205,1000,1206000
1206,1000,1207000
1207,1000,1208000
1208,1000,1209000
1209,1000,1210000
1210,1000,1211000
1211,1000,1212000
1212,1000,1213000
1213,1000,1214000
1214,1000,1215000
1215,1000,1216000
1216,1000,1217000
1217,1000,1218000
1218,1000,1219000
1219,1000,1220000
1220,1000,1221000
1221,1000,1222000
1222,1000,1223000
1223,1000,1224000
1224,1000,1225000
1225,1000,1226000
1226,1000,1227000
1227,1000,1228000
1228,1000,1229000
1229,1000,1230000
1230,1000,1231000
1231,1000,1232000
1232,1000,1233000
1233,1000,1234000
1234,1000,1235000
1235,1000,1236000
1236,1000,1237000
1237,1000,1238000
1238,1000,1239000
1239,1000,1240000
1240,1000,1241000
1241,1000,1242000
1242,1000,1243000
1243,1000,1244000
1244,1000,1245000
1245,1000,1246000
1246,1000,1247000
1247,1000,1248000
1248,1000,1249000
1249,1000,1250000
1250,1000,1251000
1251,1000,1252000
1252,1000,1253000
1253,1000,1254000
1254,1000,1255000
1255,1000,1256000
1256,1000,1257000
1257,1000,1258000
1258,1000,1259000
1259,1000,1260000
1260,1000,1261000
1261,1000,1262000
1262,1000,1263000
1263,1000,1264000
1264,1000,1265000
1265,1000,1266000
1266,1000,1267000
1267,1000,1268000
1268,1000,1269000
1269,1000,1270000
1270,1000,1271000
1271,1000,1272000
1272,1000,1273000
1273,1000,1274000
1274,1000,1275000
1275,1000,1276000
1276,1000,1277000
1277,1000,1278000
1278,1000,1279000
1279,1000,1280000
1280,1000,1281000
1281,1000,1282000
1282,1000,1283000
1283,1000,1284000
1284,1000,1285000
1285,1000,1286000
1286,1000,1287000
1287,1000,1288000
1288,1000,1289000
1289,1000,1290000
1290,1000,1291000
1291,1000,1292000
1292,1000,1293000
1293,1000,1294000
1294,1000,1295000
1295,1000,1296000
1296,1000,1297000
1297,1000,1298000
1298,1000,1299000
1299,1000,1300000
1300,1000,1301000
1301,1000,1302000
1302,1000,1303000
1303,1000,1304000
1304,1000,1305000
1305,1000,1306000
1306,1000,1307000
1307,1000,1308000
1308,1000,1309000
1309,1000,1310000
1310,1000,1311000
1311,1000,1312000
1312,1000,1313000
1313,1000,1314000
1314,1000,1315000
1315,1000,1316000
1316,1000,1317000
1317,1000,1318000
1318,1000,1319000
1319,1000,1320000
1320,1000,1321000
1321,1000,1322000
1322,1000,1323000
1323,1000,1324000
1324,1000,1325000
1325,1000,1326000
1326,1000,1327000
1327,1000,1328000
1328,1000,1329000
1329,1000,1330000
1330,1000,1331000
1331,1000,1332000
1332,1000,1333000
1333,1000,1334000
1334,1000,1335000
1335,1000,1336000
1336,1000,1337000
1337,1000,1338000
1338,1000,1339000
1339,1000,1340000
1340,1000,1341000
1341,1000,1342000
1342,1000,1343000
1343,1000,1344000
1344,1000,1345000
1345,1000,1346000
1346,1000,1347000
1347,1000,1348000
1348,1000,1349000
1349,1000,1350000
1350,1000,1351000
1351,1000,1352000
1352,1000,1353000
1353,1000,1354000
1354,1000,1355000
1355,1000,1356000
1356,1000,1357000
1357,1000,1358000
1358,1000,1359000
1359,1000,1360000
1360,1000,1361000
1361,1000,1362000
1362,1000,1363000
1363,1000,1364000
1364,1000,1365000
1365,1000,1366000
1366,1000,1367000
1367,1000,1368000
1368,1000,1369000
1369,1000,1370000
1370,1000,1371000
1371,1000,1372000
1372,1000,1373000
1373,1000,1374000
1374,1000,1375000
1375,1000,1376000
1376,1000,1377000
1377,1000,1378000
1378,1000,1379000
1379,1000,1380000
1380,1000,1381000
1381,1000,1382000
1382,1000,1383000
1383,1000,1384000
1384,1000,1385000
1385,1000,1386000
1386,1000,1387000
1387,1000,1388000
1388,1000,1389000
1389,1000,1390000
1390,1000,1391000
1391,1000,1392000
1392,1000,1393000
1393,1000,1394000
1394,1000,1395000
1395,1000,1396000
1396,1000,1397000
1397,1000,1398000
1398,1000,1399000
1399,1000,1400000
1400,1000,1401000
1401,1000,1402000
1402,1000,1403000
1403,1000,1404000
1404,1000,1405000
1405,1000,1406000
1406,1000,1407000
1407,1000,1408000
1408,1000,1409000
1409,1000,1410000
1410,1000,1411000
1411,1000,1412000
1412,1000,1413000
1413,1000,1414000
1414,1000,1415000
1415,1000,1416000
1416,1000,1417000
1417,1000,1418000
1418,1000,1419000
1419,1000,1420000
1420,1000,1421000
1421,1000,1422000
1422,1000,1423000
1423,1000,1424000
1424,1000,1425000
1425,1000,1426000
1426,1000,1427000
1427,1000,1428000
1428,1000,1429000
1429,1000,1430000
1430,1000,1431000
1431,1000,1432000
1432,1000,1433000
1433,1000,1434000
1434,1000,1435000
1435,1000,1436000
1436,1000,1437000
1437,1000,1438000
1438,1000,1439000
1439,1000,1440000
1440,1000,1441000
1441,1000,1442000
1442,1000,1443000
1443,1000,1444000
1444,1000,1445000
1445,1000,1446000
1446,1000,1447000
1447,1000,1448000
1448,1000,1449000
1449,1000,1450000
1450,1000,1451000
1451,1000,1452000
1452,1000,1453000
1453,1000,1454000
1454,1000,1455000
1455,1000,1456000
1456,1000,1457000
1457,1000,1458000
1458,1000,1459000
1459,1000,1460000
1460,1000,1461000
1461,1000,1462000
1462,1000,1463000
1463,1000,1464000
1464,1000,1465000
1465,1000,1466000
1466,1000,1467000
1467,1000,1468000
1468,1000,1469000
1469,1000,1470000
1470,1000,1471000
1471,1000,1472000
1472,1000,1473000
1473,1000,1474000
1474,1000,1475000
1475,1000,1476000
1476,1000,1477000
1477,1000,1478000
1478,1000,1479000
1479,1000,1480000
1480,1000,1481000
1481,1000,1482000
1482,1000,1483000
1483,1000,1484000
1484,1000,1485000
1485,1000,1486000
1486,1000,1487000
1487,1000,1488000
1488,1000,1489000
1489,1000,1490000
1490,1000,1491000
1491,1000,1492000
1492,1000,1493000
1493,1000,1494000
1494,1000,1495000
1495,1000,1496000
1496,1000,1497000
1497,1000,1498000
1498,1000,1499000
1499,1000,1500000
1500,1000,1501000
1501,1000,1502000
1502,1000,1503000
1503,1000,1504000
1504,1000,1505000
1505,1000,1506000
1506,1000,1507000
1507,1000,1508000
1508,1000,1509000
1509,1000,1510000
1510,1000,1511000
1511,1000,1512000
1512,1000,1513000
1513,1000,1514000
1514,1000,1515000
1515,1000,1516000
1516,1000,1517000
1517,1000,1518000
1518,1000,1519000
1519,1000,1520000
1520,1000,1521000
1521,1000,1522000
1522,1000,1523000
1523,1000,1524000
1524,1000,1525000
1525,1000,1526000
1526,1000,1527000
1527,1000,1528000
1528,1000,1529000
1529,1000,1530000
1530,1000,1531000
1531,1000,1532000
1532,1000,1533000
1533,1000,1534000
1534,1000,1535000
1535,1000,1536000
1536,1000,1537000
1537,1000,1538000
1538,1000,1539000
1539,1000,1540000
1540,1000,1541000
1541,1000,1542000
1542,1000,1543000
1543,1000,1544000
1544,1000,1545000
1545,1000,1546000
1546,1000,1547000
1547,1000,1548000
1548,1000,1549000
1549,1000,1550000
1550,1000,1551000
1551,1000,1552000
1552,1000,1553000
1553,1000,1554000
1554,1000,1555000
1555,1000,1556000
1556,1000,1557000
1557,1000,1558000
1558,1000,1559000
1559,1000,1560000
1560,1000,1561000
1561,1000,1562000
1562,1000,1563000
1563,1000,1564000
1564,1000,1565000
1565,1000,1566000
1566,1000,1567000
1567,1000,1568000
1568,1000,1569000
1569,1000,1570000
1570,1000,1571000
1571,1000,1572000
1572,1000,1573000
1573,1000,1574000
1574,1000,1575000
1575,1000,1576000
1576,1000,1577000
1577,1000,1578000
1578,1000,1579000
1579,1000,1580000
1580,1000,1581000
1581,1000,1582000
1582,1000,1583000
1583,1000,1584000
1584,1000,1585000
1585,1000,1586000
1586,1000,1587000
1587,1000,1588000
1588,1000,1589000
1589,1000,1590000
1590,1000,1591000
1591,1000,1592000
1592,1000,1593000
1593,1000,1594000
1594,1000,1595000
1595,1000,1596000
1596,1000,1597000
1597,1000,1598000
1598,1000,1599000
1599,1000,1600000
1600,1000,1601000
1601,1000,1602000
1602,1000,1603000
1603,1000,1604000
1604,1000,1605000
1605,1000,1606000
1606,1000,1607000
1607,1000,1608000
1608,1000,1609000
1609,1000,1610000
1610,1000,1611000
1611,1000,1612000
1612,1000,1613000
1613,1000,1614000
1614,1000,1615000
1615,1000,1616000
1616,1000,1617000
1617,1000,1618000
1618,1000,1619000
1619,1000,1620000
1620,1000,1621000
1621,1000,1622000
1622,1000,1623000
1623,1000,1624000
1624,1000,1625000
1625,1000,1626000
1626,1000,1627000
1627,1000,1628000
1628,1000,1629000
1629,1000,1630000
1630,1000,1631000
1631,1000,1632000
1632,1000,1633000
1633,1000,1634000
1634,1000,1635000
1635,1000,1636000
1636,1000,1637000
1637,1000,1638000
1638,1000,1639000
1639,1000,1640000
1640,1000,1641000
1641,1000,1642000
1642,1000,1643000
1643,1000,1644000
1644,1000,1645000
1645,1000,1646000
1646,1000,1647000
1647,1000,1648000
1648,1000,1649000
1649,1000,1650000
1650,1000,1651000
1651,1000,1652000
1652,1000,1653000
1653,1000,1654000
1654,1000,1655000
1655,1000,1656000
1656,1000,1657000
1657,1000,1658000
1658,1000,1659000
1659,1000,1660000
1660,1000,1661000
1661,1000,1662000
1662,1000,1663000
1663,1000,1664000
1664,1000,1665000
1665,1000,1666000
1666,1000,1667000
1667,1000,1668000
1668,1000,1669000
1669,1000,1670000
1670,1000,1671000
1671,1000,1672000
1672,1000,1673000
1673,1000,1674000
1674,1000,1675000
1675,1000,1676000
1676,1000,1677000
1677,1000,1678000
1678,1000,1679000
1679,1000,1680000
1680,1000,1681000
1681,1000,1682000
1682,1000,1683000
1683,1000,1684000
1684,1000,1685000
1685,1000,1686000
1686,1000,1687000
1687,1000,1688000
1688,1000,1689000
1689,1000,1690000
1690,1000,1691000
1691,1000,1692000
1692,1000,1693000
1693,1000,1694000
1694,1000,1695000
1695,1000,1696000
1696,1000,1697000
1697,1000,1698000
1698,1000,1699000
1699,1000,1700000
1700,1000,1701000
1701,1000,1702000
1702,1000,1703000
1703,1000,1704000
1704,1000,1705000
1705,1000,1706000
1706,1000,1707000
1707,1000,1708000
1708,1000,1709000
1709,1000,1710000
1710,1000,1711000
1711,1000,1712000
1712,1000,1713000
1713,1000,1714000
1714,1000,1715000
1715,1000,1716000
1716,1000,1717000
1717,1000,1718000
1718,1000,1719000
1719,1000,1720000
1720,1000,1721000
1721,1000,1722000
1722,1000,1723000
1723,1000,1724000
1724,1000,1725000
1725,1000,1726000
1726,1000,1727000
1727,1000,1728000
1728,1000,1729000
1729,1000,1730000
1730,1000,1731000
1731,1000,1732000
1732,1000,1733000
1733,1000,1734000
1734,1000,1735000
1735,1000,1736000
1736,1000,1737000
1737,1000,1738000
1738,1000,1739000
1739,1000,1740000
1740,1000,1741000
1741,1000,1742000
1742,1000,1743000
1743,1000,1744000
1744,1000,1745000
1745,1000,1746000
1746,1000,1747000
1747,1000,1748000
1748,1000,1749000
1749,1000,1750000
1750,1000,1751000
1751,1000,1752000
1752,1000,1753000
1753,1000,1754000
1754,1000,1755000
1755,1000,1756000
1756,1000,1757000
1757,1000,1758000
1758,1000,1759000
1759,1000,1760000
1760,1000,1761000
1761,1000,1762000
1762,1000,1763000
1763,1000,1764000
1764,1000,1765000
1765,1000,1766000
1766,1000,1767000
1767,1000,1768000
1768,1000,1769000
1769,1000,1770000
1770,1000,1771000
1771,1000,1772000
1772,1000,1773000
1773,1000,1774000
1774,1000,1775000
1775,1000,1776000
1776,1000,1777000
1777,1000,1778000
1778,1000,1779000
1779,1000,1780000
1780,1000,1781000
1781,1000,1782000
1782,1000,1783000
1783,1000,1784000
1784,1000,1785000
1785,1000,1786000
1786,1000,1787000
1787,1000,1788000
1788,1000,1789000
1789,1000,1790000
1790,1000,1791000
1791,1000,1792000
1792,1000,1793000
1793,1000,1794000
1794,1000,1795000
1795,1000,1796000
1796,1000,1797000
1797,1000,1798000
1798,1000,1799000
1799,1000,1800000
1800,1000,1801000
1801,1000,1802000
1802,1000,1803000
1803,1000,1804000
1804,1000,1805000
1805,1000,1806000
1806,1000,1807000
1807,1000,1808000
1808,1000,1809000
1809,1000,1810000
1810,1000,1811000
1811,1000,1812000
1812,1000,1813000
1813,1000,1814000
1814,1000,1815000
1815,1000,1816000
1816,1000,1817000
1817,1000,1818000
1818,1000,1819000
1819,1000,1820000
1820,1000,1821000
1821,1000,1822000
1822,1000,1823000
1823,1000,1824000
1824,1000,1825000
1825,1000,1826000
1826,1000,1827000
1827,1000,1828000
1828,1000,1829000
1829,1000,1830000
1830,1000,1831000
1831,1000,1832000
1832,1000,1833000
1833,1000,1834000
1834,1000,1835000
1835,1000,1836000
1836,1000,1837000
1837,1000,1838000
1838,1000,1839000
1839,1000,1840000
1840,1000,1841000
1841,1000,1842000
1842,1000,1843000
1843,1000,1844000
1844,1000,1845000
1845,1000,1846000
1846,1000,1847000
1847,1000,1848000
1848,1000,1849000
1849,1000,1850000
1850,1000,1851000
1851,1000,1852000
1852,1000,1853000
1853,1000,1854000
1854,1000,1855000
1855,1000,1856000
1856,1000,1857000
1857,1000,1858000
1858,1000,1859000
1859,1000,1860000
1860,1000,1861000
1861,1000,1862000
1862,1000,1863000
1863,1000,1864000
1864,1000,1865000
1865,1000,1866000
1866,1000,1867000
1867,1000,1868000
1868,1000,1869000
1869,1000,1870000
1870,1000,1871000
1871,1000,1872000
1872,1000,1873000
1873,1000,1874000
1874,1000,1875000
1875,1000,1876000
1876,1000,1877000
1877,1000,1878000
1878,1000,1879000
1879,1000,1880000
1880,1000,1881000
1881,1000,1882000
1882,1000,1883000
1883,1000,1884000
1884,1000,1885000
1885,1000,1886000
1886,1000,1887000
1887,1000,1888000
1888,1000,1889000
1889,1000,1890000
1890,1000,1891000
1891,1000,1892000
1892,1000,1893000
1893,1000,1894000
1894,1000,1895000
1895,1000,1896000
1896,1000,1897000
1897,1000,1898000
1898,1000,1899000
1899,1000,1900000
1900,1000,1901000
1901,1000,1902000
1902,1000,1903000
1903,1000,1904000
1904,1000,1905000
1905,1000,1906000
1906,1000,1907000
1907,1000,1908000
1908,1000,1909000
1909,1000,1910000
1910,1000,1911000
1911,1000,1912000
1912,1000,1913000
1913,1000,1914000
1914,1000,1915000
1915,1000,1916000
1916,1000,1917000
1917,1000,1918000
1918,1000,1919000
1919,1000,1920000
1920,1000,1921000
1921,1000,1922000
1922,1000,1923000
1923,1000,1924000
1924,1000,1925000
1925,1000,1926000
1926,1000,1927000
1927,1000,1928000
1928,1000,1929000
1929,1000,1930000
1930,1000,1931000
1931,1000,1932000
1932,1000,1933000
1933,1000,1934000
1934,1000,1935000
1935,1000,1936000
1936,1000,1937000
1937,1000,1938000
1938,1000,1939000
1939,1000,1940000
1940,1000,1941000
1941,1000,1942000
1942,1000,1943000
1943,1000,1944000
1944,1000,1945000
1945,1000,1946000
1946,1000,1947000
1947,1000,1948000
1948,1000,1949000
1949,1000,1950000
1950,1000,1951000
1951,1000,1952000
1952,1000,1953000
1953,1000,1954000
1954,1000,1955000
1955,1000,1956000
1956,1000,1957000
1957,1000,1958000
1958,1000,1959000
1959,1000,1960000
1960,1000,1961000
1961,1000,1962000
1962,1000,1963000
1963,1000,1964000
1964,1000,1965000
1965,1000,1966000
1966,1000,1967000
1967,1000,1968000
1968,1000,1969000
1969,1000,1970000
1970,1000,1971000
1971,1000,1972000
1972,1000,1973000
1973,1000,1974000
1974,1000,1975000
1975,1000,1976000
1976,1000,1977000
1977,1000,1978000
1978,1000,1979000
1979,1000,1980000
1980,1000,1981000
1981,1000,1982000
1982,1000,1983000
1983,1000,1984000
1984,1000,1985000
1985,1000,1986000
1986,1000,1987000
1987,1000,1988000
1988,1000,1989000
1989,1000,1990000
1990,1000,1991000
1991,1000,1992000
1992,1000,1993000
1993,1000,1994000
1994,1000,1995000
1995,1000,1996000
1996,1000,1997000
1997,1000,1998000
1998,1000,1999000
1999,1000,2000000
2000,1000,2001000
2001,1000,2002000
2002,1000,2003000
2003,1000,2004000
2004,1000,2005000
2005,1000,2006000
2006,1000,2007000
2007,1000,2008000
2008,1000,2009000
2009,1000,2010000
2010,1000,2011000
2011,1000,2012000
2012,1000,2013000
2013,1000,2014000
2014,1000,2015000
2015,1000,2016000
2016,1000,2017000
2017,1000,2018000
2018,1000,2019000
2019,1000,2020000
2020,1000,2021000
2021,1000,2022000
2022,1000,2023000
2023,1000,2024000
2024,1000,2025000
2025,1000,2026000
2026,1000,2027000
2027,1000,2028000
2028,1000,2029000
2029,1000,2030000
2030,1000,2031000
2031,1000,2032000
2032,1000,2033000
2033,1000,2034000
2034,1000,2035000
2035,1000,2036000
2036,1000,2037000
2037,1000,2038000
2038,1000,2039000
2039,1000,2040000
2040,1000,2041000
2041,1000,2042000
2042,1000,2043000
2043,1000,2044000
2044,1000,2045000
2045,1000,2046000
2046,1000,2047000
2047,1000,2048000
2048,1000,2049000
2049,1000,2050000
2050,1000,2051000
2051,1000,2052000
2052,1000,2053000
2053,1000,2054000
2054,1000,2055000
2055,1000,2056000
2056,1000,2057000
2057,1000,2058000
2058,1000,2059000
2059,1000,2060000
2060,1000,2061000
2061,1000,2062000
2062,1000,2063000
2063,1000,2064000
2064,1000,2065000
2065,1000,2066000
2066,1000,2067000
2067,1000,2068000
2068,1000,2069000
2069,1000,2070000
2070,1000,2071000
2071,1000,2072000
2072,1000,2073000
2073,1000,2074000
2074,1000,2075000
2075,1000,2076000
2076,1000,2077000
2077,1000,2078000
2078,1000,2079000
2079,1000,2080000
2080,1000,2081000
2081,1000,2082000
2082,1000,2083000
2083,1000,2084000
2084,1000,2085000
2085,1000,2086000
2086,1000,2087000
2087,1000,2088000
2088,1000,2089000
2089,1000,2090000
2090,1000,2091000
2091,1000,2092000
2092,1000,2093000
2093,1000,2094000
2094,1000,2095000
2095,1000,2096000
2096,1000,2097000
2097,1000,2098000
2098,1000,2099000
2099,1000,2100000
2100,1000,2101000
2101,1000,2102000
2102,1000,2103000
2103,1000,2104000
2104,1000,2105000
2105,1000,2106000
2106,1000,2107000
2107,1000,2108000
2108,1000,2109000
2109,1000,2110000
2110,1000,2111000
2111,1000,2112000
2112,1000,2113000
2113,1000,2114000
2114,1000,2115000
2115,1000,2116000
2116,1000,2117000
2117,1000,2118000
2118,1000,2119000
2119,1000,2120000
2120,1000,2121000
2121,1000,2122000
2122,1000,2123000
2123,1000,2124000
2124,1000,2125000
2125,1000,2126000
2126,1000,2127000
2127,1000,2128000
2128,1000,2129000
2129,1000,2130000
2130,1000,2131000
2131,1000,2132000
2132,1000,2133000
2133,1000,2134000
2134,1000,2135000
2135,1000,2136000
2136,1000,2137000
2137,1000,2138000
2138,1000,2139000
2139,1000,2140000
2140,1000,2141000
2141,1000,2142000
2142,1000,2143000
2143,1000,2144000
2144,1000,2145000
2145,1000,2146000
2146,1000,2147000
2147,1000,2148000
2148,1000,2149000
2149,1000,2150000
2150,1000,2151000
2151,1000,2152000
2152,1000,2153000
2153,1000,2154000
2154,1000,2155000
2155,1000,2156000
2156,1000,2157000
2157,1000,2158000
2158,1000,2159000
2159,1000,2160000
2160,1000,2161000
2161,1000,2162000
2162,1000,2163000
2163,1000,2164000
2164,1000,2165000
2165,1000,2166000
2166,1000,2167000
2167,1000,2168000
2168,1000,2169000
2169,1000,2170000
2170,1000,2171000
2171,1000,2172000
2172,1000,2173000
2173,1000,2174000
2174,1000,2175000
2175,1000,2176000
2176,1000,2177000
2177,1000,2178000
2178,1000,2179000
2179,1000,2180000
2180,1000,2181000
2181,1000,2182000
2182,1000,2183000
2183,1000,2184000
2184,1000,2185000
2185,1000,2186000
2186,1000,2187000
2187,1000,2188000
2188,1000,2189000
2189,1000,2190000
2190,1000,2191000
2191,1000,2192000
2192,1000,2193000
2193,1000,2194000
2194,1000,2195000
2195,1000,2196000
2196,1000,2197000
2197,1000,2198000
2198,1000,2199000
2199,1000,2200000
2200,1000,2201000
2201,1000,2202000
2202,1000,2203000
2203,1000,2204000
2204,1000,2205000
2205,1000,2206000
2206,1000,2207000
2207,1000,2208000
2208,1000,2209000
2209,1000,2210000
2210,1000,2211000
2211,1000,2212000
2212,1000,2213000
2213,1000,2214000
2214,1000,2215000
2215,1000,2216000
2216,1000,2217000
2217,1000,2218000
2218,1000,2219000
2219,1000,2220000
2220,1000,2221000
2221,1000,2222000
2222,1000,2223000
2223,1000,2224000
2224,1000,2225000
2225,1000,2226000
2226,1000,2227000
2227,1000,2228000
2228,1000,2229000
2229,1000,2230000
2230,1000,2231000
2231,1000,2232000
2232,1000,2233000
2233,1000,2234000
2234,1000,2235000
2235,1000,2236000
2236,1000,2237000
2237,1000,2238000
2238,1000,2239000
2239,1000,2240000
2240,1000,2241000
2241,1000,2242000
2242,1000,2243000
2243,1000,2244000
2244,1000,2245000
2245,1000,2246000
2246,1000,2247000
2247,1000,2248000
2248,1000,2249000
2249,1000,2250000
2250,1000,2251000
2251,1000,2252000
2252,1000,2253000
2253,1000,2254000
2254,1000,2255000
2255,1000,2256000
2256,1000,2257000
2257,1000,2258000
2258,1000,2259000
2259,1000,2260000
2260,1000,2261000
2261,1000,2262000
2262,1000,2263000
2263,1000,2264000
2264,1000,2265000
2265,1000,2266000
2266,1000,2267000
2267,1000,2268000
2268,1000,2269000
2269,1000,2270000
2270,1000,2271000
2271,1000,2272000
2272,1000,2273000
2273,1000,2274000
2274,1000,2275000
2275,1000,2276000
2276,1000,2277000
2277,1000,2278000
2278,1000,2279000
2279,1000,2280000
2280,1000,2281000
2281,1000,2282000
2282,1000,2283000
2283,1000,2284000
2284,1000,2285000
2285,1000,2286000
2286,1000,2287000
2287,1000,2288000
2288,1000,2289000
2289,1000,2290000
2290,1000,2291000
2291,1000,2292000
2292,1000,2293000
2293,1000,2294000
2294,1000,2295000
2295,1000,2296000
2296,1000,2297000
2297,1000,2298000
2298,1000,2299000
2299,1000,2300000
2300,1000,2301000
2301,1000,2302000
2302,1000,2303000
2303,1000,2304000
2304,1000,2305000
2305,1000,2306000
2306,1000,2307000
2307,1000,2308000
2308,1000,2309000
2309,1000,2310000
2310,1000,2311000
2311,1000,2312000
2312,1000,2313000
2313,1000,2314000
2314,1000,2315000
2315,1000,2316000
2316,1000,2317000
2317,1000,2318000
2318,1000,2319000
2319,1000,2320000
2320,1000,2321000
2321,1000,2322000
2322,1000,2323000
2323,1000,2324000
2324,1000,2325000
2325,1000,2326000
2326,1000,2327000
2327,1000,2328000
2328,1000,2329000
2329,1000,2330000
2330,1000,2331000
2331,1000,2332000
2332,1000,2333000
2333,1000,2334000
2334,1000,2335000
2335,1000,2336000
2336,1000,2337000
2337,1000,2338000
2338,1000,2339000
2339,1000,2340000
2340,1000,2341000
2341,1000,2342000
2342,1000,2343000
2343,1000,2344000
2344,1000,2345000
2345,1000,2346000
2346,1000,2347000
2347,1000,2348000
2348,1000,2349000
2349,1000,2350000
2350,1000,2351000
2351,1000,2352000
2352,1000,2353000
2353,1000,2354000
2354,1000,2355000
2355,1000,2356000
2356,1000,2357000
2357,1000,2358000
2358,1000,2359000
2359,1000,2360000
2360,1000,2361000
2361,1000,2362000
2362,1000,2363000
2363,1000,2364000
2364,1000,2365000
2365,1000,2366000
2366,1000,2367000
2367,1000,2368000
2368,1000,2369000
2369,1000,2370000
2370,1000,2371000
2371,1000,2372000
2372,1000,2373000
2373,1000,2374000
2374,1000,2375000
2375,1000,2376000
2376,1000,2377000
2377,1000,2378000
2378,1000,2379000
2379,1000,2380000
2380,1000,2381000
2381,1000,2382000
2382,1000,2383000
2383,1000,2384000
2384,1000,2385000
2385,1000,2386000
2386,1000,2387000
2387,1000,2388000
2388,1000,2389000
2389,1000,2390000
2390,1000,2391000
2391,1000,2392000
2392,1000,2393000
2393,1000,2394000
2394,1000,2395000
2395,1000,2396000
2396,1000,2397000
2397,1000,2398000
2398,1000,2399000
2399,1000,2400000
2400,1000,2401000
2401,1000,2402000
2402,1000,2403000
2403,1000,2404000
2404,1000,2405000
2405,1000,2406000
2406,1000,2407000
2407,1000,2408000
2408,1000,2409000
2409,1000,2410000
2410,1000,2411000
2411,1000,2412000
2412,1000,2413000
2413,1000,2414000
2414,1000,2415000
2415,1000,2416000
2416,1000,2417000
2417,1000,2418000
2418,1000,2419000
2419,1000,2420000
2420,1000,2421000
2421,1000,2422000
2422,1000,2423000
2423,1000,2424000
2424,1000,2425000
2425,1000,2426000
2426,1000,2427000
2427,1000,2428000
2428,1000,2429000
2429,1000,2430000
2430,1000,2431000
2431,1000,2432000
2432,1000,2433000
2433,1000,2434000
2434,1000,2435000
2435,1000,2436000
2436,1000,2437000
2437,1000,2438000
2438,1000,2439000
2439,1000,2440000
2440,1000,2441000
2441,1000,2442000
2442,1000,2443000
2443,1000,2444000
2444,1000,2445000
2445,1000,2446000
2446,1000,2447000
2447,1000,2448000
2448,1000,2449000
2449,1000,2450000
2450,1000,2451000
2451,1000,2452000
2452,1000,2453000
2453,1000,2454000
2454,1000,2455000
2455,1000,2456000
2456,1000,2457000
2457,1000,2458000
2458,1000,2459000
2459,1000,2460000
2460,1000,2461000
2461,1000,2462000
2462,1000,2463000
2463,1000,2464000
2464,1000,2465000
2465,1000,2466000
2466,1000,2467000
2467,1000,2468000
2468,1000,2469000
2469,1000,2470000
2470,1000,2471000
2471,1000,2472000
2472,1000,2473000
2473,1000,2474000
2474,1000,2475000
2475,1000,2476000
2476,1000,2477000
2477,1000,2478000
2478,1000,2479000
2479,1000,2480000
2480,1000,2481000
2481,1000,2482000
2482,1000,2483000
2483,1000,2484000
2484,1000,2485000
2485,1000,2486000
2486,1000,2487000
2487,1000,2488000
2488,1000,2489000
2489,1000,2490000
2490,1000,2491000
2491,1000,2492000
2492,1000,2493000
2493,1000,2494000
2494,1000,2495000
2495,1000,2496000
2496,1000,2497000
2497,1000,2498000
2498,1000,2499000
2499,1000,2500000
2500,1000,2501000
2501,1000,2502000
2502,1000,2503000
2503,1000,2504000
2504,1000,2505000
2505,1000,2506000
2506,1000,2507000
2507,1000,2508000
2508,1000,2509000
2509,1000,2510000
2510,1000,2511000
2511,1000,2512000
2512,1000,2513000
2513,1000,2514000
2514,1000,2515000
2515,1000,2516000
2516,1000,2517000
2517,1000,2518000
2518,1000,2519000
2519,1000,2520000
2520,1000,2521000
2521,1000,2522000
2522,1000,2523000
2523,1000,2524000
2524,1000,2525000
2525,1000,2526000
2526,1000,2527000
2527,1000,2528000
2528,1000,2529000
2529,1000,2530000
2530,1000,2531000
2531,1000,2532000
2532,1000,2533000
2533,1000,2534000
2534,1000,2535000
2535,1000,2536000
2536,1000,2537000
2537,1000,2538000
2538,1000,2539000
2539,1000,2540000
2540,1000,2541000
2541,1000,2542000
2542,1000,2543000
2543,1000,2544000
2544,1000,2545000
2545,1000,2546000
2546,1000,2547000
2547,1000,2548000
2548,1000,2549000
2549,1000,2550000
2550,1000,2551000
2551,1000,2552000
2552,1000,2553000
2553,1000,2554000
2554,1000,2555000
2555,1000,2556000
2556,1000,2557000
2557,1000,2558000
2558,1000,2559000
2559,1000,2560000
2560,1000,2561000
2561,1000,2562000
2562,1000,2563000
2563,1000,2564000
2564,1000,2565000
2565,1000,2566000
2566,1000,2567000
2567,1000,2568000
2568,1000,2569000
2569,1000,2570000
2570,1000,2571000
2571,1000,2572000
2572,1000,2573000
2573,1000,2574000
2574,1000,2575000
2575,1000,2576000
2576,1000,2577000
2577,1000,2578000
2578,1000,2579000
2579,1000,2580000
2580,1000,2581000
2581,1000,2582000
2582,1000,2583000
2583,1000,2584000
2584,1000,2585000
2585,1000,2586000
2586,1000,2587000
2587,1000,2588000
2588,1000,2589000
2589,1000,2590000
2590,1000,2591000
2591,1000,2592000
2592,1000,2593000
2593,1000,2594000
2594,1000,2595000
2595,1000,2596000
2596,1000,2597000
2597,1000,2598000
2598,1000,2599000
2599,1000,2600000
2600,1000,2601000
2601,1000,2602000
2602,1000,2603000
2603,1000,2604000
2604,1000,2605000
2605,1000,2606000
2606,1000,2607000
2607,1000,2608000
2608,1000,2609000
2609,1000,2610000
2610,1000,2611000
2611,1000,2612000
2612,1000,2613000
2613,1000,2614000
2614,1000,2615000
2615,1000,2616000
2616,1000,2617000
2617,1000,2618000
2618,1000,2619000
2619,1000,2620000
2620,1000,2621000
2621,1000,2622000
2622,1000,2623000
2623,1000,2624000
2624,1000,2625000
2625,1000,2626000
2626,1000,2627000
2627,1000,2628000
2628,1000,2629000
2629,1000,2630000
2630,1000,2631000
2631,1000,2632000
2632,1000,2633000
2633,1000,2634000
2634,1000,2635000
2635,1000,2636000
2636,1000,2637000
2637,1000,2638000
2638,1000,2639000
2639,1000,2640000
2640,1000,2641000
2641,1000,2642000
2642,1000,2643000
2643,1000,2644000
2644,1000,2645000
2645,1000,2646000
2646,1000,2647000
2647,1000,2648000
2648,1000,2649000
2649,1000,2650000
2650,1000,2651000
2651,1000,2652000
2652,1000,2653000
2653,1000,2654000
2654,1000,2655000
2655,1000,2656000
2656,1000,2657000
2657,1000,2658000
2658,1000,2659000
2659,1000,2660000
2660,1000,2661000
2661,1000,2662000
2662,1000,2663000
2663,1000,2664000
2664,1000,2665000
2665,1000,2666000
2666,1000,2667000
2667,1000,2668000
2668,1000,2669000
2669,1000,2670000
2670,1000,2671000
2671,1000,2672000
2672,1000,2673000
2673,1000,2674000
2674,1000,2675000
2675,1000,2676000
2676,1000,2677000
2677,1000,2678000
2678,1000,2679000
2679,1000,2680000
2680,1000,2681000
2681,1000,2682000
2682,1000,2683000
2683,1000,2684000
2684,1000,2685000
2685,1000,2686000
2686,1000,2687000
2687,1000,2688000
2688,1000,2689000
2689,1000,2690000
2690,1000,2691000
2691,1000,2692000
2692,1000,2693000
2693,1000,2694000
2694,1000,2695000
2695,1000,2696000
2696,1000,2697000
2697,1000,2698000
2698,1000,2699000
2699,1000,2700000
2700,1000,2701000
2701,1000,2702000
2702,1000,2703000
2703,1000,2704000
2704,1000,2705000
2705,1000,2706000
2706,1000,2707000
2707,1000,2708000
2708,1000,2709000
2709,1000,2710000
2710,1000,2711000
2711,1000,2712000
2712,1000,2713000
2713,1000,2714000
2714,1000,2715000
2715,1000,2716000
2716,1000,2717000
2717,1000,2718000
2718,1000,2719000
2719,1000,2720000
2720,1000,2721000
2721,1000,2722000
2722,1000,2723000
2723,1000,2724000
2724,1000,2725000
2725,1000,2726000
2726,1000,2727000
2727,1000,2728000
2728,1000,2729000
2729,1000,2730000
2730,1000,2731000
2731,1000,2732000
2732,1000,2733000
2733,1000,2734000
2734,1000,2735000
2735,1000,2736000
2736,1000,2737000
2737,1000,2738000
2738,1000,2739000
2739,1000,2740000
2740,1000,2741000
2741,1000,2742000
2742,1000,2743000
2743,1000,2744000
2744,1000,2745000
2745,1000,2746000
2746,1000,2747000
2747,1000,2748000
2748,1000,2749000
2749,1000,2750000
2750,1000,2751000
2751,1000,2752000
2752,1000,2753000
2753,1000,2754000
2754,1000,2755000
2755,1000,2756000
2756,1000,2757000
2757,1000,2758000
2758,1000,2759000
2759,1000,2760000
2760,1000,2761000
2761,1000,2762000
2762,1000,2763000
2763,1000,2764000
2764,1000,2765000
2765,1000,2766000
2766,1000,2767000
2767,1000,2768000
2768,1000,2769000
2769,1000,2770000
2770,1000,2771000
2771,1000,2772000
2772,1000,2773000
2773,1000,2774000
2774,1000,2775000
2775,1000,2776000
2776,1000,2777000
2777,1000,2778000
2778,1000,2779000
2779,1000,2780000
2780,1000,2781000
2781,1000,2782000
2782,1000,2783000
2783,1000,2784000
2784,1000,2785000
2785,1000,2786000
2786,1000,2787000
2787,1000,2788000
2788,1000,2789000
2789,1000,2790000
2790,1000,2791000
2791,1000,2792000
2792,1000,2793000
2793,1000,2794000
2794,1000,2795000
2795,1000,2796000
2796,1000,2797000
2797,1000,2798000
2798,1000,2799000
2799,1000,2800000
2800,1000,2801000
2801,1000,2802000
2802,1000,2803000
2803,1000,2804000
2804,1000,2805000
2805,1000,2806000
2806,1000,2807000
2807,1000,2808000
2808,1000,2809000
2809,1000,2810000
2810,1000,2811000
2811,1000,2812000
2812,1000,2813000
2813,1000,2814000
2814,1000,2815000
2815,1000,2816000
2816,1000,2817000
2817,1000,2818000
2818,1000,2819000
2819,1000,2820000
2820,1000,2821000
2821,1000,2822000
2822,1000,2823000
2823,1000,2824000
2824,1000,2825000
2825,1000,2826000
2826,1000,2827000
2827,1000,2828000
2828,1000,2829000
2829,1000,2830000
2830,1000,2831000
2831,1000,2832000
2832,1000,2833000
2833,1000,2834000
2834,1000,2835000
2835,1000,2836000
2836,1000,2837000
2837,1000,2838000
2838,1000,2839000
2839,1000,2840000
2840,1000,2841000
2841,1000,2842000
2842,1000,2843000
2843,1000,2844000
2844,1000,2845000
2845,1000,2846000
2846,1000,2847000
2847,1000,2848000
2848,1000,2849000
2849,1000,2850000
2850,1000,2851000
2851,1000,2852000
2852,1000,2853000
2853,1000,2854000
2854,1000,2855000
2855,1000,2856000
2856,1000,2857000
2857,1000,2858000
2858,1000,2859000
2859,1000,2860000
2860,1000,2861000
2861,1000,2862000
2862,1000,2863000
2863,1000,2864000
2864,1000,2865000
2865,1000,2866000
2866,1000,2867000
2867,1000,2868000
2868,1000,2869000
2869,1000,2870000
2870,1000,2871000
2871,1000,2872000
2872,1000,2873000
2873,1000,2874000
2874,1000,2875000
2875,1000,2876000
2876,1000,2877000
2877,1000,2878000
2878,1000,2879000
2879,1000,2880000
2880,1000,2881000
2881,1000,2882000
2882,1000,2883000
2883,1000,2884000
2884,1000,2885000
2885,1000,2886000
2886,1000,2887000
2887,1000,2888000
2888,1000,2889000
2889,1000,2890000
2890,1000,2891000
2891,1000,2892000
2892,1000,2893000
2893,1000,2894000
2894,1000,2895000
2895,1000,2896000
2896,1000,2897000
2897,1000,2898000
2898,1000,2899000
2899,1000,2900000
2900,1000,2901000
2901,1000,2902000
2902,1000,2903000
2903,1000,2904000
2904,1000,2905000
2905,1000,2906000
2906,1000,2907000
2907,1000,2908000
2908,1000,2909000
2909,1000,2910000
2910,1000,2911000
2911,1000,2912000
2912,1000,2913000
2913,1000,2914000
2914,1000,2915000
2915,1000,2916000
2916,1000,2917000
2917,1000,2918000
2918,1000,2919000
2919,1000,2920000
2920,1000,2921000
2921,1000,2922000
2922,1000,2923000
2923,1000,2924000
2924,1000,2925000
2925,1000,2926000
2926,1000,2927000
2927,1000,2928000
2928,1000,2929000
2929,1000,2930000
2930,1000,2931000
2931,1000,2932000
2932,1000,2933000
2933,1000,2934000
2934,1000,2935000
2935,1000,2936000
2936,1000,2937000
2937,1000,2938000
2938,1000,2939000
2939,1000,2940000
2940,1000,2941000
2941,1000,2942000
2942,1000,2943000
2943,1000,2944000
2944,1000,2945000
2945,1000,2946000
2946,1000,2947000
2947,1000,2948000
2948,1000,2949000
2949,1000,2950000
2950,1000,2951000
2951,1000,2952000
2952,1000,2953000
2953,1000,2954000
2954,1000,2955000
2955,1000,2956000
2956,1000,2957000
2957,1000,2958000
2958,1000,2959000
2959,1000,2960000
2960,1000,2961000
2961,1000,2962000
2962,1000,2963000
2963,1000,2964000
2964,1000,2965000
2965,1000,2966000
2966,1000,2967000
2967,1000,2968000
2968,1000,2969000
2969,1000,2970000
2970,1000,2971000
2971,1000,2972000
2972,1000,2973000
2973,1000,2974000
2974,1000,2975000
2975,1000,2976000
2976,1000,2977000
2977,1000,2978000
2978,1000,2979000
2979,1000,2980000
2980,1000,2981000
2981,1000,2982000
2982,1000,2983000
2983,1000,2984000
2984,1000,2985000
2985,1000,2986000
2986,1000,2987000
2987,1000,2988000
2988,1000,2989000
2989,1000,2990000
2990,1000,2991000
2991,1000,2992000
2992,1000,2993000
2993,1000,2994000
2994,1000,2995000
2995,1000,2996000
2996,1000,2997000
2997,1000,2998000
2998,1000,2999000
2999,1000,3000000
3000,1000,3001000
3001,1000,3002000
3002,1000,3003000
3003,1000,3004000
3004,1000,3005000
3005,1000,3006000
3006,1000,3007000
3007,1000,3008000
3008,1000,3009000
3009,1000,3010000
3010,1000,3011000
3011,1000,3012000
3012,1000,3013000
3013,1000,3014000
3014,1000,3015000
3015,1000,3016000
3016,1000,3017000
3017,1000,3018000
3018,1000,3019000
3019,1000,3020000
3020,1000,3021000
3021,1000,3022000
3022,1000,3023000
3023,1000,3024000
3024,1000,3025000
3025,1000,3026000
3026,1000,3027000
3027,1000,3028000
3028,1000,3029000
3029,1000,3030000
3030,1000,3031000
3031,1000,3032000
3032,1000,3033000
3033,1000,3034000
3034,1000,3035000
3035,1000,3036000
3036,1000,3037000
3037,1000,3038000
3038,1000,3039000
3039,1000,3040000
3040,1000,3041000
3041,1000,3042000
3042,1000,3043000
3043,1000,3044000
3044,1000,3045000
3045,1000,3046000
3046,1000,3047000
3047,1000,3048000
3048,1000,3049000
3049,1000,3050000
3050,1000,3051000
3051,1000,3052000
3052,1000,3053000
3053,1000,3054000
3054,1000,3055000
3055,1000,3056000
3056,1000,3057000
3057,1000,3058000
3058,1000,3059000
3059,1000,3060000
3060,1000,3061000
3061,1000,3062000
3062,1000,3063000
3063,1000,3064000
3064,1000,3065000
3065,1000,3066000
3066,1000,3067000
3067,1000,3068000
3068,1000,3069000
3069,1000,3070000
3070,1000,3071000
3071,1000,3072000
3072,1000,3073000
3073,1000,3074000
3074,1000,3075000
3075,1000,3076000
3076,1000,3077000
3077,1000,3078000
3078,1000,3079000
3079,1000,3080000
3080,1000,3081000
3081,1000,3082000
3082,1000,3083000
3083,1000,3084000
3084,1000,3085000
3085,1000,3086000
3086,1000,3087000
3087,1000,3088000
3088,1000,3089000
3089,1000,3090000
3090,1000,3091000
3091,1000,3092000
3092,1000,3093000
3093,1000,3094000
3094,1000,3095000
3095,1000,3096000
3096,1000,3097000
3097,1000,3098000
3098,1000,3099000
3099,1000,3100000
3100,1000,3101000
3101,1000,3102000
3102,1000,3103000
3103,1000,3104000
3104,1000,3105000
3105,1000,3106000
3106,1000,3107000
3107,1000,3108000
3108,1000,3109000
3109,1000,3110000
3110,1000,3111000
3111,1000,3112000
3112,1000,3113000
3113,1000,3114000
3114,1000,3115000
3115,1000,3116000
3116,1000,3117000
3117,1000,3118000
3118,1000,3119000
3119,1000,3120000
3120,1000,3121000
3121,1000,3122000
3122,1000,3123000
3123,1000,3124000
3124,1000,3125000
3125,1000,3126000
3126,1000,3127000
3127,1000,3128000
3128,1000,3129000
3129,1000,3130000
3130,1000,3131000
3131,1000,3132000
3132,1000,3133000
3133,1000,3134000
3134,1000,3135000
3135,1000,3136000
3136,1000,3137000
3137,1000,3138000
3138,1000,3139000
3139,1000,3140000
3140,1000,3141000
3141,1000,3142000
3142,1000,3143000
3143,1000,3144000
3144,1000,3145000
3145,1000,3146000
3146,1000,3147000
3147,1000,3148000
3148,1000,3149000
3149,1000,3150000
3150,1000,3151000
3151,1000,3152000
3152,1000,3153000
3153,1000,3154000
3154,1000,3155000
3155,1000,3156000
3156,1000,3157000
3157,1000,3158000
3158,1000,3159000
3159,1000,3160000
3160,1000,3161000
3161,1000,3162000
3162,1000,3163000
3163,1000,3164000
3164,1000,3165000
3165,1000,3166000
3166,1000,3167000
3167,1000,3168000
3168,1000,3169000
3169,1000,3170000
3170,1000,3171000
3171,1000,3172000
3172,1000,3173000
3173,1000,3174000
3174,1000,3175000
3175,1000,3176000
3176,1000,3177000
3177,1000,3178000
3178,1000,3179000
3179,1000,3180000
3180,1000,3181000
3181,1000,3182000
3182,1000,3183000
3183,1000,3184000
3184,1000,3185000
3185,1000,3186000
3186,1000,3187000
3187,1000,3188000
3188,1000,3189000
3189,1000,3190000
3190,1000,3191000
3191,1000,3192000
3192,1000,3193000
3193,1000,3194000
3194,1000,3195000
3195,1000,3196000
3196,1000,3197000
3197,1000,3198000
3198,1000,3199000
3199,1000,3200000
3200,1000,3201000
3201,1000,3202000
3202,1000,3203000
3203,1000,3204000
3204,1000,3205000
3205,1000,3206000
3206,1000,3207000
3207,1000,3208000
3208,1000,3209000
3209,1000,3210000
3210,1000,3211000
3211,1000,3212000
3212,1000,3213000
3213,1000,3214000
3214,1000,3215000
3215,1000,3216000
3216,1000,3217000
3217,1000,3218000
3218,1000,3219000
3219,1000,3220000
3220,1000,3221000
3221,1000,3222000
3222,1000,3223000
3223,1000,3224000
3224,1000,3225000
3225,1000,3226000
3226,1000,3227000
3227,1000,3228000
3228,1000,3229000
3229,1000,3230000
3230,1000,3231000
3231,1000,3232000
3232,1000,3233000
3233,1000,3234000
3234,1000,3235000
3235,1000,3236000
3236,1000,3237000
3237,1000,3238000
3238,1000,3239000
3239,1000,3240000
3240,1000,3241000
3241,1000,3242000
3242,1000,3243000
3243,1000,3244000
3244,1000,3245000
3245,1000,3246000
3246,1000,3247000
3247,1000,3248000
3248,1000,3249000
3249,1000,3250000
3250,1000,3251000
3251,1000,3252000
3252,1000,3253000
3253,1000,3254000
3254,1000,3255000
3255,1000,3256000
3256,1000,3257000
3257,1000,3258000
3258,1000,3259000
3259,1000,3260000
3260,1000,3261000
3261,1000,3262000
3262,1000,3263000
3263,1000,3264000
3264,1000,3265000
3265,1000,3266000
3266,1000,3267000
3267,1000,3268000
3268,1000,3269000
3269,1000,3270000
3270,1000,3271000
3271,1000,3272000
3272,1000,3273000
3273,1000,3274000
3274,1000,3275000
3275,1000,3276000
3276,1000,3277000
3277,1000,3278000
3278,1000,3279000
3279,1000,3280000
3280,1000,3281000
3281,1000,3282000
3282,1000,3283000
3283,1000,3284000
3284,1000,3285000
3285,1000,3286000
3286,1000,3287000
3287,1000,3288000
3288,1000,3289000
3289,1000,3290000
3290,1000,3291000
3291,1000,3292000
3292,1000,3293000
3293,1000,3294000
3294,1000,3295000
3295,1000,3296000
3296,1000,3297000
3297,1000,3298000
3298,1000,3299000
3299,1000,3300000
3300,1000,3301000
3301,1000,3302000
3302,1000,3303000
3303,1000,3304000
3304,1000,3305000
3305,1000,3306000
3306,1000,3307000
3307,1000,3308000
3308,1000,3309000
3309,1000,3310000
3310,1000,3311000
3311,1000,3312000
3312,1000,3313000
3313,1000,3314000
3314,1000,3315000
3315,1000,3316000
3316,1000,3317000
3317,1000,3318000
3318,1000,3319000
3319,1000,3320000
3320,1000,3321000
3321,1000,3322000
3322,1000,3323000
3323,1000,3324000
3324,1000,3325000
3325,1000,3326000
3326,1000,3327000
3327,1000,3328000
3328,1000,3329000
3329,1000,3330000
3330,1000,3331000
3331,1000,3332000
3332,1000,3333000
3333,1000,3334000
3334,1000,3335000
3335,1000,3336000
3336,1000,3337000
3337,1000,3338000
3338,1000,3339000
3339,1000,3340000
3340,1000,3341000
3341,1000,3342000
3342,1000,3343000
3343,1000,3344000
3344,1000,3345000
3345,1000,3346000
3346,1000,3347000
3347,1000,3348000
3348,1000,3349000
3349,1000,3350000
3350,1000,3351000
3351,1000,3352000
3352,1000,3353000
3353,1000,3354000
3354,1000,3355000
3355,1000,3356000
3356,1000,3357000
3357,1000,3358000
3358,1000,3359000
3359,1000,3360000
3360,1000,3361000
3361,1000,3362000
3362,1000,3363000
3363,1000,3364000
3364,1000,3365000
3365,1000,3366000
3366,1000,3367000
3367,1000,3368000
3368,1000,3369000
3369,1000,3370000
3370,1000,3371000
3371,1000,3372000
3372,1000,3373000
3373,1000,3374000
3374,1000,3375000
3375,1000,3376000
3376,1000,3377000
3377,1000,3378000
3378,1000,3379000
3379,1000,3380000
3380,1000,3381000
3381,1000,3382000
3382,1000,3383000
3383,1000,3384000
3384,1000,3385000
3385,1000,3386000
3386,1000,3387000
3387,1000,3388000
3388,1000,3389000
3389,1000,3390000
3390,1000,3391000
3391,1000,3392000
3392,1000,3393000
3393,1000,3394000
3394,1000,3395000
3395,1000,3396000
3396,1000,3397000
3397,1000,3398000
3398,1000,3399000
3399,1000,3400000
3400,1000,3401000
3401,1000,3402000
3402,1000,3403000
3403,1000,3404000
3404,1000,3405000
3405,1000,3406000
3406,1000,3407000
3407,1000,3408000
3408,1000,3409000
3409,1000,3410000
3410,1000,3411000
3411,1000,3412000
3412,1000,3413000
3413,1000,3414000
3414,1000,3415000
3415,1000,3416000
3416,1000,3417000
3417,1000,3418000
3418,1000,3419000
3419,1000,3420000
3420,1000,3421000
3421,1000,3422000
3422,1000,3423000
3423,1000,3424000
3424,1000,3425000
3425,1000,3426000
3426,1000,3427000
3427,1000,3428000
3428,1000,3429000
3429,1000,3430000
3430,1000,3431000
3431,1000,3432000
3432,1000,3433000
3433,1000,3434000
3434,1000,3435000
3435,1000,3436000
3436,1000,3437000
3437,1000,3438000
3438,1000,3439000
3439,1000,3440000
3440,1000,3441000
3441,1000,3442000
3442,1000,3443000
3443,1000,3444000
3444,1000,3445000
3445,1000,3446000
3446,1000,3447000
3447,1000,3448000
3448,1000,3449000
3449,1000,3450000
3450,1000,3451000
3451,1000,3452000
3452,1000,3453000
3453,1000,3454000
3454,1000,3455000
3455,1000,3456000
3456,1000,3457000
3457,1000,3458000
3458,1000,3459000
3459,1000,3460000
3460,1000,3461000
3461,1000,3462000
3462,1000,3463000
3463,1000,3464000
3464,1000,3465000
3465,1000,3466000
3466,1000,3467000
3467,1000,3468000
3468,1000,3469000
3469,1000,3470000
3470,1000,3471000
3471,1000,3472000
3472,1000,3473000
3473,1000,3474000
3474,1000,3475000
3475,1000,3476000
3476,1000,3477000
3477,1000,3478000
3478,1000,3479000
3479,1000,3480000
3480,1000,3481000
3481,1000,3482000
3482,1000,3483000
3483,1000,3484000
3484,1000,3485000
3485,1000,3486000
3486,1000,3487000
3487,1000,3488000
3488,1000,3489000
3489,1000,3490000
3490,1000,3491000
3491,1000,3492000
3492,1000,3493000
3493,1000,3494000
3494,1000,3495000
3495,1000,3496000
3496,1000,3497000
3497,1000,3498000
3498,1000,3499000
3499,1000,3500000
3500,1000,3501000
3501,1000,3502000
3502,1000,3503000
3503,1000,3504000
3504,1000,3505000
3505,1000,3506000
3506,1000,3507000
3507,1000,3508000
3508,1000,3509000
3509,1000,3510000
3510,1000,3511000
3511,1000,3512000
3512,1000,3513000
3513,1000,3514000
3514,1000,3515000
3515,1000,3516000
3516,1000,3517000
3517,1000,3518000
3518,1000,3519000
3519,1000,3520000
3520,1000,3521000
3521,1000,3522000
3522,1000,3523000
3523,1000,3524000
3524,1000,3525000
3525,1000,3526000
3526,1000,3527000
3527,1000,3528000
3528,1000,3529000
3529,1000,3530000
3530,1000,3531000
3531,1000,3532000
3532,1000,3533000
3533,1000,3534000
3534,1000,3535000
3535,1000,3536000
3536,1000,3537000
3537,1000,3538000
3538,1000,3539000
3539,1000,3540000
3540,1000,3541000
3541,1000,3542000
3542,1000,3543000
3543,1000,3544000
3544,1000,3545000
3545,1000,3546000
3546,1000,3547000
3547,1000,3548000
3548,1000,3549000
3549,1000,3550000
3550,1000,3551000
3551,1000,3552000
3552,1000,3553000
3553,1000,3554000
3554,1000,3555000
3555,1000,3556000
3556,1000,3557000
3557,1000,3558000
3558,1000,3559000
3559,1000,3560000
3560,1000,3561000
3561,1000,3562000
3562,1000,3563000
3563,1000,3564000
3564,1000,3565000
3565,1000,3566000
3566,1000,3567000
3567,1000,3568000
3568,1000,3569000
3569,1000,3570000
3570,1000,3571000
3571,1000,3572000
3572,1000,3573000
3573,1000,3574000
3574,1000,3575000
3575,1000,3576000
3576,1000,3577000
3577,1000,3578000
3578,1000,3579000
3579,1000,3580000
3580,1000,3581000
3581,1000,3582000
3582,1000,3583000
3583,1000,3584000
3584,1000,3585000
3585,1000,3586000
3586,1000,3587000
3587,1000,3588000
3588,1000,3589000
3589,1000,3590000
3590,1000,3591000
3591,1000,3592000
3592,1000,3593000
3593,1000,3594000
3594,1000,3595000
3595,1000,3596000
3596,1000,3597000
3597,1000,3598000
3598,1000,3599000
3599,1000,3600000
3600,1000,3601000
3601,1000,3602000
3602,1000,3603000
3603,1000,3604000
3604,1000,3605000
3605,1000,3606000
3606,1000,3607000
3607,1000,3608000
3608,1000,3609000
3609,1000,3610000
3610,1000,3611000
3611,1000,3612000
3612,1000,3613000
3613,1000,3614000
3614,1000,3615000
3615,1000,3616000
3616,1000,3617000
3617,1000,3618000
3618,1000,3619000
3619,1000,3620000
3620,1000,3621000
3621,1000,3622000
3622,1000,3623000
3623,1000,3624000
3624,1000,3625000
3625,1000,3626000
3626,1000,3627000
3627,1000,3628000
3628,1000,3629000
3629,1000,3630000
3630,1000,3631000
3631,1000,3632000
3632,1000,3633000
3633,1000,3634000
3634,1000,3635000
3635,1000,3636000
3636,1000,3637000
3637,1000,3638000
3638,1000,3639000
3639,1000,3640000
3640,1000,3641000
3641,1000,3642000
3642,1000,3643000
3643,1000,3644000
3644,1000,3645000
3645,1000,3646000
3646,1000,3647000
3647,1000,3648000
3648,1000,3649000
3649,1000,3650000
3650,1000,3651000
3651,1000,3652000
3652,1000,3653000
3653,1000,3654000
3654,1000,3655000
3655,1000,3656000
3656,1000,3657000
3657,1000,3658000
3658,1000,3659000
3659,1000,3660000
3660,1000,3661000
3661,1000,3662000
3662,1000,3663000
3663,1000,3664000
3664,1000,3665000
3665,1000,3666000
3666,1000,3667000
3667,1000,3668000
3668,1000,3669000
3669,1000,3670000
3670,1000,3671000
3671,1000,3672000
3672,1000,3673000
3673,1000,3674000
3674,1000,3675000
3675,1000,3676000
3676,1000,3677000
3677,1000,3678000
3678,1000,3679000
3679,1000,3680000
3680,1000,3681000
3681,1000,3682000
3682,1000,3683000
3683,1000,3684000
3684,1000,3685000
3685,1000,3686000
3686,1000,3687000
3687,1000,3688000
3688,1000,3689000
3689,1000,3690000
3690,1000,3691000
3691,1000,3692000
3692,1000,3693000
3693,1000,3694000
3694,1000,3695000
3695,1000,3696000
3696,1000,3697000
3697,1000,3698000
3698,1000,3699000
3699,1000,3700000
3700,1000,3701000
3701,1000,3702000
3702,1000,3703000
3703,1000,3704000
3704,1000,3705000
3705,1000,3706000
3706,1000,3707000
3707,1000,3708000
3708,1000,3709000
3709,1000,3710000
3710,1000,3711000
3711,1000,3712000
3712,1000,3713000
3713,1000,3714000
3714,1000,3715000
3715,1000,3716000
3716,1000,3717000
3717,1000,3718000
3718,1000,3719000
3719,1000,3720000
3720,1000,3721000
3721,1000,3722000
3722,1000,3723000
3723,1000,3724000
3724,1000,3725000
3725,1000,3726000
3726,1000,3727000
3727,1000,3728000
3728,1000,3729000
3729,1000,3730000
3730,1000,3731000
3731,1000,3732000
3732,1000,3733000
3733,1000,3734000
3734,1000,3735000
3735,1000,3736000
3736,1000,3737000
3737,1000,3738000
3738,1000,3739000
3739,1000,3740000
3740,1000,3741000
3741,1000,3742000
3742,1000,3743000
3743,1000,3744000
3744,1000,3745000
3745,1000,3746000
3746,1000,3747000
3747,1000,3748000
3748,1000,3749000
3749,1000,3750000
3750,1000,3751000
3751,1000,3752000
3752,1000,3753000
3753,1000,3754000
3754,1000,3755000
3755,1000,3756000
3756,1000,3757000
3757,1000,3758000
3758,1000,3759000
3759,1000,3760000
3760,1000,3761000
3761,1000,3762000
3762,1000,3763000
3763,1000,3764000
3764,1000,3765000
3765,1000,3766000
3766,1000,3767000
3767,1000,3768000
3768,1000,3769000
3769,1000,3770000
3770,1000,3771000
3771,1000,3772000
3772,1000,3773000
3773,1000,3774000
3774,1000,3775000
3775,1000,3776000
3776,1000,3777000
3777,1000,3778000
3778,1000,3779000
3779,1000,3780000
3780,1000,3781000
3781,1000,3782000
3782,1000,3783000
3783,1000,3784000
3784,1000,3785000
3785,1000,3786000
3786,1000,3787000
3787,1000,3788000
3788,1000,3789000
3789,1000,3790000
3790,1000,3791000
3791,1000,3792000
3792,1000,3793000
3793,1000,3794000
3794,1000,3795000
3795,1000,3796000
3796,1000,3797000
3797,1000,3798000
3798,1000,3799000
3799,1000,3800000
3800,1000,3801000
3801,1000,3802000
3802,1000,3803000
3803,1000,3804000
3804,1000,3805000
3805,1000,3806000
3806,1000,3807000
3807,1000,3808000
3808,1000,3809000
3809,1000,3810000
3810,1000,3811000
3811,1000,3812000
3812,1000,3813000
3813,1000,3814000
3814,1000,3815000
3815,1000,3816000
3816,1000,3817000
3817,1000,3818000
3818,1000,3819000
3819,1000,3820000
3820,1000,3821000
3821,1000,3822000
3822,1000,3823000
3823,1000,3824000
3824,1000,3825000
3825,1000,3826000
3826,1000,3827000
3827,1000,3828000
3828,1000,3829000
3829,1000,3830000
3830,1000,3831000
3831,1000,3832000
3832,1000,3833000
3833,1000,3834000
3834,1000,3835000
3835,1000,3836000
3836,1000,3837000
3837,1000,3838000
3838,1000,3839000
3839,1000,3840000
3840,1000,3841000
3841,1000,3842000
3842,1000,3843000
3843,1000,3844000
3844,1000,3845000
3845,1000,3846000
3846,1000,3847000
3847,1000,3848000
3848,1000,3849000
3849,1000,3850000
3850,1000,3851000
3851,1000,3852000
3852,1000,3853000
3853,1000,3854000
3854,1000,3855000
3855,1000,3856000
3856,1000,3857000
3857,1000,3858000
3858,1000,3859000
3859,1000,3860000
3860,1000,3861000
3861,1000,3862000
3862,1000,3863000
3863,1000,3864000
3864,1000,3865000
3865,1000,3866000
3866,1000,3867000
3867,1000,3868000
3868,1000,3869000
3869,1000,3870000
3870,1000,3871000
3871,1000,3872000
3872,1000,3873000
3873,1000,3874000
3874,1000,3875000
3875,1000,3876000
3876,1000,3877000
3877,1000,3878000
3878,1000,3879000
3879,1000,3880000
3880,1000,3881000
3881,1000,3882000
3882,1000,3883000
3883,1000,3884000
3884,1000,3885000
3885,1000,3886000
3886,1000,3887000
3887,1000,3888000
3888,1000,3889000
3889,1000,3890000
3890,1000,3891000
3891,1000,3892000
3892,1000,3893000
3893,1000,3894000
3894,1000,3895000
3895,1000,3896000
3896,1000,3897000
3897,1000,3898000
3898,1000,3899000
3899,1000,3900000
3900,1000,3901000
3901,1000,3902000
3902,1000,3903000
3903,1000,3904000
3904,1000,3905000
3905,1000,3906000
3906,1000,3907000
3907,1000,3908000
3908,1000,3909000
3909,1000,3910000
3910,1000,3911000
3911,1000,3912000
3912,1000,3913000
3913,1000,3914000
3914,1000,3915000
3915,1000,3916000
3916,1000,3917000
3917,1000,3918000
3918,1000,3919000
3919,1000,3920000
3920,1000,3921000
3921,1000,3922000
3922,1000,3923000
3923,1000,3924000
3924,1000,3925000
3925,1000,3926000
3926,1000,3927000
3927,1000,3928000
3928,1000,3929000
3929,1000,3930000
3930,1000,3931000
3931,1000,3932000
3932,1000,3933000
3933,1000,3934000
3934,1000,3935000
3935,1000,3936000
3936,1000,3937000
3937,1000,3938000
3938,1000,3939000
3939,1000,3940000
3940,1000,3941000
3941,1000,3942000
3942,1000,3943000
3943,1000,3944000
3944,1000,3945000
3945,1000,3946000
3946,1000,3947000
3947,1000,3948000
3948,1000,3949000
3949,1000,3950000
3950,1000,3951000
3951,1000,3952000
3952,1000,3953000
3953,1000,3954000
3954,1000,3955000
3955,1000,3956000
3956,1000,3957000
3957,1000,3958000
3958,1000,3959000
3959,1000,3960000
3960,1000,3961000
3961,1000,3962000
3962,1000,3963000
3963,1000,3964000
3964,1000,3965000
3965,1000,3966000
3966,1000,3967000
3967,1000,3968000
3968,1000,3969000
3969,1000,3970000
3970,1000,3971000
3971,1000,3972000
3972,1000,3973000
3973,1000,3974000
3974,1000,3975000
3975,1000,3976000
3976,1000,3977000
3977,1000,3978000
3978,1000,3979000
3979,1000,3980000
3980,1000,3981000
3981,1000,3982000
3982,1000,3983000
3983,1000,3984000
3984,1000,3985000
3985,1000,3986000
3986,1000,3987000
3987,1000,3988000
3988,1000,3989000
3989,1000,3990000
3990,1000,3991000
3991,1000,3992000
3992,1000,3993000
3993,1000,3994000
3994,1000,3995000
3995,1000,3996000
3996,1000,3997000
3997,1000,3998000
3998,1000,3999000
3999,1000,4000000
4000,1000,4001000
4001,1000,4002000
4002,1000,4003000
4003,1000,4004000
4004,1000,4005000
4005,1000,4006000
4006,1000,4007000
4007,1000,4008000
4008,1000,4009000
4009,1000,4010000
4010,1000,4011000
4011,1000,4012000
4012,1000,4013000
4013,1000,4014000
4014,1000,4015000
4015,1000,4016000
4016,1000,4017000
4017,1000,4018000
4018,1000,4019000
4019,1000,4020000
4020,1000,4021000
4021,1000,4022000
4022,1000,4023000
4023,1000,4024000
4024,1000,4025000
4025,1000,4026000
4026,1000,4027000
4027,1000,4028000
4028,1000,4029000
4029,1000,4030000
4030,1000,4031000
4031,1000,4032000
4032,1000,4033000
4033,1000,4034000
4034,1000,4035000
4035,1000,4036000
4036,1000,4037000
4037,1000,4038000
4038,1000,4039000
4039,1000,4040000
4040,1000,4041000
4041,1000,4042000
4042,1000,4043000
4043,1000,4044000
4044,1000,4045000
4045,1000,4046000
4046,1000,4047000
4047,1000,4048000
4048,1000,4049000
4049,1000,4050000
4050,1000,4051000
4051,1000,4052000
4052,1000,4053000
4053,1000,4054000
4054,1000,4055000
4055,1000,4056000
4056,1000,4057000
4057,1000,4058000
4058,1000,4059000
4059,1000,4060000
4060,1000,4061000
4061,1000,4062000
4062,1000,4063000
4063,1000,4064000
4064,1000,4065000
4065,1000,4066000
4066,1000,4067000
4067,1000,4068000
4068,1000,4069000
4069,1000,4070000
4070,1000,4071000
4071,1000,4072000
4072,1000,4073000
4073,1000,4074000
4074,1000,4075000
4075,1000,4076000
4076,1000,4077000
4077,1000,4078000
4078,1000,4079000
4079,1000,4080000
4080,1000,4081000
4081,1000,4082000
4082,1000,4083000
4083,1000,4084000
4084,1000,4085000
4085,1000,4086000
4086,1000,4087000
4087,1000,4088000
4088,1000,4089000
4089,1000,4090000
4090,1000,4091000
4091,1000,4092000
4092,1000,4093000
4093,1000,4094000
4094,1000,4095000
4095,1000,4096000
4096,1000,4097000
4097,1000,4098000
4098,1000,4099000
4099,1000,4100000
4100,1000,4101000
4101,1000,4102000
4102,1000,4103000
4103,1000,4104000
4104,1000,4105000
4105,1000,4106000
4106,1000,4107000
4107,1000,4108000
4108,1000,4109000
4109,1000,4110000
4110,1000,4111000
4111,1000,4112000
4112,1000,4113000
4113,1000,4114000
4114,1000,4115000
4115,1000,4116000
4116,1000,4117000
4117,1000,4118000
4118,1000,4119000
4119,1000,4120000
4120,1000,4121000
4121,1000,4122000
4122,1000,4123000
4123,1000,4124000
4124,1000,4125000
4125,1000,4126000
4126,1000,4127000
4127,1000,4128000
4128,1000,4129000
4129,1000,4130000
4130,1000,4131000
4131,1000,4132000
4132,1000,4133000
4133,1000,4134000
4134,1000,4135000
4135,1000,4136000
4136,1000,4137000
4137,1000,4138000
4138,1000,4139000
4139,1000,4140000
4140,1000,4141000
4141,1000,4142000
4142,1000,4143000
4143,1000,4144000
4144,1000,4145000
4145,1000,4146000
4146,1000,4147000
4147,1000,4148000
4148,1000,4149000
4149,1000,4150000
4150,1000,4151000
4151,1000,4152000
4152,1000,4153000
4153,1000,4154000
4154,1000,4155000
4155,1000,4156000
4156,1000,4157000
4157,1000,4158000
4158,1000,4159000
4159,1000,4160000
4160,1000,4161000
4161,1000,4162000
4162,1000,4163000
4163,1000,4164000
4164,1000,4165000
4165,1000,4166000
4166,1000,4167000
4167,1000,4168000
4168,1000,4169000
4169,1000,4170000
4170,1000,4171000
4171,1000,4172000
4172,1000,4173000
4173,1000,4174000
4174,1000,4175000
4175,1000,4176000
4176,1000,4177000
4177,1000,4178000
4178,1000,4179000
4179,1000,4180000
4180,1000,4181000
4181,1000,4182000
4182,1000,4183000
4183,1000,4184000
4184,1000,4185000
4185,1000,4186000
4186,1000,4187000
4187,1000,4188000
4188,1000,4189000
4189,1000,4190000
4190,1000,4191000
4191,1000,4192000
4192,1000,4193000
4193,1000,4194000
4194,1000,4195000
4195,1000,4196000
4196,1000,4197000
4197,1000,4198000
4198,1000,4199000
4199,1000,4200000
4200,1000,4201000
4201,1000,4202000
4202,1000,4203000
4203,1000,4204000
4204,1000,4205000
4205,1000,4206000
4206,1000,4207000
4207,1000,4208000
4208,1000,4209000
4209,1000,4210000
4210,1000,4211000
4211,1000,4212000
4212,1000,4213000
4213,1000,4214000
4214,1000,4215000
4215,1000,4216000
4216,1000,4217000
4217,1000,4218000
4218,1000,4219000
4219,1000,4220000
4220,1000,4221000
4221,1000,4222000
4222,1000,4223000
4223,1000,4224000
4224,1000,4225000
4225,1000,4226000
4226,1000,4227000
4227,1000,4228000
4228,1000,4229000
4229,1000,4230000
4230,1000,4231000
4231,1000,4232000
4232,1000,4233000
4233,1000,4234000
4234,1000,4235000
4235,1000,4236000
4236,1000,4237000
4237,1000,4238000
4238,1000,4239000
4239,1000,4240000
4240,1000,4241000
4241,1000,4242000
4242,1000,4243000
4243,1000,4244000
4244,1000,4245000
4245,1000,4246000
4246,1000,4247000
4247,1000,4248000
4248,1000,4249000
4249,1000,4250000
4250,1000,4251000
4251,1000,4252000
4252,1000,4253000
4253,1000,4254000
4254,1000,4255000
4255,1000,4256000
4256,1000,4257000
4257,1000,4258000
4258,1000,4259000
4259,1000,4260000
4260,1000,4261000
4261,1000,4262000
4262,1000,4263000
4263,1000,4264000
4264,1000,4265000
4265,1000,4266000
4266,1000,4267000
4267,1000,4268000
4268,1000,4269000
4269,1000,4270000
4270,1000,4271000
4271,1000,4272000
4272,1000,4273000
4273,1000,4274000
4274,1000,4275000
4275,1000,4276000
4276,1000,4277000
4277,1000,4278000
4278,1000,4279000
4279,1000,4280000
4280,1000,4281000
4281,1000,4282000
4282,1000,4283000
4283,1000,4284000
4284,1000,4285000
4285,1000,4286000
4286,1000,4287000
4287,1000,4288000
4288,1000,4289000
4289,1000,4290000
4290,1000,4291000
4291,1000,4292000
4292,1000,4293000
4293,1000,4294000
4294,1000,4295000
4295,1000,4296000
4296,1000,4297000
4297,1000,4298000
4298,1000,4299000
4299,1000,4300000
4300,1000,4301000
4301,1000,4302000
4302,1000,4303000
4303,1000,4304000
4304,1000,4305000
4305,1000,4306000
4306,1000,4307000
4307,1000,4308000
4308,1000,4309000
4309,1000,4310000
4310,1000,4311000
4311,1000,4312000
4312,1000,4313000
4313,1000,4314000
4314,1000,4315000
4315,1000,4316000
4316,1000,4317000
4317,1000,4318000
4318,1000,4319000
4319,1000,4320000
4320,1000,4321000
4321,1000,4322000
4322,1000,4323000
4323,1000,4324000
4324,1000,4325000
4325,1000,4326000
4326,1000,4327000
4327,1000,4328000
4328,1000,4329000
4329,1000,4330000
4330,1000,4331000
4331,1000,4332000
4332,1000,4333000
4333,1000,4334000
4334,1000,4335000
4335,1000,4336000
4336,1000,4337000
4337,1000,4338000
4338,1000,4339000
4339,1000,4340000
4340,1000,4341000
4341,1000,4342000
4342,1000,4343000
4343,1000,4344000
4344,1000,4345000
4345,1000,4346000
4346,1000,4347000
4347,1000,4348000
4348,1000,4349000
4349,1000,4350000
4350,1000,4351000
4351,1000,4352000
4352,1000,4353000
4353,1000,4354000
4354,1000,4355000
4355,1000,4356000
4356,1000,4357000
4357,1000,4358000
4358,1000,4359000
4359,1000,4360000
4360,1000,4361000
4361,1000,4362000
4362,1000,4363000
4363,1000,4364000
4364,1000,4365000
4365,1000,4366000
4366,1000,4367000
4367,1000,4368000
4368,1000,4369000
4369,1000,4370000
4370,1000,4371000
4371,1000,4372000
4372,1000,4373000
4373,1000,4374000
4374,1000,4375000
4375,1000,4376000
4376,1000,4377000
4377,1000,4378000
4378,1000,4379000
4379,1000,4380000
4380,1000,4381000
4381,1000,4382000
4382,1000,4383000
4383,1000,4384000
4384,1000,4385000
4385,1000,4386000
4386,1000,4387000
4387,1000,4388000
4388,1000,4389000
4389,1000,4390000
4390,1000,4391000
4391,1000,4392000
4392,1000,4393000
4393,1000,4394000
4394,1000,4395000
4395,1000,4396000
4396,1000,4397000
4397,1000,4398000
4398,1000,4399000
4399,1000,4400000
4400,1000,4401000
4401,1000,4402000
4402,1000,4403000
4403,1000,4404000
4404,1000,4405000
4405,1000,4406000
4406,1000,4407000
4407,1000,4408000
4408,1000,4409000
4409,1000,4410000
4410,1000,4411000
4411,1000,4412000
4412,1000,4413000
4413,1000,4414000
4414,1000,4415000
4415,1000,4416000
4416,1000,4417000
4417,1000,4418000
4418,1000,4419000
4419,1000,4420000
4420,1000,4421000
4421,1000,4422000
4422,1000,4423000
4423,1000,4424000
4424,1000,4425000
4425,1000,4426000
4426,1000,4427000
4427,1000,4428000
4428,1000,4429000
4429,1000,4430000
4430,1000,4431000
4431,1000,4432000
4432,1000,4433000
4433,1000,4434000
4434,1000,4435000
4435,1000,4436000
4436,1000,4437000
4437,1000,4438000
4438,1000,4439000
4439,1000,4440000
4440,1000,4441000
4441,1000,4442000
4442,1000,4443000
4443,1000,4444000
4444,1000,4445000
4445,1000,4446000
4446,1000,4447000
4447,1000,4448000
4448,1000,4449000
4449,1000,4450000
4450,1000,4451000
4451,1000,4452000
4452,1000,4453000
4453,1000,4454000
4454,1000,4455000
4455,1000,4456000
4456,1000,4457000
4457,1000,4458000
4458,1000,4459000
4459,1000,4460000
4460,1000,4461000
4461,1000,4462000
4462,1000,4463000
4463,1000,4464000
4464,1000,4465000
4465,1000,4466000
4466,1000,4467000
4467,1000,4468000
4468,1000,4469000
4469,1000,4470000
4470,1000,4471000
4471,1000,4472000
4472,1000,4473000
4473,1000,4474000
4474,1000,4475000
4475,1000,4476000
4476,1000,4477000
4477,1000,4478000
4478,1000,4479000
4479,1000,4480000
4480,1000,4481000
4481,1000,4482000
4482,1000,4483000
4483,1000,4484000
4484,1000,4485000
4485,1000,4486000
4486,1000,4487000
4487,1000,4488000
4488,1000,4489000
4489,1000,4490000
4490,1000,4491000
4491,1000,4492000
4492,1000,4493000
4493,1000,4494000
4494,1000,4495000
4495,1000,4496000
4496,1000,4497000
4497,1000,4498000
4498,1000,4499000
4499,1000,4500000
4500,1000,4501000
4501,1000,4502000
4502,1000,4503000
4503,1000,4504000
4504,1000,4505000
4505,1000,4506000
4506,1000,4507000
4507,1000,4508000
4508,1000,4509000
4509,1000,4510000
4510,1000,4511000
4511,1000,4512000
4512,1000,4513000
4513,1000,4514000
4514,1000,4515000
4515,1000,4516000
4516,1000,4517000
4517,1000,4518000
4518,1000,4519000
4519,1000,4520000
4520,1000,4521000
4521,1000,4522000
4522,1000,4523000
4523,1000,4524000
4524,1000,4525000
4525,1000,4526000
4526,1000,4527000
4527,1000,4528000
4528,1000,4529000
4529,1000,4530000
4530,1000,4531000
4531,1000,4532000
4532,1000,4533000
4533,1000,4534000
4534,1000,4535000
4535,1000,4536000
4536,1000,4537000
4537,1000,4538000
4538,1000,4539000
4539,1000,4540000
4540,1000,4541000
4541,1000,4542000
4542,1000,4543000
4543,1000,4544000
4544,1000,4545000
4545,1000,4546000
4546,1000,4547000
4547,1000,4548000
4548,1000,4549000
4549,1000,4550000
4550,1000,4551000
4551,1000,4552000
4552,1000,4553000
4553,1000,4554000
4554,1000,4555000
4555,1000,4556000
4556,1000,4557000
4557,1000,4558000
4558,1000,4559000
4559,1000,4560000
4560,1000,4561000
4561,1000,4562000
4562,1000,4563000
4563,1000,4564000
4564,1000,4565000
4565,1000,4566000
4566,1000,4567000
4567,1000,4568000
4568,1000,4569000
4569,1000,4570000
4570,1000,4571000
4571,1000,4572000
4572,1000,4573000
4573,1000,4574000
4574,1000,4575000
4575,1000,4576000
4576,1000,4577000
4577,1000,4578000
4578,1000,4579000
4579,1000,4580000
4580,1000,4581000
4581,1000,4582000
4582,1000,4583000
4583,1000,4584000
4584,1000,4585000
4585,1000,4586000
4586,1000,4587000
4587,1000,4588000
4588,1000,4589000
4589,1000,4590000
4590,1000,4591000
4591,1000,4592000
4592,1000,4593000
4593,1000,4594000
4594,1000,4595000
4595,1000,4596000
4596,1000,4597000
4597,1000,4598000
4598,1000,4599000
4599,1000,4600000
4600,1000,4601000
4601,1000,4602000
4602,1000,4603000
4603,1000,4604000
4604,1000,4605000
4605,1000,4606000
4606,1000,4607000
4607,1000,4608000
4608,1000,4609000
4609,1000,4610000
4610,1000,4611000
4611,1000,4612000
4612,1000,4613000
4613,1000,4614000
4614,1000,4615000
4615,1000,4616000
4616,1000,4617000
4617,1000,4618000
4618,1000,4619000
4619,1000,4620000
4620,1000,4621000
4621,1000,4622000
4622,1000,4623000
4623,1000,4624000
4624,1000,4625000
4625,1000,4626000
4626,1000,4627000
4627,1000,4628000
4628,1000,4629000
4629,1000,4630000
4630,1000,4631000
4631,1000,4632000
4632,1000,4633000
4633,1000,4634000
4634,1000,4635000
4635,1000,4636000
4636,1000,4637000
4637,1000,4638000
4638,1000,4639000
4639,1000,4640000
4640,1000,4641000
4641,1000,4642000
4642,1000,4643000
4643,1000,4644000
4644,1000,4645000
4645,1000,4646000
4646,1000,4647000
4647,1000,4648000
4648,1000,4649000
4649,1000,4650000
4650,1000,4651000
4651,1000,4652000
4652,1000,4653000
4653,1000,4654000
4654,1000,4655000
4655,1000,4656000
4656,1000,4657000
4657,1000,4658000
4658,1000,4659000
4659,1000,4660000
4660,1000,4661000
4661,1000,4662000
4662,1000,4663000
4663,1000,4664000
4664,1000,4665000
4665,1000,4666000
4666,1000,4667000
4667,1000,4668000
4668,1000,4669000
4669,1000,4670000
4670,1000,4671000
4671,1000,4672000
4672,1000,4673000
4673,1000,4674000
4674,1000,4675000
4675,1000,4676000
4676,1000,4677000
4677,1000,4678000
4678,1000,4679000
4679,1000,4680000
4680,1000,4681000
4681,1000,4682000
4682,1000,4683000
4683,1000,4684000
4684,1000,4685000
4685,1000,4686000
4686,1000,4687000
4687,1000,4688000
4688,1000,4689000
4689,1000,4690000
4690,1000,4691000
4691,1000,4692000
4692,1000,4693000
4693,1000,4694000
4694,1000,4695000
4695,1000,4696000
4696,1000,4697000
4697,1000,4698000
4698,1000,4699000
4699,1000,4700000
4700,1000,4701000
4701,1000,4702000
4702,1000,4703000
4703,1000,4704000
4704,1000,4705000
4705,1000,4706000
4706,1000,4707000
4707,1000,4708000
4708,1000,4709000
4709,1000,4710000
4710,1000,4711000
4711,1000,4712000
4712,1000,4713000
4713,1000,4714000
4714,1000,4715000
4715,1000,4716000
4716,1000,4717000
4717,1000,4718000
4718,1000,4719000
4719,1000,4720000
4720,1000,4721000
4721,1000,4722000
4722,1000,4723000
4723,1000,4724000
4724,1000,4725000
4725,1000,4726000
4726,1000,4727000
4727,1000,4728000
4728,1000,4729000
4729,1000,4730000
4730,1000,4731000
4731,1000,4732000
4732,1000,4733000
4733,1000,4734000
4734,1000,4735000
4735,1000,4736000
4736,1000,4737000
4737,1000,4738000
4738,1000,4739000
4739,1000,4740000
4740,1000,4741000
4741,1000,4742000
4742,1000,4743000
4743,1000,4744000
4744,1000,4745000
4745,1000,4746000
4746,1000,4747000
4747,1000,4748000
4748,1000,4749000
4749,1000,4750000
4750,1000,4751000
4751,1000,4752000
4752,1000,4753000
4753,1000,4754000
4754,1000,4755000
4755,1000,4756000
4756,1000,4757000
4757,1000,4758000
4758,1000,4759000
4759,1000,4760000
4760,1000,4761000
4761,1000,4762000
4762,1000,4763000
4763,1000,4764000
4764,1000,4765000
4765,1000,4766000
4766,1000,4767000
4767,1000,4768000
4768,1000,4769000
4769,1000,4770000
4770,1000,4771000
4771,1000,4772000
4772,1000,4773000
4773,1000,4774000
4774,1000,4775000
4775,1000,4776000
4776,1000,4777000
4777,1000,4778000
4778,1000,4779000
4779,1000,4780000
4780,1000,4781000
4781,1000,4782000
4782,1000,4783000
4783,1000,4784000
4784,1000,4785000
4785,1000,4786000
4786,1000,4787000
4787,1000,4788000
4788,1000,4789000
4789,1000,4790000
4790,1000,4791000
4791,1000,4792000
4792,1000,4793000
4793,1000,4794000
4794,1000,4795000
4795,1000,4796000
4796,1000,4797000
4797,1000,4798000
4798,1000,4799000
4799,1000,4800000
4800,1000,4801000
4801,1000,4802000
4802,1000,4803000
4803,1000,4804000
4804,1000,4805000
4805,1000,4806000
4806,1000,4807000
4807,1000,4808000
4808,1000,4809000
4809,1000,4810000
4810,1000,4811000
4811,1000,4812000
4812,1000,4813000
4813,1000,4814000
4814,1000,4815000
4815,1000,4816000
4816,1000,4817000
4817,1000,4818000
4818,1000,4819000
4819,1000,4820000
4820,1000,4821000
4821,1000,4822000
4822,1000,4823000
4823,1000,4824000
4824,1000,4825000
4825,1000,4826000
4826,1000,4827000
4827,1000,4828000
4828,1000,4829000
4829,1000,4830000
4830,1000,4831000
4831,1000,4832000
4832,1000,4833000
4833,1000,4834000
4834,1000,4835000
4835,1000,4836000
4836,1000,4837000
4837,1000,4838000
4838,1000,4839000
4839,1000,4840000
4840,1000,4841000
4841,1000,4842000
4842,1000,4843000
4843,1000,4844000
4844,1000,4845000
4845,1000,4846000
4846,1000,4847000
4847,1000,4848000
4848,1000,4849000
4849,1000,4850000
4850,1000,4851000
4851,1000,4852000
4852,1000,4853000
4853,1000,4854000
4854,1000,4855000
4855,1000,4856000
4856,1000,4857000
4857,1000,4858000
4858,1000,4859000
4859,1000,4860000
4860,1000,4861000
4861,1000,4862000
4862,1000,4863000
4863,1000,4864000
4864,1000,4865000
4865,1000,4866000
4866,1000,4867000
4867,1000,4868000
4868,1000,4869000
4869,1000,4870000
4870,1000,4871000
4871,1000,4872000
4872,1000,4873000
4873,1000,4874000
4874,1000,4875000
4875,1000,4876000
4876,1000,4877000
4877,1000,4878000
4878,1000,4879000
4879,1000,4880000
4880,1000,4881000
4881,1000,4882000
4882,1000,4883000
4883,1000,4884000
4884,1000,4885000
4885,1000,4886000
4886,1000,4887000
4887,1000,4888000
4888,1000,4889000
4889,1000,4890000
4890,1000,4891000
4891,1000,4892000
4892,1000,4893000
4893,1000,4894000
4894,1000,4895000
4895,1000,4896000
4896,1000,4897000
4897,1000,4898000
4898,1000,4899000
4899,1000,4900000
4900,1000,4901000
4901,1000,4902000
4902,1000,4903000
4903,1000,4904000
4904,1000,4905000
4905,1000,4906000
4906,1000,4907000
4907,1000,4908000
4908,1000,4909000
4909,1000,4910000
4910,1000,4911000
4911,1000,4912000
4912,1000,4913000
4913,1000,4914000
4914,1000,4915000
4915,1000,4916000
4916,1000,4917000
4917,1000,4918000
4918,1000,4919000
4919,1000,4920000
4920,1000,4921000
4921,1000,4922000
4922,1000,4923000
4923,1000,4924000
4924,1000,4925000
4925,1000,4926000
4926,1000,4927000
4927,1000,4928000
4928,1000,4929000
4929,1000,4930000
4930,1000,4931000
4931,1000,4932000
4932,1000,4933000
4933,1000,4934000
4934,1000,4935000
4935,1000,4936000
4936,1000,4937000
4937,1000,4938000
4938,1000,4939000
4939,1000,4940000
4940,1000,4941000
4941,1000,4942000
4942,1000,4943000
4943,1000,4944000
4944,1000,4945000
4945,1000,4946000
4946,1000,4947000
4947,1000,4948000
4948,1000,4949000
4949,1000,4950000
4950,1000,4951000
4951,1000,4952000
4952,1000,4953000
4953,1000,4954000
4954,1000,4955000
4955,1000,4956000
4956,1000,4957000
4957,1000,4958000
4958,1000,4959000
4959,1000,4960000
4960,1000,4961000
4961,1000,4962000
4962,1000,4963000
4963,1000,4964000
4964,1000,4965000
4965,1000,4966000
4966,1000,4967000
4967,1000,4968000
4968,1000,4969000
4969,1000,4970000
4970,1000,4971000
4971,1000,4972000
4972,1000,4973000
4973,1000,4974000
4974,1000,4975000
4975,1000,4976000
4976,1000,4977000
4977,1000,4978000
4978,1000,4979000
4979,1000,4980000
4980,1000,4981000
4981,1000,4982000
4982,1000,4983000
4983,1000,4984000
4984,1000,4985000
4985,1000,4986000
4986,1000,4987000
4987,1000,4988000
4988,1000,4989000
4989,1000,4990000
4990,1000,4991000
4991,1000,4992000
4992,1000,4993000
4993,1000,4994000
4994,1000,4995000
4995,1000,4996000
4996,1000,4997000
4997,1000,4998000
4998,1000,4999000
4999,1000,5000000
5000,1000,5001000
5001,1000,5002000
5002,1000,5003000
5003,1000,5004000
5004,1000,5005000
5005,1000,5006000
5006,1000,5007000
5007,1000,5008000
5008,1000,5009000
5009,1000,5010000
5010,1000,5011000
5011,1000,5012000
5012,1000,5013000
5013,1000,5014000
5014,1000,5015000
5015,1000,5016000
5016,1000,5017000
5017,1000,5018000
5018,1000,5019000
5019,1000,5020000
5020,1000,5021000
5021,1000,5022000
5022,1000,5023000
5023,1000,5024000
5024,1000,5025000
5025,1000,5026000
5026,1000,5027000
5027,1000,5028000
5028,1000,5029000
5029,1000,5030000
5030,1000,5031000
5031,1000,5032000
5032,1000,5033000
5033,1000,5034000
5034,1000,5035000
5035,1000,5036000
5036,1000,5037000
5037,1000,5038000
5038,1000,5039000
5039,1000,5040000
5040,1000,5041000
5041,1000,5042000
5042,1000,5043000
5043,1000,5044000
5044,1000,5045000
5045,1000,5046000
5046,1000,5047000
5047,1000,5048000
5048,1000,5049000
5049,1000,5050000
5050,1000,5051000
5051,1000,5052000
5052,1000,5053000
5053,1000,5054000
5054,1000,5055000
5055,1000,5056000
5056,1000,5057000
5057,1000,5058000
5058,1000,5059000
5059,1000,5060000
5060,1000,5061000
5061,1000,5062000
5062,1000,5063000
5063,1000,5064000
5064,1000,5065000
5065,1000,5066000
5066,1000,5067000
5067,1000,5068000
5068,1000,5069000
5069,1000,5070000
5070,1000,5071000
5071,1000,5072000
5072,1000,5073000
5073,1000,5074000
5074,1000,5075000
5075,1000,5076000
5076,1000,5077000
5077,1000,5078000
5078,1000,5079000
5079,1000,5080000
5080,1000,5081000
5081,1000,5082000
5082,1000,5083000
5083,1000,5084000
5084,1000,5085000
5085,1000,5086000
5086,1000,5087000
5087,1000,5088000
5088,1000,5089000
5089,1000,5090000
5090,1000,5091000
5091,1000,5092000
5092,1000,5093000
5093,1000,5094000
5094,1000,5095000
5095,1000,5096000
5096,1000,5097000
5097,1000,5098000
5098,1000,5099000
5099,1000,5100000
5100,1000,5101000
5101,1000,5102000
5102,1000,5103000
5103,1000,5104000
5104,1000,5105000
5105,1000,5106000
5106,1000,5107000
5107,1000,5108000
5108,1000,5109000
5109,1000,5110000
5110,1000,5111000
5111,1000,5112000
5112,1000,5113000
5113,1000,5114000
5114,1000,5115000
5115,1000,5116000
5116,1000,5117000
5117,1000,5118000
5118,1000,5119000
5119,1000,5120000
5120,1000,5121000
5121,1000,5122000
5122,1000,5123000
5123,1000,5124000
5124,1000,5125000
5125,1000,5126000
5126,1000,5127000
5127,1000,5128000
5128,1000,5129000
5129,1000,5130000
5130,1000,5131000
5131,1000,5132000
5132,1000,5133000
5133,1000,5134000
5134,1000,5135000
5135,1000,5136000
5136,1000,5137000
5137,1000,5138000
5138,1000,5139000
5139,1000,5140000
5140,1000,5141000
5141,1000,5142000
5142,1000,5143000
5143,1000,5144000
5144,1000,5145000
5145,1000,5146000
5146,1000,5147000
5147,1000,5148000
5148,1000,5149000
5149,1000,5150000
5150,1000,5151000
5151,1000,5152000
5152,1000,5153000
5153,1000,5154000
5154,1000,5155000
5155,1000,5156000
5156,1000,5157000
5157,1000,5158000
5158,1000,5159000
5159,1000,5160000
5160,1000,5161000
5161,1000,5162000
5162,1000,5163000
5163,1000,5164000
5164,1000,5165000
5165,1000,5166000
5166,1000,5167000
5167,1000,5168000
5168,1000,5169000
5169,1000,5170000
5170,1000,5171000
5171,1000,5172000
5172,1000,5173000
5173,1000,5174000
5174,1000,5175000
5175,1000,5176000
5176,1000,5177000
5177,1000,5178000
5178,1000,5179000
5179,1000,5180000
5180,1000,5181000
5181,1000,5182000
5182,1000,5183000
5183,1000,5184000
5184,1000,5185000
5185,1000,5186000
5186,1000,5187000
5187,1000,5188000
5188,1000,5189000
5189,1000,5190000
5190,1000,5191000
5191,1000,5192000
5192,1000,5193000
5193,1000,5194000
5194,1000,5195000
5195,1000,5196000
5196,1000,5197000
5197,1000,5198000
5198,1000,5199000
5199,1000,5200000
5200,1000,5201000
5201,1000,5202000
5202,1000,5203000
5203,1000,5204000
5204,1000,5205000
5205,1000,5206000
5206,1000,5207000
5207,1000,5208000
5208,1000,5209000
5209,1000,5210000
5210,1000,5211000
5211,1000,5212000
5212,1000,5213000
5213,1000,5214000
5214,1000,5215000
5215,1000,5216000
5216,1000,5217000
5217,1000,5218000
5218,1000,5219000
5219,1000,5220000
5220,1000,5221000
5221,1000,5222000
5222,1000,5223000
5223,1000,5224000
5224,1000,5225000
5225,1000,5226000
5226,1000,5227000
5227,1000,5228000
5228,1000,5229000
5229,1000,5230000
5230,1000,5231000
5231,1000,5232000
5232,1000,5233000
5233,1000,5234000
5234,1000,5235000
5235,1000,5236000
5236,1000,5237000
5237,1000,5238000
5238,1000,5239000
5239,1000,5240000
5240,1000,5241000
5241,1000,5242000
5242,1000,5243000
5243,1000,5244000
5244,1000,5245000
5245,1000,5246000
5246,1000,5247000
5247,1000,5248000
5248,1000,5249000
5249,1000,5250000
5250,1000,5251000
5251,1000,5252000
5252,1000,5253000
5253,1000,5254000
5254,1000,5255000
5255,1000,5256000
5256,1000,5257000
5257,1000,5258000
5258,1000,5259000
5259,1000,5260000
5260,1000,5261000
5261,1000,5262000
5262,1000,5263000
5263,1000,5264000
5264,1000,5265000
5265,1000,5266000
5266,1000,5267000
5267,1000,5268000
5268,1000,5269000
5269,1000,5270000
5270,1000,5271000
5271,1000,5272000
5272,1000,5273000
5273,1000,5274000
5274,1000,5275000
5275,1000,5276000
5276,1000,5277000
5277,1000,5278000
5278,1000,5279000
5279,1000,5280000
5280,1000,5281000
5281,1000,5282000
5282,1000,5283000
5283,1000,5284000
5284,1000,5285000
5285,1000,5286000
5286,1000,5287000
5287,1000,5288000
5288,1000,5289000
5289,1000,5290000
5290,1000,5291000
5291,1000,5292000
5292,1000,5293000
5293,1000,5294000
5294,1000,5295000
5295,1000,5296000
5296,1000,5297000
5297,1000,5298000
5298,1000,5299000
5299,1000,5300000
5300,1000,5301000
5301,1000,5302000
5302,1000,5303000
5303,1000,5304000
5304,1000,5305000
5305,1000,5306000
5306,1000,5307000
5307,1000,5308000
5308,1000,5309000
5309,1000,5310000
5310,1000,5311000
5311,1000,5312000
5312,1000,5313000
5313,1000,5314000
5314,1000,5315000
5315,1000,5316000
5316,1000,5317000
5317,1000,5318000
5318,1000,5319000
5319,1000,5320000
5320,1000,5321000
5321,1000,5322000
5322,1000,5323000
5323,1000,5324000
5324,1000,5325000
5325,1000,5326000
5326,1000,5327000
5327,1000,5328000
5328,1000,5329000
5329,1000,5330000
5330,1000,5331000
5331,1000,5332000
5332,1000,5333000
5333,1000,5334000
5334,1000,5335000
5335,1000,5336000
5336,1000,5337000
5337,1000,5338000
5338,1000,5339000
5339,1000,5340000
5340,1000,5341000
5341,1000,5342000
5342,1000,5343000
5343,1000,5344000
5344,1000,5345000
5345,1000,5346000
5346,1000,5347000
5347,1000,5348000
5348,1000,5349000
5349,1000,5350000
5350,1000,5351000
5351,1000,5352000
5352,1000,5353000
5353,1000,5354000
5354,1000,5355000
5355,1000,5356000
5356,1000,5357000
5357,1000,5358000
5358,1000,5359000
5359,1000,5360000
5360,1000,5361000
5361,1000,5362000
5362,1000,5363000
5363,1000,5364000
5364,1000,5365000
5365,1000,5366000
5366,1000,5367000
5367,1000,5368000
5368,1000,5369000
5369,1000,5370000
5370,1000,5371000
5371,1000,5372000
5372,1000,5373000
5373,1000,5374000
5374,1000,5375000
5375,1000,5376000
5376,1000,5377000
5377,1000,5378000
5378,1000,5379000
5379,1000,5380000
5380,1000,5381000
5381,1000,5382000
5382,1000,5383000
5383,1000,5384000
5384,1000,5385000
5385,1000,5386000
5386,1000,5387000
5387,1000,5388000
5388,1000,5389000
5389,1000,5390000
5390,1000,5391000
5391,1000,5392000
5392,1000,5393000
5393,1000,5394000
5394,1000,5395000
5395,1000,5396000
5396,1000,5397000
5397,1000,5398000
5398,1000,5399000
5399,1000,5400000
5400,1000,5401000
5401,1000,5402000
5402,1000,5403000
5403,1000,5404000
5404,1000,5405000
5405,1000,5406000
5406,1000,5407000
5407,1000,5408000
5408,1000,5409000
5409,1000,5410000
5410,1000,5411000
5411,1000,5412000
5412,1000,5413000
5413,1000,5414000
5414,1000,5415000
5415,1000,5416000
5416,1000,5417000
5417,1000,5418000
5418,1000,5419000
5419,1000,5420000
5420,1000,5421000
5421,1000,5422000
5422,1000,5423000
5423,1000,5424000
5424,1000,5425000
5425,1000,5426000
5426,1000,5427000
5427,1000,5428000
5428,1000,5429000
5429,1000,5430000
5430,1000,5431000
5431,1000,5432000
5432,1000,5433000
5433,1000,5434000
5434,1000,5435000
5435,1000,5436000
5436,1000,5437000
5437,1000,5438000
5438,1000,5439000
5439,1000,5440000
5440,1000,5441000
5441,1000,5442000
5442,1000,5443000
5443,1000,5444000
5444,1000,5445000
5445,1000,5446000
5446,1000,5447000
5447,1000,5448000
5448,1000,5449000
5449,1000,5450000
5450,1000,5451000
5451,1000,5452000
5452,1000,5453000
5453,1000,5454000
5454,1000,5455000
5455,1000,5456000
5456,1000,5457000
5457,1000,5458000
5458,1000,5459000
5459,1000,5460000
5460,1000,5461000
5461,1000,5462000
5462,1000,5463000
5463,1000,5464000
5464,1000,5465000
5465,1000,5466000
5466,1000,5467000
5467,1000,5468000
5468,1000,5469000
5469,1000,5470000
5470,1000,5471000
5471,1000,5472000
5472,1000,5473000
5473,1000,5474000
5474,1000,5475000
5475,1000,5476000
5476,1000,5477000
5477,1000,5478000
5478,1000,5479000
5479,1000,5480000
5480,1000,5481000
5481,1000,5482000
5482,1000,5483000
5483,1000,5484000
5484,1000,5485000
5485,1000,5486000
5486,1000,5487000
5487,1000,5488000
5488,1000,5489000
5489,1000,5490000
5490,1000,5491000
5491,1000,5492000
5492,1000,5493000
5493,1000,5494000
5494,1000,5495000
5495,1000,5496000
5496,1000,5497000
5497,1000,5498000
5498,1000,5499000
5499,1000,5500000
5500,1000,5501000
5501,1000,5502000
5502,1000,5503000
5503,1000,5504000
5504,1000,5505000
5505,1000,5506000
5506,1000,5507000
5507,1000,5508000
5508,1000,5509000
5509,1000,5510000
5510,1000,5511000
5511,1000,5512000
5512,1000,5513000
5513,1000,5514000
5514,1000,5515000
5515,1000,5516000
5516,1000,5517000
5517,1000,5518000
5518,1000,5519000
5519,1000,5520000
5520,1000,5521000
5521,1000,5522000
5522,1000,5523000
5523,1000,5524000
5524,1000,5525000
5525,1000,5526000
5526,1000,5527000
5527,1000,5528000
5528,1000,5529000
5529,1000,5530000
5530,1000,5531000
5531,1000,5532000
5532,1000,5533000
5533,1000,5534000
5534,1000,5535000
5535,1000,5536000
5536,1000,5537000
5537,1000,5538000
5538,1000,5539000
5539,1000,5540000
5540,1000,5541000
5541,1000,5542000
5542,1000,5543000
5543,1000,5544000
5544,1000,5545000
5545,1000,5546000
5546,1000,5547000
5547,1000,5548000
5548,1000,5549000
5549,1000,5550000
5550,1000,5551000
5551,1000,5552000
5552,1000,5553000
5553,1000,5554000
5554,1000,5555000
5555,1000,5556000
5556,1000,5557000
5557,1000,5558000
5558,1000,5559000
5559,1000,5560000
5560,1000,5561000
5561,1000,5562000
5562,1000,5563000
5563,1000,5564000
5564,1000,5565000
5565,1000,5566000
5566,1000,5567000
5567,1000,5568000
5568,1000,5569000
5569,1000,5570000
5570,1000,5571000
5571,1000,5572000
5572,1000,5573000
5573,1000,5574000
5574,1000,5575000
5575,1000,5576000
5576,1000,5577000
5577,1000,5578000
5578,1000,5579000
5579,1000,5580000
5580,1000,5581000
5581,1000,5582000
5582,1000,5583000
5583,1000,5584000
5584,1000,5585000
5585,1000,5586000
5586,1000,5587000
5587,1000,5588000
5588,1000,5589000
5589,1000,5590000
5590,1000,5591000
5591,1000,5592000
5592,1000,5593000
5593,1000,5594000
5594,1000,5595000
5595,1000,5596000
5596,1000,5597000
5597,1000,5598000
5598,1000,5599000
5599,1000,5600000
5600,1000,5601000
5601,1000,5602000
5602,1000,5603000
5603,1000,5604000
5604,1000,5605000
5605,1000,5606000
5606,1000,5607000
5607,1000,5608000
5608,1000,5609000
5609,1000,5610000
5610,1000,5611000
5611,1000,5612000
5612,1000,5613000
5613,1000,5614000
5614,1000,5615000
5615,1000,5616000
5616,1000,5617000
5617,1000,5618000
5618,1000,5619000
5619,1000,5620000
5620,1000,5621000
5621,1000,5622000
5622,1000,5623000
5623,1000,5624000
5624,1000,5625000
5625,1000,5626000
5626,1000,5627000
5627,1000,5628000
5628,1000,5629000
5629,1000,5630000
5630,1000,5631000
5631,1000,5632000
5632,1000,5633000
5633,1000,5634000
5634,1000,5635000
5635,1000,5636000
5636,1000,5637000
5637,1000,5638000
5638,1000,5639000
5639,1000,5640000
5640,1000,5641000
5641,1000,5642000
5642,1000,5643000
5643,1000,5644000
5644,1000,5645000
5645,1000,5646000
5646,1000,5647000
5647,1000,5648000
5648,1000,5649000
5649,1000,5650000
5650,1000,5651000
5651,1000,5652000
5652,1000,5653000
5653,1000,5654000
5654,1000,5655000
5655,1000,5656000
5656,1000,5657000
5657,1000,5658000
5658,1000,5659000
5659,1000,5660000
5660,1000,5661000
5661,1000,5662000
5662,1000,5663000
5663,1000,5664000
5664,1000,5665000
5665,1000,5666000
5666,1000,5667000
5667,1000,5668000
5668,1000,5669000
5669,1000,5670000
5670,1000,5671000
5671,1000,5672000
5672,1000,5673000
5673,1000,5674000
5674,1000,5675000
5675,1000,5676000
5676,1000,5677000
5677,1000,5678000
5678,1000,5679000
5679,1000,5680000
5680,1000,5681000
5681,1000,5682000
5682,1000,5683000
5683,1000,5684000
5684,1000,5685000
5685,1000,5686000
5686,1000,5687000
5687,1000,5688000
5688,1000,5689000
5689,1000,5690000
5690,1000,5691000
5691,1000,5692000
5692,1000,5693000
5693,1000,5694000
5694,1000,5695000
5695,1000,5696000
5696,1000,5697000
5697,1000,5698000
5698,1000,5699000
5699,1000,5700000
5700,1000,5701000
5701,1000,5702000
5702,1000,5703000
5703,1000,5704000
5704,1000,5705000
5705,1000,5706000
5706,1000,5707000
5707,1000,5708000
5708,1000,5709000
5709,1000,5710000
5710,1000,5711000
5711,1000,5712000
5712,1000,5713000
5713,1000,5714000
5714,1000,5715000
5715,1000,5716000
5716,1000,5717000
5717,1000,5718000
5718,1000,5719000
5719,1000,5720000
5720,1000,5721000
5721,1000,5722000
5722,1000,5723000
5723,1000,5724000
5724,1000,5725000
5725,1000,5726000
5726,1000,5727000
5727,1000,5728000
5728,1000,5729000
5729,1000,5730000
5730,1000,5731000
5731,1000,5732000
5732,1000,5733000
5733,1000,5734000
5734,1000,5735000
5735,1000,5736000
5736,1000,5737000
5737,1000,5738000
5738,1000,5739000
5739,1000,5740000
5740,1000,5741000
5741,1000,5742000
5742,1000,5743000
5743,1000,5744000
5744,1000,5745000
5745,1000,5746000
5746,1000,5747000
5747,1000,5748000
5748,1000,5749000
5749,1000,5750000
5750,1000,5751000
5751,1000,5752000
5752,1000,5753000
5753,1000,5754000
5754,1000,5755000
5755,1000,5756000
5756,1000,5757000
5757,1000,5758000
5758,1000,5759000
5759,1000,5760000
5760,1000,5761000
5761,1000,5762000
5762,1000,5763000
5763,1000,5764000
5764,1000,5765000
5765,1000,5766000
5766,1000,5767000
5767,1000,5768000
5768,1000,5769000
5769,1000,5770000
5770,1000,5771000
5771,1000,5772000
5772,1000,5773000
5773,1000,5774000
5774,1000,5775000
5775,1000,5776000
5776,1000,5777000
5777,1000,5778000
5778,1000,5779000
5779,1000,5780000
5780,1000,5781000
5781,1000,5782000
5782,1000,5783000
5783,1000,5784000
5784,1000,5785000
5785,1000,5786000
5786,1000,5787000
5787,1000,5788000
5788,1000,5789000
5789,1000,5790000
5790,1000,5791000
5791,1000,5792000
5792,1000,5793000
5793,1000,5794000
5794,1000,5795000
5795,1000,5796000
5796,1000,5797000
5797,1000,5798000
5798,1000,5799000
5799,1000,5800000
5800,1000,5801000
5801,1000,5802000
5802,1000,5803000
5803,1000,5804000
5804,1000,5805000
5805,1000,5806000
5806,1000,5807000
5807,1000,5808000
5808,1000,5809000
5809,1000,5810000
5810,1000,5811000
5811,1000,5812000
5812,1000,5813000
5813,1000,5814000
5814,1000,5815000
5815,1000,5816000
5816,1000,5817000
5817,1000,5818000
5818,1000,5819000
5819,1000,5820000
5820,1000,5821000
5821,1000,5822000
5822,1000,5823000
5823,1000,5824000
5824,1000,5825000
5825,1000,5826000
5826,1000,5827000
5827,1000,5828000
5828,1000,5829000
5829,1000,5830000
5830,1000,5831000
5831,1000,5832000
5832,1000,5833000
5833,1000,5834000
5834,1000,5835000
5835,1000,5836000
5836,1000,5837000
5837,1000,5838000
5838,1000,5839000
5839,1000,5840000
5840,1000,5841000
5841,1000,5842000
5842,1000,5843000
5843,1000,5844000
5844,1000,5845000
5845,1000,5846000
5846,1000,5847000
5847,1000,5848000
5848,1000,5849000
5849,1000,5850000
5850,1000,5851000
5851,1000,5852000
5852,1000,5853000
5853,1000,5854000
5854,1000,5855000
5855,1000,5856000
5856,1000,5857000
5857,1000,5858000
5858,1000,5859000
5859,1000,5860000
5860,1000,5861000
5861,1000,5862000
5862,1000,5863000
5863,1000,5864000
5864,1000,5865000
5865,1000,5866000
5866,1000,5867000
5867,1000,5868000
5868,1000,5869000
5869,1000,5870000
5870,1000,5871000
5871,1000,5872000
5872,1000,5873000
5873,1000,5874000
5874,1000,5875000
5875,1000,5876000
5876,1000,5877000
5877,1000,5878000
5878,1000,5879000
5879,1000,5880000
5880,1000,5881000
5881,1000,5882000
5882,1000,5883000
5883,1000,5884000
5884,1000,5885000
5885,1000,5886000
5886,1000,5887000
5887,1000,5888000
5888,1000,5889000
5889,1000,5890000
5890,1000,5891000
5891,1000,5892000
5892,1000,5893000
5893,1000,5894000
5894,1000,5895000
5895,1000,5896000
5896,1000,5897000
5897,1000,5898000
5898,1000,5899000
5899,1000,5900000
5900,1000,5901000
5901,1000,5902000
5902,1000,5903000
5903,1000,5904000
5904,1000,5905000
5905,1000,5906000
5906,1000,5907000
5907,1000,5908000
5908,1000,5909000
5909,1000,5910000
5910,1000,5911000
5911,1000,5912000
5912,1000,5913000
5913,1000,5914000
5914,1000,5915000
5915,1000,5916000
5916,1000,5917000
5917,1000,5918000
5918,1000,5919000
5919,1000,5920000
5920,1000,5921000
5921,1000,5922000
5922,1000,5923000
5923,1000,5924000
5924,1000,5925000
5925,1000,5926000
5926,1000,5927000
5927,1000,5928000
5928,1000,5929000
5929,1000,5930000
5930,1000,5931000
5931,1000,5932000
5932,1000,5933000
5933,1000,5934000
5934,1000,5935000
5935,1000,5936000
5936,1000,5937000
5937,1000,5938000
5938,1000,5939000
5939,1000,5940000
5940,1000,5941000
5941,1000,5942000
5942,1000,5943000
5943,1000,5944000
5944,1000,5945000
5945,1000,5946000
5946,1000,5947000
5947,1000,5948000
5948,1000,5949000
5949,1000,5950000
5950,1000,5951000
5951,1000,5952000
5952,1000,5953000
5953,1000,5954000
5954,1000,5955000
5955,1000,5956000
5956,1000,5957000
5957,1000,5958000
5958,1000,5959000
5959,1000,5960000
5960,1000,5961000
5961,1000,5962000
5962,1000,5963000
5963,1000,5964000
5964,1000,5965000
5965,1000,5966000
5966,1000,5967000
5967,1000,5968000
5968,1000,5969000
5969,1000,5970000
5970,1000,5971000
5971,1000,5972000
5972,1000,5973000
5973,1000,5974000
5974,1000,5975000
5975,1000,5976000
5976,1000,5977000
5977,1000,5978000
5978,1000,5979000
5979,1000,5980000
5980,1000,5981000
5981,1000,5982000
5982,1000,5983000
5983,1000,5984000
5984,1000,5985000
5985,1000,5986000
5986,1000,5987000
5987,1000,5988000
5988,1000,5989000
5989,1000,5990000
5990,1000,5991000
5991,1000,5992000
5992,1000,5993000
5993,1000,5994000
5994,1000,5995000
5995,1000,5996000
5996,1000,5997000
5997,1000,5998000
5998,1000,5999000
5999,1000,6000000
6000,1000,6001000
6001,1000,6002000
6002,1000,6003000
6003,1000,6004000
6004,1000,6005000
6005,1000,6006000
6006,1000,6007000
6007,1000,6008000
6008,1000,6009000
6009,1000,6010000
6010,1000,6011000
6011,1000,6012000
6012,1000,6013000
6013,1000,6014000
6014,1000,6015000
6015,1000,6016000
6016,1000,6017000
6017,1000,6018000
6018,1000,6019000
6019,1000,6020000
6020,1000,6021000
6021,1000,6022000
6022,1000,6023000
6023,1000,6024000
6024,1000,6025000
6025,1000,6026000
6026,1000,6027000
6027,1000,6028000
6028,1000,6029000
6029,1000,6030000
6030,1000,6031000
6031,1000,6032000
6032,1000,6033000
6033,1000,6034000
6034,1000,6035000
6035,1000,6036000
6036,1000,6037000
6037,1000,6038000
6038,1000,6039000
6039,1000,6040000
6040,1000,6041000
6041,1000,6042000
6042,1000,6043000
6043,1000,6044000
6044,1000,6045000
6045,1000,6046000
6046,1000,6047000
6047,1000,6048000
6048,1000,6049000
6049,1000,6050000
6050,1000,6051000
6051,1000,6052000
6052,1000,6053000
6053,1000,6054000
6054,1000,6055000
6055,1000,6056000
6056,1000,6057000
6057,1000,6058000
6058,1000,6059000
6059,1000,6060000
6060,1000,6061000
6061,1000,6062000
6062,1000,6063000
6063,1000,6064000
6064,1000,6065000
6065,1000,6066000
6066,1000,6067000
6067,1000,6068000
6068,1000,6069000
6069,1000,6070000
6070,1000,6071000
6071,1000,6072000
6072,1000,6073000
6073,1000,6074000
6074,1000,6075000
6075,1000,6076000
6076,1000,6077000
6077,1000,6078000
6078,1000,6079000
6079,1000,6080000
6080,1000,6081000
6081,1000,6082000
6082,1000,6083000
6083,1000,6084000
6084,1000,6085000
6085,1000,6086000
6086,1000,6087000
6087,1000,6088000
6088,1000,6089000
6089,1000,6090000
6090,1000,6091000
6091,1000,6092000
6092,1000,6093000
6093,1000,6094000
6094,1000,6095000
6095,1000,6096000
6096,1000,6097000
6097,1000,6098000
6098,1000,6099000
6099,1000,6100000
6100,1000,6101000
6101,1000,6102000
6102,1000,6103000
6103,1000,6104000
6104,1000,6105000
6105,1000,6106000
6106,1000,6107000
6107,1000,6108000
6108,1000,6109000
6109,1000,6110000
6110,1000,6111000
6111,1000,6112000
6112,1000,6113000
6113,1000,6114000
6114,1000,6115000
6115,1000,6116000
6116,1000,6117000
6117,1000,6118000
6118,1000,6119000
6119,1000,6120000
6120,1000,6121000
6121,1000,6122000
6122,1000,6123000
6123,1000,6124000
6124,1000,6125000
6125,1000,6126000
6126,1000,6127000
6127,1000,6128000
6128,1000,6129000
6129,1000,6130000
6130,1000,6131000
6131,1000,6132000
6132,1000,6133000
6133,1000,6134000
6134,1000,6135000
6135,1000,6136000
6136,1000,6137000
6137,1000,6138000
6138,1000,6139000
6139,1000,6140000
6140,1000,6141000
6141,1000,6142000
6142,1000,6143000
6143,1000,6144000
6144,1000,6145000
6145,1000,6146000
6146,1000,6147000
6147,1000,6148000
6148,1000,6149000
6149,1000,6150000
6150,1000,6151000
6151,1000,6152000
6152,1000,6153000
6153,1000,6154000
6154,1000,6155000
6155,1000,6156000
6156,1000,6157000
6157,1000,6158000
6158,1000,6159000
6159,1000,6160000
6160,1000,6161000
6161,1000,6162000
6162,1000,6163000
6163,1000,6164000
6164,1000,6165000
6165,1000,6166000
6166,1000,6167000
6167,1000,6168000
6168,1000,6169000
6169,1000,6170000
6170,1000,6171000
6171,1000,6172000
6172,1000,6173000
6173,1000,6174000
6174,1000,6175000
6175,1000,6176000
6176,1000,6177000
6177,1000,6178000
6178,1000,6179000
6179,1000,6180000
6180,1000,6181000
6181,1000,6182000
6182,1000,6183000
6183,1000,6184000
6184,1000,6185000
6185,1000,6186000
6186,1000,6187000
6187,1000,6188000
6188,1000,6189000
6189,1000,6190000
6190,1000,6191000
6191,1000,6192000
6192,1000,6193000
6193,1000,6194000
6194,1000,6195000
6195,1000,6196000
6196,1000,6197000
6197,1000,6198000
6198,1000,6199000
6199,1000,6200000
6200,1000,6201000
6201,1000,6202000
6202,1000,6203000
6203,1000,6204000
6204,1000,6205000
6205,1000,6206000
6206,1000,6207000
6207,1000,6208000
6208,1000,6209000
6209,1000,6210000
6210,1000,6211000
6211,1000,6212000
6212,1000,6213000
6213,1000,6214000
6214,1000,6215000
6215,1000,6216000
6216,1000,6217000
6217,1000,6218000
6218,1000,6219000
6219,1000,6220000
6220,1000,6221000
6221,1000,6222000
6222,1000,6223000
6223,1000,6224000
6224,1000,6225000
6225,1000,6226000
6226,1000,6227000
6227,1000,6228000
6228,1000,6229000
6229,1000,6230000
6230,1000,6231000
6231,1000,6232000
6232,1000,6233000
6233,1000,6234000
6234,1000,6235000
6235,1000,6236000
6236,1000,6237000
6237,1000,6238000
6238,1000,6239000
6239,1000,6240000
6240,1000,6241000
6241,1000,6242000
6242,1000,6243000
6243,1000,6244000
6244,1000,6245000
6245,1000,6246000
6246,1000,6247000
6247,1000,6248000
6248,1000,6249000
6249,1000,6250000
6250,1000,6251000
6251,1000,6252000
6252,1000,6253000
6253,1000,6254000
6254,1000,6255000
6255,1000,6256000
6256,1000,6257000
6257,1000,6258000
6258,1000,6259000
6259,1000,6260000
6260,1000,6261000
6261,1000,6262000
6262,1000,6263000
6263,1000,6264000
6264,1000,6265000
6265,1000,6266000
6266,1000,6267000
6267,1000,6268000
6268,1000,6269000
6269,1000,6270000
6270,1000,6271000
6271,1000,6272000
6272,1000,6273000
6273,1000,6274000
6274,1000,6275000
6275,1000,6276000
6276,1000,6277000
6277,1000,6278000
6278,1000,6279000
6279,1000,6280000
6280,1000,6281000
6281,1000,6282000
6282,1000,6283000
6283,1000,6284000
6284,1000,6285000
6285,1000,6286000
6286,1000,6287000
6287,1000,6288000
6288,1000,6289000
6289,1000,6290000
6290,1000,6291000
6291,1000,6292000
6292,1000,6293000
6293,1000,6294000
6294,1000,6295000
6295,1000,6296000
6296,1000,6297000
6297,1000,6298000
6298,1000,6299000
6299,1000,6300000
6300,1000,6301000
6301,1000,6302000
6302,1000,6303000
6303,1000,6304000
6304,1000,6305000
6305,1000,6306000
6306,1000,6307000
6307,1000,6308000
6308,1000,6309000
6309,1000,6310000
6310,1000,6311000
6311,1000,6312000
6312,1000,6313000
6313,1000,6314000
6314,1000,6315000
6315,1000,6316000
6316,1000,6317000
6317,1000,6318000
6318,1000,6319000
6319,1000,6320000
6320,1000,6321000
6321,1000,6322000
6322,1000,6323000
6323,1000,6324000
6324,1000,6325000
6325,1000,6326000
6326,1000,6327000
6327,1000,6328000
6328,1000,6329000
6329,1000,6330000
6330,1000,6331000
6331,1000,6332000
6332,1000,6333000
6333,1000,6334000
6334,1000,6335000
6335,1000,6336000
6336,1000,6337000
6337,1000,6338000
6338,1000,6339000
6339,1000,6340000
6340,1000,6341000
6341,1000,6342000
6342,1000,6343000
6343,1000,6344000
6344,1000,6345000
6345,1000,6346000
6346,1000,6347000
6347,1000,6348000
6348,1000,6349000
6349,1000,6350000
6350,1000,6351000
6351,1000,6352000
6352,1000,6353000
6353,1000,6354000
6354,1000,6355000
6355,1000,6356000
6356,1000,6357000
6357,1000,6358000
6358,1000,6359000
6359,1000,6360000
6360,1000,6361000
6361,1000,6362000
6362,1000,6363000
6363,1000,6364000
6364,1000,6365000
6365,1000,6366000
6366,1000,6367000
6367,1000,6368000
6368,1000,6369000
6369,1000,6370000
6370,1000,6371000
6371,1000,6372000
6372,1000,6373000
6373,1000,6374000
6374,1000,6375000
6375,1000,6376000
6376,1000,6377000
6377,1000,6378000
6378,1000,6379000
6379,1000,6380000
6380,1000,6381000
6381,1000,6382000
6382,1000,6383000
6383,1000,6384000
6384,1000,6385000
6385,1000,6386000
6386,1000,6387000
6387,1000,6388000
6388,1000,6389000
6389,1000,6390000
6390,1000,6391000
6391,1000,6392000
6392,1000,6393000
6393,1000,6394000
6394,1000,6395000
6395,1000,6396000
6396,1000,6397000
6397,1000,6398000
6398,1000,6399000
6399,1000,6400000
6400,1000,6401000
6401,1000,6402000
6402,1000,6403000
6403,1000,6404000
6404,1000,6405000
6405,1000,6406000
6406,1000,6407000
6407,1000,6408000
6408,1000,6409000
6409,1000,6410000
6410,1000,6411000
6411,1000,6412000
6412,1000,6413000
6413,1000,6414000
6414,1000,6415000
6415,1000,6416000
6416,1000,6417000
6417,1000,6418000
6418,1000,6419000
6419,1000,6420000
6420,1000,6421000
6421,1000,6422000
6422,1000,6423000
6423,1000,6424000
6424,1000,6425000
6425,1000,6426000
6426,1000,6427000
6427,1000,6428000
6428,1000,6429000
6429,1000,6430000
6430,1000,6431000
6431,1000,6432000
6432,1000,6433000
6433,1000,6434000
6434,1000,6435000
6435,1000,6436000
6436,1000,6437000
6437,1000,6438000
6438,1000,6439000
6439,1000,6440000
6440,1000,6441000
6441,1000,6442000
6442,1000,6443000
6443,1000,6444000
6444,1000,6445000
6445,1000,6446000
6446,1000,6447000
6447,1000,6448000
6448,1000,6449000
6449,1000,6450000
6450,1000,6451000
6451,1000,6452000
6452,1000,6453000
6453,1000,6454000
6454,1000,6455000
6455,1000,6456000
6456,1000,6457000
6457,1000,6458000
6458,1000,6459000
6459,1000,6460000
6460,1000,6461000
6461,1000,6462000
6462,1000,6463000
6463,1000,6464000
6464,1000,6465000
6465,1000,6466000
6466,1000,6467000
6467,1000,6468000
6468,1000,6469000
6469,1000,6470000
6470,1000,6471000
6471,1000,6472000
6472,1000,6473000
6473,1000,6474000
6474,1000,6475000
6475,1000,6476000
6476,1000,6477000
6477,1000,6478000
6478,1000,6479000
6479,1000,6480000
6480,1000,6481000
6481,1000,6482000
6482,1000,6483000
6483,1000,6484000
6484,1000,6485000
6485,1000,6486000
6486,1000,6487000
6487,1000,6488000
6488,1000,6489000
6489,1000,6490000
6490,1000,6491000
6491,1000,6492000
6492,1000,6493000
6493,1000,6494000
6494,1000,6495000
6495,1000,6496000
6496,1000,6497000
6497,1000,6498000
6498,1000,6499000
6499,1000,6500000
6500,1000,6501000
6501,1000,6502000
6502,1000,6503000
6503,1000,6504000
6504,1000,6505000
6505,1000,6506000
6506,1000,6507000
6507,1000,6508000
6508,1000,6509000
6509,1000,6510000
6510,1000,6511000
6511,1000,6512000
6512,1000,6513000
6513,1000,6514000
6514,1000,6515000
6515,1000,6516000
6516,1000,6517000
6517,1000,6518000
6518,1000,6519000
6519,1000,6520000
6520,1000,6521000
6521,1000,6522000
6522,1000,6523000
6523,1000,6524000
6524,1000,6525000
6525,1000,6526000
6526,1000,6527000
6527,1000,6528000
6528,1000,6529000
6529,1000,6530000
6530,1000,6531000
6531,1000,6532000
6532,1000,6533000
6533,1000,6534000
6534,1000,6535000
6535,1000,6536000
6536,1000,6537000
6537,1000,6538000
6538,1000,6539000
6539,1000,6540000
6540,1000,6541000
6541,1000,6542000
6542,1000,6543000
6543,1000,6544000
6544,1000,6545000
6545,1000,6546000
6546,1000,6547000
6547,1000,6548000
6548,1000,6549000
6549,1000,6550000
6550,1000,6551000
6551,1000,6552000
6552,1000,6553000
6553,1000,6554000
6554,1000,6555000
6555,1000,6556000
6556,1000,6557000
6557,1000,6558000
6558,1000,6559000
6559,1000,6560000
6560,1000,6561000
6561,1000,6562000
6562,1000,6563000
6563,1000,6564000
6564,1000,6565000
6565,1000,6566000
6566,1000,6567000
6567,1000,6568000
6568,1000,6569000
6569,1000,6570000
6570,1000,6571000
6571,1000,6572000
6572,1000,6573000
6573,1000,6574000
6574,1000,6575000
6575,1000,6576000
6576,1000,6577000
6577,1000,6578000
6578,1000,6579000
6579,1000,6580000
6580,1000,6581000
6581,1000,6582000
6582,1000,6583000
6583,1000,6584000
6584,1000,6585000
6585,1000,6586000
6586,1000,6587000
6587,1000,6588000
6588,1000,6589000
6589,1000,6590000
6590,1000,6591000
6591,1000,6592000
6592,1000,6593000
6593,1000,6594000
6594,1000,6595000
6595,1000,6596000
6596,1000,6597000
6597,1000,6598000
6598,1000,6599000
6599,1000,6600000
6600,1000,6601000
6601,1000,6602000
6602,1000,6603000
6603,1000,6604000
6604,1000,6605000
6605,1000,6606000
6606,1000,6607000
6607,1000,6608000
6608,1000,6609000
6609,1000,6610000
6610,1000,6611000
6611,1000,6612000
6612,1000,6613000
6613,1000,6614000
6614,1000,6615000
6615,1000,6616000
6616,1000,6617000
6617,1000,6618000
6618,1000,6619000
6619,1000,6620000
6620,1000,6621000
6621,1000,6622000
6622,1000,6623000
6623,1000,6624000
6624,1000,6625000
6625,1000,6626000
6626,1000,6627000
6627,1000,6628000
6628,1000,6629000
6629,1000,6630000
6630,1000,6631000
6631,1000,6632000
6632,1000,6633000
6633,1000,6634000
6634,1000,6635000
6635,1000,6636000
6636,1000,6637000
6637,1000,6638000
6638,1000,6639000
6639,1000,6640000
6640,1000,6641000
6641,1000,6642000
6642,1000,6643000
6643,1000,6644000
6644,1000,6645000
6645,1000,6646000
6646,1000,6647000
6647,1000,6648000
6648,1000,6649000
6649,1000,6650000
6650,1000,6651000
6651,1000,6652000
6652,1000,6653000
6653,1000,6654000
6654,1000,6655000
6655,1000,6656000
6656,1000,6657000
6657,1000,6658000
6658,1000,6659000
6659,1000,6660000
6660,1000,6661000
6661,1000,6662000
6662,1000,6663000
6663,1000,6664000
6664,1000,6665000
6665,1000,6666000
6666,1000,6667000
6667,1000,6668000
6668,1000,6669000
6669,1000,6670000
6670,1000,6671000
6671,1000,6672000
6672,1000,6673000
6673,1000,6674000
6674,1000,6675000
6675,1000,6676000
6676,1000,6677000
6677,1000,6678000
6678,1000,6679000
6679,1000,6680000
6680,1000,6681000
6681,1000,6682000
6682,1000,6683000
6683,1000,6684000
6684,1000,6685000
6685,1000,6686000
6686,1000,6687000
6687,1000,6688000
6688,1000,6689000
6689,1000,6690000
6690,1000,6691000
6691,1000,6692000
6692,1000,6693000
6693,1000,6694000
6694,1000,6695000
6695,1000,6696000
6696,1000,6697000
6697,1000,6698000
6698,1000,6699000
6699,1000,6700000
6700,1000,6701000
6701,1000,6702000
6702,1000,6703000
6703,1000,6704000
6704,1000,6705000
6705,1000,6706000
6706,1000,6707000
6707,1000,6708000
6708,1000,6709000
6709,1000,6710000
6710,1000,6711000
6711,1000,6712000
6712,1000,6713000
6713,1000,6714000
6714,1000,6715000
6715,1000,6716000
6716,1000,6717000
6717,1000,6718000
6718,1000,6719000
6719,1000,6720000
6720,1000,6721000
6721,1000,6722000
6722,1000,6723000
6723,1000,6724000
6724,1000,6725000
6725,1000,6726000
6726,1000,6727000
6727,1000,6728000
6728,1000,6729000
6729,1000,6730000
6730,1000,6731000
6731,1000,6732000
6732,1000,6733000
6733,1000,6734000
6734,1000,6735000
6735,1000,6736000
6736,1000,6737000
6737,1000,6738000
6738,1000,6739000
6739,1000,6740000
6740,1000,6741000
6741,1000,6742000
6742,1000,6743000
6743,1000,6744000
6744,1000,6745000
6745,1000,6746000
6746,1000,6747000
6747,1000,6748000
6748,1000,6749000
6749,1000,6750000
6750,1000,6751000
6751,1000,6752000
6752,1000,6753000
6753,1000,6754000
6754,1000,6755000
6755,1000,6756000
6756,1000,6757000
6757,1000,6758000
6758,1000,6759000
6759,1000,6760000
6760,1000,6761000
6761,1000,6762000
6762,1000,6763000
6763,1000,6764000
6764,1000,6765000
6765,1000,6766000
6766,1000,6767000
6767,1000,6768000
6768,1000,6769000
6769,1000,6770000
6770,1000,6771000
6771,1000,6772000
6772,1000,6773000
6773,1000,6774000
6774,1000,6775000
6775,1000,6776000
6776,1000,6777000
6777,1000,6778000
6778,1000,6779000
6779,1000,6780000
6780,1000,6781000
6781,1000,6782000
6782,1000,6783000
6783,1000,6784000
6784,1000,6785000
6785,1000,6786000
6786,1000,6787000
6787,1000,6788000
6788,1000,6789000
6789,1000,6790000
6790,1000,6791000
6791,1000,6792000
6792,1000,6793000
6793,1000,6794000
6794,1000,6795000
6795,1000,6796000
6796,1000,6797000
6797,1000,6798000
6798,1000,6799000
6799,1000,6800000
6800,1000,6801000
6801,1000,6802000
6802,1000,6803000
6803,1000,6804000
6804,1000,6805000
6805,1000,6806000
6806,1000,6807000
6807,1000,6808000
6808,1000,6809000
6809,1000,6810000
6810,1000,6811000
6811,1000,6812000
6812,1000,6813000
6813,1000,6814000
6814,1000,6815000
6815,1000,6816000
6816,1000,6817000
6817,1000,6818000
6818,1000,6819000
6819,1000,6820000
6820,1000,6821000
6821,1000,6822000
6822,1000,6823000
6823,1000,6824000
6824,1000,6825000
6825,1000,6826000
6826,1000,6827000
6827,1000,6828000
6828,1000,6829000
6829,1000,6830000
6830,1000,6831000
6831,1000,6832000
6832,1000,6833000
6833,1000,6834000
6834,1000,6835000
6835,1000,6836000
6836,1000,6837000
6837,1000,6838000
6838,1000,6839000
6839,1000,6840000
6840,1000,6841000
6841,1000,6842000
6842,1000,6843000
6843,1000,6844000
6844,1000,6845000
6845,1000,6846000
6846,1000,6847000
6847,1000,6848000
6848,1000,6849000
6849,1000,6850000
6850,1000,6851000
6851,1000,6852000
6852,1000,6853000
6853,1000,6854000
6854,1000,6855000
6855,1000,6856000
6856,1000,6857000
6857,1000,6858000
6858,1000,6859000
6859,1000,6860000
6860,1000,6861000
6861,1000,6862000
6862,1000,6863000
6863,1000,6864000
6864,1000,6865000
6865,1000,6866000
6866,1000,6867000
6867,1000,6868000
6868,1000,6869000
6869,1000,6870000
6870,1000,6871000
6871,1000,6872000
6872,1000,6873000
6873,1000,6874000
6874,1000,6875000
6875,1000,6876000
6876,1000,6877000
6877,1000,6878000
6878,1000,6879000
6879,1000,6880000
6880,1000,6881000
6881,1000,6882000
6882,1000,6883000
6883,1000,6884000
6884,1000,6885000
6885,1000,6886000
6886,1000,6887000
6887,1000,6888000
6888,1000,6889000
6889,1000,6890000
6890,1000,6891000
6891,1000,6892000
6892,1000,6893000
6893,1000,6894000
6894,1000,6895000
6895,1000,6896000
6896,1000,6897000
6897,1000,6898000
6898,1000,6899000
6899,1000,6900000
6900,1000,6901000
6901,1000,6902000
6902,1000,6903000
6903,1000,6904000
6904,1000,6905000
6905,1000,6906000
6906,1000,6907000
6907,1000,6908000
6908,1000,6909000
6909,1000,6910000
6910,1000,6911000
6911,1000,6912000
6912,1000,6913000
6913,1000,6914000
6914,1000,6915000
6915,1000,6916000
6916,1000,6917000
6917,1000,6918000
6918,1000,6919000
6919,1000,6920000
6920,1000,6921000
6921,1000,6922000
6922,1000,6923000
6923,1000,6924000
6924,1000,6925000
6925,1000,6926000
6926,1000,6927000
6927,1000,6928000
6928,1000,6929000
6929,1000,6930000
6930,1000,6931000
6931,1000,6932000
6932,1000,6933000
6933,1000,6934000
6934,1000,6935000
6935,1000,6936000
6936,1000,6937000
6937,1000,6938000
6938,1000,6939000
6939,1000,6940000
6940,1000,6941000
6941,1000,6942000
6942,1000,6943000
6943,1000,6944000
6944,1000,6945000
6945,1000,6946000
6946,1000,6947000
6947,1000,6948000
6948,1000,6949000
6949,1000,6950000
6950,1000,6951000
6951,1000,6952000
6952,1000,6953000
6953,1000,6954000
6954,1000,6955000
6955,1000,6956000
6956,1000,6957000
6957,1000,6958000
6958,1000,6959000
6959,1000,6960000
6960,1000,6961000
6961,1000,6962000
6962,1000,6963000
6963,1000,6964000
6964,1000,6965000
6965,1000,6966000
6966,1000,6967000
6967,1000,6968000
6968,1000,6969000
6969,1000,6970000
6970,1000,6971000
6971,1000,6972000
6972,1000,6973000
6973,1000,6974000
6974,1000,6975000
6975,1000,6976000
6976,1000,6977000
6977,1000,6978000
6978,1000,6979000
6979,1000,6980000
6980,1000,6981000
6981,1000,6982000
6982,1000,6983000
6983,1000,6984000
6984,1000,6985000
6985,1000,6986000
6986,1000,6987000
6987,1000,6988000
6988,1000,6989000
6989,1000,6990000
6990,1000,6991000
6991,1000,6992000
6992,1000,6993000
6993,1000,6994000
6994,1000,6995000
6995,1000,6996000
6996,1000,6997000
6997,1000,6998000
6998,1000,6999000
6999,1000,7000000
7000,1000,7001000
7001,1000,7002000
7002,1000,7003000
7003,1000,7004000
7004,1000,7005000
7005,1000,7006000
7006,1000,7007000
7007,1000,7008000
7008,1000,7009000
7009,1000,7010000
7010,1000,7011000
7011,1000,7012000
7012,1000,7013000
7013,1000,7014000
7014,1000,7015000
7015,1000,7016000
7016,1000,7017000
7017,1000,7018000
7018,1000,7019000
7019,1000,7020000
7020,1000,7021000
7021,1000,7022000
7022,1000,7023000
7023,1000,7024000
7024,1000,7025000
7025,1000,7026000
7026,1000,7027000
7027,1000,7028000
7028,1000,7029000
7029,1000,7030000
7030,1000,7031000
7031,1000,7032000
7032,1000,7033000
7033,1000,7034000
7034,1000,7035000
7035,1000,7036000
7036,1000,7037000
7037,1000,7038000
7038,1000,7039000
7039,1000,7040000
7040,1000,7041000
7041,1000,7042000
7042,1000,7043000
7043,1000,7044000
7044,1000,7045000
7045,1000,7046000
7046,1000,7047000
7047,1000,7048000
7048,1000,7049000
7049,1000,7050000
7050,1000,7051000
7051,1000,7052000
7052,1000,7053000
7053,1000,7054000
7054,1000,7055000
7055,1000,7056000
7056,1000,7057000
7057,1000,7058000
7058,1000,7059000
7059,1000,7060000
7060,1000,7061000
7061,1000,7062000
7062,1000,7063000
7063,1000,7064000
7064,1000,7065000
7065,1000,7066000
7066,1000,7067000
7067,1000,7068000
7068,1000,7069000
7069,1000,7070000
7070,1000,7071000
7071,1000,7072000
7072,1000,7073000
7073,1000,7074000
7074,1000,7075000
7075,1000,7076000
7076,1000,7077000
7077,1000,7078000
7078,1000,7079000
7079,1000,7080000
7080,1000,7081000
7081,1000,7082000
7082,1000,7083000
7083,1000,7084000
7084,1000,7085000
7085,1000,7086000
7086,1000,7087000
7087,1000,7088000
7088,1000,7089000
7089,1000,7090000
7090,1000,7091000
7091,1000,7092000
7092,1000,7093000
7093,1000,7094000
7094,1000,7095000
7095,1000,7096000
7096,1000,7097000
7097,1000,7098000
7098,1000,7099000
7099,1000,7100000
7100,1000,7101000
7101,1000,7102000
7102,1000,7103000
7103,1000,7104000
7104,1000,7105000
7105,1000,7106000
7106,1000,7107000
7107,1000,7108000
7108,1000,7109000
7109,1000,7110000
7110,1000,7111000
7111,1000,7112000
7112,1000,7113000
7113,1000,7114000
7114,1000,7115000
7115,1000,7116000
7116,1000,7117000
7117,1000,7118000
7118,1000,7119000
7119,1000,7120000
7120,1000,7121000
7121,1000,7122000
7122,1000,7123000
7123,1000,7124000
7124,1000,7125000
7125,1000,7126000
7126,1000,7127000
7127,1000,7128000
7128,1000,7129000
7129,1000,7130000
7130,1000,7131000
7131,1000,7132000
7132,1000,7133000
7133,1000,7134000
7134,1000,7135000
7135,1000,7136000
7136,1000,7137000
7137,1000,7138000
7138,1000,7139000
7139,1000,7140000
7140,1000,7141000
7141,1000,7142000
7142,1000,7143000
7143,1000,7144000
7144,1000,7145000
7145,1000,7146000
7146,1000,7147000
7147,1000,7148000
7148,1000,7149000
7149,1000,7150000
7150,1000,7151000
7151,1000,7152000
7152,1000,7153000
7153,1000,7154000
7154,1000,7155000
7155,1000,7156000
7156,1000,7157000
7157,1000,7158000
7158,1000,7159000
7159,1000,7160000
7160,1000,7161000
7161,1000,7162000
7162,1000,7163000
7163,1000,7164000
7164,1000,7165000
7165,1000,7166000
7166,1000,7167000
7167,1000,7168000
7168,1000,7169000
7169,1000,7170000
7170,1000,7171000
7171,1000,7172000
7172,1000,7173000
7173,1000,7174000
7174,1000,7175000
7175,1000,7176000
7176,1000,7177000
7177,1000,7178000
7178,1000,7179000
7179,1000,7180000
7180,1000,7181000
7181,1000,7182000
7182,1000,7183000
7183,1000,7184000
7184,1000,7185000
7185,1000,7186000
7186,1000,7187000
7187,1000,7188000
7188,1000,7189000
7189,1000,7190000
7190,1000,7191000
7191,1000,7192000
7192,1000,7193000
7193,1000,7194000
7194,1000,7195000
7195,1000,7196000
7196,1000,7197000
7197,1000,7198000
7198,1000,7199000
7199,1000,7200000
7200,1000,7201000
7201,1000,7202000
7202,1000,7203000
7203,1000,7204000
7204,1000,7205000
7205,1000,7206000
7206,1000,7207000
7207,1000,7208000
7208,1000,7209000
7209,1000,7210000
7210,1000,7211000
7211,1000,7212000
7212,1000,7213000
7213,1000,7214000
7214,1000,7215000
7215,1000,7216000
7216,1000,7217000
7217,1000,7218000
7218,1000,7219000
7219,1000,7220000
7220,1000,7221000
7221,1000,7222000
7222,1000,7223000
7223,1000,7224000
7224,1000,7225000
7225,1000,7226000
7226,1000,7227000
7227,1000,7228000
7228,1000,7229000
7229,1000,7230000
7230,1000,7231000
7231,1000,7232000
7232,1000,7233000
7233,1000,7234000
7234,1000,7235000
7235,1000,7236000
7236,1000,7237000
7237,1000,7238000
7238,1000,7239000
7239,1000,7240000
7240,1000,7241000
7241,1000,7242000
7242,1000,7243000
7243,1000,7244000
7244,1000,7245000
7245,1000,7246000
7246,1000,7247000
7247,1000,7248000
7248,1000,7249000
7249,1000,7250000
7250,1000,7251000
7251,1000,7252000
7252,1000,7253000
7253,1000,7254000
7254,1000,7255000
7255,1000,7256000
7256,1000,7257000
7257,1000,7258000
7258,1000,7259000
7259,1000,7260000
7260,1000,7261000
7261,1000,7262000
7262,1000,7263000
7263,1000,7264000
7264,1000,7265000
7265,1000,7266000
7266,1000,7267000
7267,1000,7268000
7268,1000,7269000
7269,1000,7270000
7270,1000,7271000
7271,1000,7272000
7272,1000,7273000
7273,1000,7274000
7274,1000,7275000
7275,1000,7276000
7276,1000,7277000
7277,1000,7278000
7278,1000,7279000
7279,1000,7280000
7280,1000,7281000
7281,1000,7282000
7282,1000,7283000
7283,1000,7284000
7284,1000,7285000
7285,1000,7286000
7286,1000,7287000
7287,1000,7288000
7288,1000,7289000
7289,1000,7290000
7290,1000,7291000
7291,1000,7292000
7292,1000,7293000
7293,1000,7294000
7294,1000,7295000
7295,1000,7296000
7296,1000,7297000
7297,1000,7298000
7298,1000,7299000
7299,1000,7300000
7300,1000,7301000
7301,1000,7302000
7302,1000,7303000
7303,1000,7304000
7304,1000,7305000
7305,1000,7306000
7306,1000,7307000
7307,1000,7308000
7308,1000,7309000
7309,1000,7310000
7310,1000,7311000
7311,1000,7312000
7312,1000,7313000
7313,1000,7314000
7314,1000,7315000
7315,1000,7316000
7316,1000,7317000
7317,1000,7318000
7318,1000,7319000
7319,1000,7320000
7320,1000,7321000
7321,1000,7322000
7322,1000,7323000
7323,1000,7324000
7324,1000,7325000
7325,1000,7326000
7326,1000,7327000
7327,1000,7328000
7328,1000,7329000
7329,1000,7330000
7330,1000,7331000
7331,1000,7332000
7332,1000,7333000
7333,1000,7334000
7334,1000,7335000
7335,1000,7336000
7336,1000,7337000
7337,1000,7338000
7338,1000,7339000
7339,1000,7340000
7340,1000,7341000
7341,1000,7342000
7342,1000,7343000
7343,1000,7344000
7344,1000,7345000
7345,1000,7346000
7346,1000,7347000
7347,1000,7348000
7348,1000,7349000
7349,1000,7350000
7350,1000,7351000
7351,1000,7352000
7352,1000,7353000
7353,1000,7354000
7354,1000,7355000
7355,1000,7356000
7356,1000,7357000
7357,1000,7358000
7358,1000,7359000
7359,1000,7360000
7360,1000,7361000
7361,1000,7362000
7362,1000,7363000
7363,1000,7364000
7364,1000,7365000
7365,1000,7366000
7366,1000,7367000
7367,1000,7368000
7368,1000,7369000
7369,1000,7370000
7370,1000,7371000
7371,1000,7372000
7372,1000,7373000
7373,1000,7374000
7374,1000,7375000
7375,1000,7376000
7376,1000,7377000
7377,1000,7378000
7378,1000,7379000
7379,1000,7380000
7380,1000,7381000
7381,1000,7382000
7382,1000,7383000
7383,1000,7384000
7384,1000,7385000
7385,1000,7386000
7386,1000,7387000
7387,1000,7388000
7388,1000,7389000
7389,1000,7390000
7390,1000,7391000
7391,1000,7392000
7392,1000,7393000
7393,1000,7394000
7394,1000,7395000
7395,1000,7396000
7396,1000,7397000
7397,1000,7398000
7398,1000,7399000
7399,1000,7400000
7400,1000,7401000
7401,1000,7402000
7402,1000,7403000
7403,1000,7404000
7404,1000,7405000
7405,1000,7406000
7406,1000,7407000
7407,1000,7408000
7408,1000,7409000
7409,1000,7410000
7410,1000,7411000
7411,1000,7412000
7412,1000,7413000
7413,1000,7414000
7414,1000,7415000
7415,1000,7416000
7416,1000,7417000
7417,1000,7418000
7418,1000,7419000
7419,1000,7420000
7420,1000,7421000
7421,1000,7422000
7422,1000,7423000
7423,1000,7424000
7424,1000,7425000
7425,1000,7426000
7426,1000,7427000
7427,1000,7428000
7428,1000,7429000
7429,1000,7430000
7430,1000,7431000
7431,1000,7432000
7432,1000,7433000
7433,1000,7434000
7434,1000,7435000
7435,1000,7436000
7436,1000,7437000
7437,1000,7438000
7438,1000,7439000
7439,1000,7440000
7440,1000,7441000
7441,1000,7442000
7442,1000,7443000
7443,1000,7444000
7444,1000,7445000
7445,1000,7446000
7446,1000,7447000
7447,1000,7448000
7448,1000,7449000
7449,1000,7450000
7450,1000,7451000
7451,1000,7452000
7452,1000,7453000
7453,1000,7454000
7454,1000,7455000
7455,1000,7456000
7456,1000,7457000
7457,1000,7458000
7458,1000,7459000
7459,1000,7460000
7460,1000,7461000
7461,1000,7462000
7462,1000,7463000
7463,1000,7464000
7464,1000,7465000
7465,1000,7466000
7466,1000,7467000
7467,1000,7468000
7468,1000,7469000
7469,1000,7470000
7470,1000,7471000
7471,1000,7472000
7472,1000,7473000
7473,1000,7474000
7474,1000,7475000
7475,1000,7476000
7476,1000,7477000
7477,1000,7478000
7478,1000,7479000
7479,1000,7480000
7480,1000,7481000
7481,1000,7482000
7482,1000,7483000
7483,1000,7484000
7484,1000,7485000
7485,1000,7486000
7486,1000,7487000
7487,1000,7488000
7488,1000,7489000
7489,1000,7490000
7490,1000,7491000
7491,1000,7492000
7492,1000,7493000
7493,1000,7494000
7494,1000,7495000
7495,1000,7496000
7496,1000,7497000
7497,1000,7498000
7498,1000,7499000
7499,1000,7500000
7500,1000,7501000
7501,1000,7502000
7502,1000,7503000
7503,1000,7504000
7504,1000,7505000
7505,1000,7506000
7506,1000,7507000
7507,1000,7508000
7508,1000,7509000
7509,1000,7510000
7510,1000,7511000
7511,1000,7512000
7512,1000,7513000
7513,1000,7514000
7514,1000,7515000
7515,1000,7516000
7516,1000,7517000
7517,1000,7518000
7518,1000,7519000
7519,1000,7520000
7520,1000,7521000
7521,1000,7522000
7522,1000,7523000
7523,1000,7524000
7524,1000,7525000
7525,1000,7526000
7526,1000,7527000
7527,1000,7528000
7528,1000,7529000
7529,1000,7530000
7530,1000,7531000
7531,1000,7532000
7532,1000,7533000
7533,1000,7534000
7534,1000,7535000
7535,1000,7536000
7536,1000,7537000
7537,1000,7538000
7538,1000,7539000
7539,1000,7540000
7540,1000,7541000
7541,1000,7542000
7542,1000,7543000
7543,1000,7544000
7544,1000,7545000
7545,1000,7546000
7546,1000,7547000
7547,1000,7548000
7548,1000,7549000
7549,1000,7550000
7550,1000,7551000
7551,1000,7552000
7552,1000,7553000
7553,1000,7554000
7554,1000,7555000
7555,1000,7556000
7556,1000,7557000
7557,1000,7558000
7558,1000,7559000
7559,1000,7560000
7560,1000,7561000
7561,1000,7562000
7562,1000,7563000
7563,1000,7564000
7564,1000,7565000
7565,1000,7566000
7566,1000,7567000
7567,1000,7568000
7568,1000,7569000
7569,1000,7570000
7570,1000,7571000
7571,1000,7572000
7572,1000,7573000
7573,1000,7574000
7574,1000,7575000
7575,1000,7576000
7576,1000,7577000
7577,1000,7578000
7578,1000,7579000
7579,1000,7580000
7580,1000,7581000
7581,1000,7582000
7582,1000,7583000
7583,1000,7584000
7584,1000,7585000
7585,1000,7586000
7586,1000,7587000
7587,1000,7588000
7588,1000,7589000
7589,1000,7590000
7590,1000,7591000
7591,1000,7592000
7592,1000,7593000
7593,1000,7594000
7594,1000,7595000
7595,1000,7596000
7596,1000,7597000
7597,1000,7598000
7598,1000,7599000
7599,1000,7600000
7600,1000,7601000
7601,1000,7602000
7602,1000,7603000
7603,1000,7604000
7604,1000,7605000
7605,1000,7606000
7606,1000,7607000
7607,1000,7608000
7608,1000,7609000
7609,1000,7610000
7610,1000,7611000
7611,1000,7612000
7612,1000,7613000
7613,1000,7614000
7614,1000,7615000
7615,1000,7616000
7616,1000,7617000
7617,1000,7618000
7618,1000,7619000
7619,1000,7620000
7620,1000,7621000
7621,1000,7622000
7622,1000,7623000
7623,1000,7624000
7624,1000,7625000
7625,1000,7626000
7626,1000,7627000
7627,1000,7628000
7628,1000,7629000
7629,1000,7630000
7630,1000,7631000
7631,1000,7632000
7632,1000,7633000
7633,1000,7634000
7634,1000,7635000
7635,1000,7636000
7636,1000,7637000
7637,1000,7638000
7638,1000,7639000
7639,1000,7640000
7640,1000,7641000
7641,1000,7642000
7642,1000,7643000
7643,1000,7644000
7644,1000,7645000
7645,1000,7646000
7646,1000,7647000
7647,1000,7648000
7648,1000,7649000
7649,1000,7650000
7650,1000,7651000
7651,1000,7652000
7652,1000,7653000
7653,1000,7654000
7654,1000,7655000
7655,1000,7656000
7656,1000,7657000
7657,1000,7658000
7658,1000,7659000
7659,1000,7660000
7660,1000,7661000
7661,1000,7662000
7662,1000,7663000
7663,1000,7664000
7664,1000,7665000
7665,1000,7666000
7666,1000,7667000
7667,1000,7668000
7668,1000,7669000
7669,1000,7670000
7670,1000,7671000
7671,1000,7672000
7672,1000,7673000
7673,1000,7674000
7674,1000,7675000
7675,1000,7676000
7676,1000,7677000
7677,1000,7678000
7678,1000,7679000
7679,1000,7680000
7680,1000,7681000
7681,1000,7682000
7682,1000,7683000
7683,1000,7684000
7684,1000,7685000
7685,1000,7686000
7686,1000,7687000
7687,1000,7688000
7688,1000,7689000
7689,1000,7690000
7690,1000,7691000
7691,1000,7692000
7692,1000,7693000
7693,1000,7694000
7694,1000,7695000
7695,1000,7696000
7696,1000,7697000
7697,1000,7698000
7698,1000,7699000
7699,1000,7700000
7700,1000,7701000
7701,1000,7702000
7702,1000,7703000
7703,1000,7704000
7704,1000,7705000
7705,1000,7706000
7706,1000,7707000
7707,1000,7708000
7708,1000,7709000
7709,1000,7710000
7710,1000,7711000
7711,1000,7712000
7712,1000,7713000
7713,1000,7714000
7714,1000,7715000
7715,1000,7716000
7716,1000,7717000
7717,1000,7718000
7718,1000,7719000
7719,1000,7720000
7720,1000,7721000
7721,1000,7722000
7722,1000,7723000
7723,1000,7724000
7724,1000,7725000
7725,1000,7726000
7726,1000,7727000
7727,1000,7728000
7728,1000,7729000
7729,1000,7730000
7730,1000,7731000
7731,1000,7732000
7732,1000,7733000
7733,1000,7734000
7734,1000,7735000
7735,1000,7736000
7736,1000,7737000
7737,1000,7738000
7738,1000,7739000
7739,1000,7740000
7740,1000,7741000
7741,1000,7742000
7742,1000,7743000
7743,1000,7744000
7744,1000,7745000
7745,1000,7746000
7746,1000,7747000
7747,1000,7748000
7748,1000,7749000
7749,1000,7750000
7750,1000,7751000
7751,1000,7752000
7752,1000,7753000
7753,1000,7754000
7754,1000,7755000
7755,1000,7756000
7756,1000,7757000
7757,1000,7758000
7758,1000,7759000
7759,1000,7760000
7760,1000,7761000
7761,1000,7762000
7762,1000,7763000
7763,1000,7764000
7764,1000,7765000
7765,1000,7766000
7766,1000,7767000
7767,1000,7768000
7768,1000,7769000
7769,1000,7770000
7770,1000,7771000
7771,1000,7772000
7772,1000,7773000
7773,1000,7774000
7774,1000,7775000
7775,1000,7776000
7776,1000,7777000
7777,1000,7778000
7778,1000,7779000
7779,1000,7780000
7780,1000,7781000
7781,1000,7782000
7782,1000,7783000
7783,1000,7784000
7784,1000,7785000
7785,1000,7786000
7786,1000,7787000
7787,1000,7788000
7788,1000,7789000
7789,1000,7790000
7790,1000,7791000
7791,1000,7792000
7792,1000,7793000
7793,1000,7794000
7794,1000,7795000
7795,1000,7796000
7796,1000,7797000
7797,1000,7798000
7798,1000,7799000
7799,1000,7800000
7800,1000,7801000
7801,1000,7802000
7802,1000,7803000
7803,1000,7804000
7804,1000,7805000
7805,1000,7806000
7806,1000,7807000
7807,1000,7808000
7808,1000,7809000
7809,1000,7810000
7810,1000,7811000
7811,1000,7812000
7812,1000,7813000
7813,1000,7814000
7814,1000,7815000
7815,1000,7816000
7816,1000,7817000
7817,1000,7818000
7818,1000,7819000
7819,1000,7820000
7820,1000,7821000
7821,1000,7822000
7822,1000,7823000
7823,1000,7824000
7824,1000,7825000
7825,1000,7826000
7826,1000,7827000
7827,1000,7828000
7828,1000,7829000
7829,1000,7830000
7830,1000,7831000
7831,1000,7832000
7832,1000,7833000
7833,1000,7834000
7834,1000,7835000
7835,1000,7836000
7836,1000,7837000
7837,1000,7838000
7838,1000,7839000
7839,1000,7840000
7840,1000,7841000
7841,1000,7842000
7842,1000,7843000
7843,1000,7844000
7844,1000,7845000
7845,1000,7846000
7846,1000,7847000
7847,1000,7848000
7848,1000,7849000
7849,1000,7850000
7850,1000,7851000
7851,1000,7852000
7852,1000,7853000
7853,1000,7854000
7854,1000,7855000
7855,1000,7856000
7856,1000,7857000
7857,1000,7858000
7858,1000,7859000
7859,1000,7860000
7860,1000,7861000
7861,1000,7862000
7862,1000,7863000
7863,1000,7864000
7864,1000,7865000
7865,1000,7866000
7866,1000,7867000
7867,1000,7868000
7868,1000,7869000
7869,1000,7870000
7870,1000,7871000
7871,1000,7872000
7872,1000,7873000
7873,1000,7874000
7874,1000,7875000
7875,1000,7876000
7876,1000,7877000
7877,1000,7878000
7878,1000,7879000
7879,1000,7880000
7880,1000,7881000
7881,1000,7882000
7882,1000,7883000
7883,1000,7884000
7884,1000,7885000
7885,1000,7886000
7886,1000,7887000
7887,1000,7888000
7888,1000,7889000
7889,1000,7890000
7890,1000,7891000
7891,1000,7892000
7892,1000,7893000
7893,1000,7894000
7894,1000,7895000
7895,1000,7896000
7896,1000,7897000
7897,1000,7898000
7898,1000,7899000
7899,1000,7900000
7900,1000,7901000
7901,1000,7902000
7902,1000,7903000
7903,1000,7904000
7904,1000,7905000
7905,1000,7906000
7906,1000,7907000
7907,1000,7908000
7908,1000,7909000
7909,1000,7910000
7910,1000,7911000
7911,1000,7912000
7912,1000,7913000
7913,1000,7914000
7914,1000,7915000
7915,1000,7916000
7916,1000,7917000
7917,1000,7918000
7918,1000,7919000
7919,1000,7920000
7920,1000,7921000
7921,1000,7922000
7922,1000,7923000
7923,1000,7924000
7924,1000,7925000
7925,1000,7926000
7926,1000,7927000
7927,1000,7928000
7928,1000,7929000
7929,1000,7930000
7930,1000,7931000
7931,1000,7932000
7932,1000,7933000
7933,1000,7934000
7934,1000,7935000
7935,1000,7936000
7936,1000,7937000
7937,1000,7938000
7938,1000,7939000
7939,1000,7940000
7940,1000,7941000
7941,1000,7942000
7942,1000,7943000
7943,1000,7944000
7944,1000,7945000
7945,1000,7946000
7946,1000,7947000
7947,1000,7948000
7948,1000,7949000
7949,1000,7950000
7950,1000,7951000
7951,1000,7952000
7952,1000,7953000
7953,1000,7954000
7954,1000,7955000
7955,1000,7956000
7956,1000,7957000
7957,1000,7958000
7958,1000,7959000
7959,1000,7960000
7960,1000,7961000
7961,1000,7962000
7962,1000,7963000
7963,1000,7964000
7964,1000,7965000
7965,1000,7966000
7966,1000,7967000
7967,1000,7968000
7968,1000,7969000
7969,1000,7970000
7970,1000,7971000
7971,1000,7972000
7972,1000,7973000
7973,1000,7974000
7974,1000,7975000
7975,1000,7976000
7976,1000,7977000
7977,1000,7978000
7978,1000,7979000
7979,1000,7980000
7980,1000,7981000
7981,1000,7982000
7982,1000,7983000
7983,1000,7984000
7984,1000,7985000
7985,1000,7986000
7986,1000,7987000
7987,1000,7988000
7988,1000,7989000
7989,1000,7990000
7990,1000,7991000
7991,1000,7992000
7992,1000,7993000
7993,1000,7994000
7994,1000,7995000
7995,1000,7996000
7996,1000,7997000
7997,1000,7998000
7998,1000,7999000
7999,1000,8000000
8000,1000,8001000
8001,1000,8002000
8002,1000,8003000
8003,1000,8004000
8004,1000,8005000
8005,1000,8006000
8006,1000,8007000
8007,1000,8008000
8008,1000,8009000
8009,1000,8010000
8010,1000,8011000
8011,1000,8012000
8012,1000,8013000
8013,1000,8014000
8014,1000,8015000
8015,1000,8016000
8016,1000,8017000
8017,1000,8018000
8018,1000,8019000
8019,1000,8020000
8020,1000,8021000
8021,1000,8022000
8022,1000,8023000
8023,1000,8024000
8024,1000,8025000
8025,1000,8026000
8026,1000,8027000
8027,1000,8028000
8028,1000,8029000
8029,1000,8030000
8030,1000,8031000
8031,1000,8032000
8032,1000,8033000
8033,1000,8034000
8034,1000,8035000
8035,1000,8036000
8036,1000,8037000
8037,1000,8038000
8038,1000,8039000
8039,1000,8040000
8040,1000,8041000
8041,1000,8042000
8042,1000,8043000
8043,1000,8044000
8044,1000,8045000
8045,1000,8046000
8046,1000,8047000
8047,1000,8048000
8048,1000,8049000
8049,1000,8050000
8050,1000,8051000
8051,1000,8052000
8052,1000,8053000
8053,1000,8054000
8054,1000,8055000
8055,1000,8056000
8056,1000,8057000
8057,1000,8058000
8058,1000,8059000
8059,1000,8060000
8060,1000,8061000
8061,1000,8062000
8062,1000,8063000
8063,1000,8064000
8064,1000,8065000
8065,1000,8066000
8066,1000,8067000
8067,1000,8068000
8068,1000,8069000
8069,1000,8070000
8070,1000,8071000
8071,1000,8072000
8072,1000,8073000
8073,1000,8074000
8074,1000,8075000
8075,1000,8076000
8076,1000,8077000
8077,1000,8078000
8078,1000,8079000
8079,1000,8080000
8080,1000,8081000
8081,1000,8082000
8082,1000,8083000
8083,1000,8084000
8084,1000,8085000
8085,1000,8086000
8086,1000,8087000
8087,1000,8088000
8088,1000,8089000
8089,1000,8090000
8090,1000,8091000
8091,1000,8092000
8092,1000,8093000
8093,1000,8094000
8094,1000,8095000
8095,1000,8096000
8096,1000,8097000
8097,1000,8098000
8098,1000,8099000
8099,1000,8100000
8100,1000,8101000
8101,1000,8102000
8102,1000,8103000
8103,1000,8104000
8104,1000,8105000
8105,1000,8106000
8106,1000,8107000
8107,1000,8108000
8108,1000,8109000
8109,1000,8110000
8110,1000,8111000
8111,1000,8112000
8112,1000,8113000
8113,1000,8114000
8114,1000,8115000
8115,1000,8116000
8116,1000,8117000
8117,1000,8118000
8118,1000,8119000
8119,1000,8120000
8120,1000,8121000
8121,1000,8122000
8122,1000,8123000
8123,1000,8124000
8124,1000,8125000
8125,1000,8126000
8126,1000,8127000
8127,1000,8128000
8128,1000,8129000
8129,1000,8130000
8130,1000,8131000
8131,1000,8132000
8132,1000,8133000
8133,1000,8134000
8134,1000,8135000
8135,1000,8136000
8136,1000,8137000
8137,1000,8138000
8138,1000,8139000
8139,1000,8140000
8140,1000,8141000
8141,1000,8142000
8142,1000,8143000
8143,1000,8144000
8144,1000,8145000
8145,1000,8146000
8146,1000,8147000
8147,1000,8148000
8148,1000,8149000
8149,1000,8150000
8150,1000,8151000
8151,1000,8152000
8152,1000,8153000
8153,1000,8154000
8154,1000,8155000
8155,1000,8156000
8156,1000,8157000
8157,1000,8158000
8158,1000,8159000
8159,1000,8160000
8160,1000,8161000
8161,1000,8162000
8162,1000,8163000
8163,1000,8164000
8164,1000,8165000
8165,1000,8166000
8166,1000,8167000
8167,1000,8168000
8168,1000,8169000
8169,1000,8170000
8170,1000,8171000
8171,1000,8172000
8172,1000,8173000
8173,1000,8174000
8174,1000,8175000
8175,1000,8176000
8176,1000,8177000
8177,1000,8178000
8178,1000,8179000
8179,1000,8180000
8180,1000,8181000
8181,1000,8182000
8182,1000,8183000
8183,1000,8184000
8184,1000,8185000
8185,1000,8186000
8186,1000,8187000
8187,1000,8188000
8188,1000,8189000
8189,1000,8190000
8190,1000,8191000
8191,1000,8192000
8192,1000,8193000
8193,1000,8194000
8194,1000,8195000
8195,1000,8196000
8196,1000,8197000
8197,1000,8198000
8198,1000,8199000
8199,1000,8200000
8200,1000,8201000
8201,1000,8202000
8202,1000,8203000
8203,1000,8204000
8204,1000,8205000
8205,1000,8206000
8206,1000,8207000
8207,1000,8208000
8208,1000,8209000
8209,1000,8210000
8210,1000,8211000
8211,1000,8212000
8212,1000,8213000
8213,1000,8214000
8214,1000,8215000
8215,1000,8216000
8216,1000,8217000
8217,1000,8218000
8218,1000,8219000
8219,1000,8220000
8220,1000,8221000
8221,1000,8222000
8222,1000,8223000
8223,1000,8224000
8224,1000,8225000
8225,1000,8226000
8226,1000,8227000
8227,1000,8228000
8228,1000,8229000
8229,1000,8230000
8230,1000,8231000
8231,1000,8232000
8232,1000,8233000
8233,1000,8234000
8234,1000,8235000
8235,1000,8236000
8236,1000,8237000
8237,1000,8238000
8238,1000,8239000
8239,1000,8240000
8240,1000,8241000
8241,1000,8242000
8242,1000,8243000
8243,1000,8244000
8244,1000,8245000
8245,1000,8246000
8246,1000,8247000
8247,1000,8248000
8248,1000,8249000
8249,1000,8250000
8250,1000,8251000
8251,1000,8252000
8252,1000,8253000
8253,1000,8254000
8254,1000,8255000
8255,1000,8256000
8256,1000,8257000
8257,1000,8258000
8258,1000,8259000
8259,1000,8260000
8260,1000,8261000
8261,1000,8262000
8262,1000,8263000
8263,1000,8264000
8264,1000,8265000
8265,1000,8266000
8266,1000,8267000
8267,1000,8268000
8268,1000,8269000
8269,1000,8270000
8270,1000,8271000
8271,1000,8272000
8272,1000,8273000
8273,1000,8274000
8274,1000,8275000
8275,1000,8276000
8276,1000,8277000
8277,1000,8278000
8278,1000,8279000
8279,1000,8280000
8280,1000,8281000
8281,1000,8282000
8282,1000,8283000
8283,1000,8284000
8284,1000,8285000
8285,1000,8286000
8286,1000,8287000
8287,1000,8288000
8288,1000,8289000
8289,1000,8290000
8290,1000,8291000
8291,1000,8292000
8292,1000,8293000
8293,1000,8294000
8294,1000,8295000
8295,1000,8296000
8296,1000,8297000
8297,1000,8298000
8298,1000,8299000
8299,1000,8300000
8300,1000,8301000
8301,1000,8302000
8302,1000,8303000
8303,1000,8304000
8304,1000,8305000
8305,1000,8306000
8306,1000,8307000
8307,1000,8308000
8308,1000,8309000
8309,1000,8310000
8310,1000,8311000
8311,1000,8312000
8312,1000,8313000
8313,1000,8314000
8314,1000,8315000
8315,1000,8316000
8316,1000,8317000
8317,1000,8318000
8318,1000,8319000
8319,1000,8320000
8320,1000,8321000
8321,1000,8322000
8322,1000,8323000
8323,1000,8324000
8324,1000,8325000
8325,1000,8326000
8326,1000,8327000
8327,1000,8328000
8328,1000,8329000
8329,1000,8330000
8330,1000,8331000
8331,1000,8332000
8332,1000,8333000
8333,1000,8334000
8334,1000,8335000
8335,1000,8336000
8336,1000,8337000
8337,1000,8338000
8338,1000,8339000
8339,1000,8340000
8340,1000,8341000
8341,1000,8342000
8342,1000,8343000
8343,1000,8344000
8344,1000,8345000
8345,1000,8346000
8346,1000,8347000
8347,1000,8348000
8348,1000,8349000
8349,1000,8350000
8350,1000,8351000
8351,1000,8352000
8352,1000,8353000
8353,1000,8354000
8354,1000,8355000
8355,1000,8356000
8356,1000,8357000
8357,1000,8358000
8358,1000,8359000
8359,1000,8360000
8360,1000,8361000
8361,1000,8362000
8362,1000,8363000
8363,1000,8364000
8364,1000,8365000
8365,1000,8366000
8366,1000,8367000
8367,1000,8368000
8368,1000,8369000
8369,1000,8370000
8370,1000,8371000
8371,1000,8372000
8372,1000,8373000
8373,1000,8374000
8374,1000,8375000
8375,1000,8376000
8376,1000,8377000
8377,1000,8378000
8378,1000,8379000
8379,1000,8380000
8380,1000,8381000
8381,1000,8382000
8382,1000,8383000
8383,1000,8384000
8384,1000,8385000
8385,1000,8386000
8386,1000,8387000
8387,1000,8388000
8388,1000,8389000
8389,1000,8390000
8390,1000,8391000
8391,1000,8392000
8392,1000,8393000
8393,1000,8394000
8394,1000,8395000
8395,1000,8396000
8396,1000,8397000
8397,1000,8398000
8398,1000,8399000
8399,1000,8400000
8400,1000,8401000
8401,1000,8402000
8402,1000,8403000
8403,1000,8404000
8404,1000,8405000
8405,1000,8406000
8406,1000,8407000
8407,1000,8408000
8408,1000,8409000
8409,1000,8410000
8410,1000,8411000
8411,1000,8412000
8412,1000,8413000
8413,1000,8414000
8414,1000,8415000
8415,1000,8416000
8416,1000,8417000
8417,1000,8418000
8418,1000,8419000
8419,1000,8420000
8420,1000,8421000
8421,1000,8422000
8422,1000,8423000
8423,1000,8424000
8424,1000,8425000
8425,1000,8426000
8426,1000,8427000
8427,1000,8428000
8428,1000,8429000
8429,1000,8430000
8430,1000,8431000
8431,1000,8432000
8432,1000,8433000
8433,1000,8434000
8434,1000,8435000
8435,1000,8436000
8436,1000,8437000
8437,1000,8438000
8438,1000,8439000
8439,1000,8440000
8440,1000,8441000
8441,1000,8442000
8442,1000,8443000
8443,1000,8444000
8444,1000,8445000
8445,1000,8446000
8446,1000,8447000
8447,1000,8448000
8448,1000,8449000
8449,1000,8450000
8450,1000,8451000
8451,1000,8452000
8452,1000,8453000
8453,1000,8454000
8454,1000,8455000
8455,1000,8456000
8456,1000,8457000
8457,1000,8458000
8458,1000,8459000
8459,1000,8460000
8460,1000,8461000
8461,1000,8462000
8462,1000,8463000
8463,1000,8464000
8464,1000,8465000
8465,1000,8466000
8466,1000,8467000
8467,1000,8468000
8468,1000,8469000
8469,1000,8470000
8470,1000,8471000
8471,1000,8472000
8472,1000,8473000
8473,1000,8474000
8474,1000,8475000
8475,1000,8476000
8476,1000,8477000
8477,1000,8478000
8478,1000,8479000
8479,1000,8480000
8480,1000,8481000
8481,1000,8482000
8482,1000,8483000
8483,1000,8484000
8484,1000,8485000
8485,1000,8486000
8486,1000,8487000
8487,1000,8488000
8488,1000,8489000
8489,1000,8490000
8490,1000,8491000
8491,1000,8492000
8492,1000,8493000
8493,1000,8494000
8494,1000,8495000
8495,1000,8496000
8496,1000,8497000
8497,1000,8498000
8498,1000,8499000
8499,1000,8500000
8500,1000,8501000
8501,1000,8502000
8502,1000,8503000
8503,1000,8504000
8504,1000,8505000
8505,1000,8506000
8506,1000,8507000
8507,1000,8508000
8508,1000,8509000
8509,1000,8510000
8510,1000,8511000
8511,1000,8512000
8512,1000,8513000
8513,1000,8514000
8514,1000,8515000
8515,1000,8516000
8516,1000,8517000
8517,1000,8518000
8518,1000,8519000
8519,1000,8520000
8520,1000,8521000
8521,1000,8522000
8522,1000,8523000
8523,1000,8524000
8524,1000,8525000
8525,1000,8526000
8526,1000,8527000
8527,1000,8528000
8528,1000,8529000
8529,1000,8530000
8530,1000,8531000
8531,1000,8532000
8532,1000,8533000
8533,1000,8534000
8534,1000,8535000
8535,1000,8536000
8536,1000,8537000
8537,1000,8538000
8538,1000,8539000
8539,1000,8540000
8540,1000,8541000
8541,1000,8542000
8542,1000,8543000
8543,1000,8544000
8544,1000,8545000
8545,1000,8546000
8546,1000,8547000
8547,1000,8548000
8548,1000,8549000
8549,1000,8550000
8550,1000,8551000
8551,1000,8552000
8552,1000,8553000
8553,1000,8554000
8554,1000,8555000
8555,1000,8556000
8556,1000,8557000
8557,1000,8558000
8558,1000,8559000
8559,1000,8560000
8560,1000,8561000
8561,1000,8562000
8562,1000,8563000
8563,1000,8564000
8564,1000,8565000
8565,1000,8566000
8566,1000,8567000
8567,1000,8568000
8568,1000,8569000
8569,1000,8570000
8570,1000,8571000
8571,1000,8572000
8572,1000,8573000
8573,1000,8574000
8574,1000,8575000
8575,1000,8576000
8576,1000,8577000
8577,1000,8578000
8578,1000,8579000
8579,1000,8580000
8580,1000,8581000
8581,1000,8582000
8582,1000,8583000
8583,1000,8584000
8584,1000,8585000
8585,1000,8586000
8586,1000,8587000
8587,1000,8588000
8588,1000,8589000
8589,1000,8590000
8590,1000,8591000
8591,1000,8592000
8592,1000,8593000
8593,1000,8594000
8594,1000,8595000
8595,1000,8596000
8596,1000,8597000
8597,1000,8598000
8598,1000,8599000
8599,1000,8600000
8600,1000,8601000
8601,1000,8602000
8602,1000,8603000
8603,1000,8604000
8604,1000,8605000
8605,1000,8606000
8606,1000,8607000
8607,1000,8608000
8608,1000,8609000
8609,1000,8610000
8610,1000,8611000
8611,1000,8612000
8612,1000,8613000
8613,1000,8614000
8614,1000,8615000
8615,1000,8616000
8616,1000,8617000
8617,1000,8618000
8618,1000,8619000
8619,1000,8620000
8620,1000,8621000
8621,1000,8622000
8622,1000,8623000
8623,1000,8624000
8624,1000,8625000
8625,1000,8626000
8626,1000,8627000
8627,1000,8628000
8628,1000,8629000
8629,1000,8630000
8630,1000,8631000
8631,1000,8632000
8632,1000,8633000
8633,1000,8634000
8634,1000,8635000
8635,1000,8636000
8636,1000,8637000
8637,1000,8638000
8638,1000,8639000
8639,1000,8640000
8640,1000,8641000
8641,1000,8642000
8642,1000,8643000
8643,1000,8644000
8644,1000,8645000
8645,1000,8646000
8646,1000,8647000
8647,1000,8648000
8648,1000,8649000
8649,1000,8650000
8650,1000,8651000
8651,1000,8652000
8652,1000,8653000
8653,1000,8654000
8654,1000,8655000
8655,1000,8656000
8656,1000,8657000
8657,1000,8658000
8658,1000,8659000
8659,1000,8660000
8660,1000,8661000
8661,1000,8662000
8662,1000,8663000
8663,1000,8664000
8664,1000,8665000
8665,1000,8666000
8666,1000,8667000
8667,1000,8668000
8668,1000,8669000
8669,1000,8670000
8670,1000,8671000
8671,1000,8672000
8672,1000,8673000
8673,1000,8674000
8674,1000,8675000
8675,1000,8676000
8676,1000,8677000
8677,1000,8678000
8678,1000,8679000
8679,1000,8680000
8680,1000,8681000
8681,1000,8682000
8682,1000,8683000
8683,1000,8684000
8684,1000,8685000
8685,1000,8686000
8686,1000,8687000
8687,1000,8688000
8688,1000,8689000
8689,1000,8690000
8690,1000,8691000
8691,1000,8692000
8692,1000,8693000
8693,1000,8694000
8694,1000,8695000
8695,1000,8696000
8696,1000,8697000
8697,1000,8698000
8698,1000,8699000
8699,1000,8700000
8700,1000,8701000
8701,1000,8702000
8702,1000,8703000
8703,1000,8704000
8704,1000,8705000
8705,1000,8706000
8706,1000,8707000
8707,1000,8708000
8708,1000,8709000
8709,1000,8710000
8710,1000,8711000
8711,1000,8712000
8712,1000,8713000
8713,1000,8714000
8714,1000,8715000
8715,1000,8716000
8716,1000,8717000
8717,1000,8718000
8718,1000,8719000
8719,1000,8720000
8720,1000,8721000
8721,1000,8722000
8722,1000,8723000
8723,1000,8724000
8724,1000,8725000
8725,1000,8726000
8726,1000,8727000
8727,1000,8728000
8728,1000,8729000
8729,1000,8730000
8730,1000,8731000
8731,1000,8732000
8732,1000,8733000
8733,1000,8734000
8734,1000,8735000
8735,1000,8736000
8736,1000,8737000
8737,1000,8738000
8738,1000,8739000
8739,1000,8740000
8740,1000,8741000
8741,1000,8742000
8742,1000,8743000
8743,1000,8744000
8744,1000,8745000
8745,1000,8746000
8746,1000,8747000
8747,1000,8748000
8748,1000,8749000
8749,1000,8750000
8750,1000,8751000
8751,1000,8752000
8752,1000,8753000
8753,1000,8754000
8754,1000,8755000
8755,1000,8756000
8756,1000,8757000
8757,1000,8758000
8758,1000,8759000
8759,1000,8760000
8760,1000,8761000
8761,1000,8762000
8762,1000,8763000
8763,1000,8764000
8764,1000,8765000
8765,1000,8766000
8766,1000,8767000
8767,1000,8768000
8768,1000,8769000
8769,1000,8770000
8770,1000,8771000
8771,1000,8772000
8772,1000,8773000
8773,1000,8774000
8774,1000,8775000
8775,1000,8776000
8776,1000,8777000
8777,1000,8778000
8778,1000,8779000
8779,1000,8780000
8780,1000,8781000
8781,1000,8782000
8782,1000,8783000
8783,1000,8784000
8784,1000,8785000
8785,1000,8786000
8786,1000,8787000
8787,1000,8788000
8788,1000,8789000
8789,1000,8790000
8790,1000,8791000
8791,1000,8792000
8792,1000,8793000
8793,1000,8794000
8794,1000,8795000
8795,1000,8796000
8796,1000,8797000
8797,1000,8798000
8798,1000,8799000
8799,1000,8800000
8800,1000,8801000
8801,1000,8802000
8802,1000,8803000
8803,1000,8804000
8804,1000,8805000
8805,1000,8806000
8806,1000,8807000
8807,1000,8808000
8808,1000,8809000
8809,1000,8810000
8810,1000,8811000
8811,1000,8812000
8812,1000,8813000
8813,1000,8814000
8814,1000,8815000
8815,1000,8816000
8816,1000,8817000
8817,1000,8818000
8818,1000,8819000
8819,1000,8820000
8820,1000,8821000
8821,1000,8822000
8822,1000,8823000
8823,1000,8824000
8824,1000,8825000
8825,1000,8826000
8826,1000,8827000
8827,1000,8828000
8828,1000,8829000
8829,1000,8830000
8830,1000,8831000
8831,1000,8832000
8832,1000,8833000
8833,1000,8834000
8834,1000,8835000
8835,1000,8836000
8836,1000,8837000
8837,1000,8838000
8838,1000,8839000
8839,1000,8840000
8840,1000,8841000
8841,1000,8842000
8842,1000,8843000
8843,1000,8844000
8844,1000,8845000
8845,1000,8846000
8846,1000,8847000
8847,1000,8848000
8848,1000,8849000
8849,1000,8850000
8850,1000,8851000
8851,1000,8852000
8852,1000,8853000
8853,1000,8854000
8854,1000,8855000
8855,1000,8856000
8856,1000,8857000
8857,1000,8858000
8858,1000,8859000
8859,1000,8860000
8860,1000,8861000
8861,1000,8862000
8862,1000,8863000
8863,1000,8864000
8864,1000,8865000
8865,1000,8866000
8866,1000,8867000
8867,1000,8868000
8868,1000,8869000
8869,1000,8870000
8870,1000,8871000
8871,1000,8872000
8872,1000,8873000
8873,1000,8874000
8874,1000,8875000
8875,1000,8876000
8876,1000,8877000
8877,1000,8878000
8878,1000,8879000
8879,1000,8880000
8880,1000,8881000
8881,1000,8882000
8882,1000,8883000
8883,1000,8884000
8884,1000,8885000
8885,1000,8886000
8886,1000,8887000
8887,1000,8888000
8888,1000,8889000
8889,1000,8890000
8890,1000,8891000
8891,1000,8892000
8892,1000,8893000
8893,1000,8894000
8894,1000,8895000
8895,1000,8896000
8896,1000,8897000
8897,1000,8898000
8898,1000,8899000
8899,1000,8900000
8900,1000,8901000
8901,1000,8902000
8902,1000,8903000
8903,1000,8904000
8904,1000,8905000
8905,1000,8906000
8906,1000,8907000
8907,1000,8908000
8908,1000,8909000
8909,1000,8910000
8910,1000,8911000
8911,1000,8912000
8912,1000,8913000
8913,1000,8914000
8914,1000,8915000
8915,1000,8916000
8916,1000,8917000
8917,1000,8918000
8918,1000,8919000
8919,1000,8920000
8920,1000,8921000
8921,1000,8922000
8922,1000,8923000
8923,1000,8924000
8924,1000,8925000
8925,1000,8926000
8926,1000,8927000
8927,1000,8928000
8928,1000,8929000
8929,1000,8930000
8930,1000,8931000
8931,1000,8932000
8932,1000,8933000
8933,1000,8934000
8934,1000,8935000
8935,1000,8936000
8936,1000,8937000
8937,1000,8938000
8938,1000,8939000
8939,1000,8940000
8940,1000,8941000
8941,1000,8942000
8942,1000,8943000
8943,1000,8944000
8944,1000,8945000
8945,1000,8946000
8946,1000,8947000
8947,1000,8948000
8948,1000,8949000
8949,1000,8950000
8950,1000,8951000
8951,1000,8952000
8952,1000,8953000
8953,1000,8954000
8954,1000,8955000
8955,1000,8956000
8956,1000,8957000
8957,1000,8958000
8958,1000,8959000
8959,1000,8960000
8960,1000,8961000
8961,1000,8962000
8962,1000,8963000
8963,1000,8964000
8964,1000,8965000
8965,1000,8966000
8966,1000,8967000
8967,1000,8968000
8968,1000,8969000
8969,1000,8970000
8970,1000,8971000
8971,1000,8972000
8972,1000,8973000
8973,1000,8974000
8974,1000,8975000
8975,1000,8976000
8976,1000,8977000
8977,1000,8978000
8978,1000,8979000
8979,1000,8980000
8980,1000,8981000
8981,1000,8982000
8982,1000,8983000
8983,1000,8984000
8984,1000,8985000
8985,1000,8986000
8986,1000,8987000
8987,1000,8988000
8988,1000,8989000
8989,1000,8990000
8990,1000,8991000
8991,1000,8992000
8992,1000,8993000
8993,1000,8994000
8994,1000,8995000
8995,1000,8996000
8996,1000,8997000
8997,1000,8998000
8998,1000,8999000
8999,1000,9000000
9000,1000,9001000
9001,1000,9002000
9002,1000,9003000
9003,1000,9004000
9004,1000,9005000
9005,1000,9006000
9006,1000,9007000
9007,1000,9008000
9008,1000,9009000
9009,1000,9010000
9010,1000,9011000
9011,1000,9012000
9012,1000,9013000
9013,1000,9014000
9014,1000,9015000
9015,1000,9016000
9016,1000,9017000
9017,1000,9018000
9018,1000,9019000
9019,1000,9020000
9020,1000,9021000
9021,1000,9022000
9022,1000,9023000
9023,1000,9024000
9024,1000,9025000
9025,1000,9026000
9026,1000,9027000
9027,1000,9028000
9028,1000,9029000
9029,1000,9030000
9030,1000,9031000
9031,1000,9032000
9032,1000,9033000
9033,1000,9034000
9034,1000,9035000
9035,1000,9036000
9036,1000,9037000
9037,1000,9038000
9038,1000,9039000
9039,1000,9040000
9040,1000,9041000
9041,1000,9042000
9042,1000,9043000
9043,1000,9044000
9044,1000,9045000
9045,1000,9046000
9046,1000,9047000
9047,1000,9048000
9048,1000,9049000
9049,1000,9050000
9050,1000,9051000
9051,1000,9052000
9052,1000,9053000
9053,1000,9054000
9054,1000,9055000
9055,1000,9056000
9056,1000,9057000
9057,1000,9058000
9058,1000,9059000
9059,1000,9060000
9060,1000,9061000
9061,1000,9062000
9062,1000,9063000
9063,1000,9064000
9064,1000,9065000
9065,1000,9066000
9066,1000,9067000
9067,1000,9068000
9068,1000,9069000
9069,1000,9070000
9070,1000,9071000
9071,1000,9072000
9072,1000,9073000
9073,1000,9074000
9074,1000,9075000
9075,1000,9076000
9076,1000,9077000
9077,1000,9078000
9078,1000,9079000
9079,1000,9080000
9080,1000,9081000
9081,1000,9082000
9082,1000,9083000
9083,1000,9084000
9084,1000,9085000
9085,1000,9086000
9086,1000,9087000
9087,1000,9088000
9088,1000,9089000
9089,1000,9090000
9090,1000,9091000
9091,1000,9092000
9092,1000,9093000
9093,1000,9094000
9094,1000,9095000
9095,1000,9096000
9096,1000,9097000
9097,1000,9098000
9098,1000,9099000
9099,1000,9100000
9100,1000,9101000
9101,1000,9102000
9102,1000,9103000
9103,1000,9104000
9104,1000,9105000
9105,1000,9106000
9106,1000,9107000
9107,1000,9108000
9108,1000,9109000
9109,1000,9110000
9110,1000,9111000
9111,1000,9112000
9112,1000,9113000
9113,1000,9114000
9114,1000,9115000
9115,1000,9116000
9116,1000,9117000
9117,1000,9118000
9118,1000,9119000
9119,1000,9120000
9120,1000,9121000
9121,1000,9122000
9122,1000,9123000
9123,1000,9124000
9124,1000,9125000
9125,1000,9126000
9126,1000,9127000
9127,1000,9128000
9128,1000,9129000
9129,1000,9130000
9130,1000,9131000
9131,1000,9132000
9132,1000,9133000
9133,1000,9134000
9134,1000,9135000
9135,1000,9136000
9136,1000,9137000
9137,1000,9138000
9138,1000,9139000
9139,1000,9140000
9140,1000,9141000
9141,1000,9142000
9142,1000,9143000
9143,1000,9144000
9144,1000,9145000
9145,1000,9146000
9146,1000,9147000
9147,1000,9148000
9148,1000,9149000
9149,1000,9150000
9150,1000,9151000
9151,1000,9152000
9152,1000,9153000
9153,1000,9154000
9154,1000,9155000
9155,1000,9156000
9156,1000,9157000
9157,1000,9158000
9158,1000,9159000
9159,1000,9160000
9160,1000,9161000
9161,1000,9162000
9162,1000,9163000
9163,1000,9164000
9164,1000,9165000
9165,1000,9166000
9166,1000,9167000
9167,1000,9168000
9168,1000,9169000
9169,1000,9170000
9170,1000,9171000
9171,1000,9172000
9172,1000,9173000
9173,1000,9174000
9174,1000,9175000
9175,1000,9176000
9176,1000,9177000
9177,1000,9178000
9178,1000,9179000
9179,1000,9180000
9180,1000,9181000
9181,1000,9182000
9182,1000,9183000
9183,1000,9184000
9184,1000,9185000
9185,1000,9186000
9186,1000,9187000
9187,1000,9188000
9188,1000,9189000
9189,1000,9190000
9190,1000,9191000
9191,1000,9192000
9192,1000,9193000
9193,1000,9194000
9194,1000,9195000
9195,1000,9196000
9196,1000,9197000
9197,1000,9198000
9198,1000,9199000
9199,1000,9200000
9200,1000,9201000
9201,1000,9202000
9202,1000,9203000
9203,1000,9204000
9204,1000,9205000
9205,1000,9206000
9206,1000,9207000
9207,1000,9208000
9208,1000,9209000
9209,1000,9210000
9210,1000,9211000
9211,1000,9212000
9212,1000,9213000
9213,1000,9214000
9214,1000,9215000
9215,1000,9216000
9216,1000,9217000
9217,1000,9218000
9218,1000,9219000
9219,1000,9220000
9220,1000,9221000
9221,1000,9222000
9222,1000,9223000
9223,1000,9224000
9224,1000,9225000
9225,1000,9226000
9226,1000,9227000
9227,1000,9228000
9228,1000,9229000
9229,1000,9230000
9230,1000,9231000
9231,1000,9232000
9232,1000,9233000
9233,1000,9234000
9234,1000,9235000
9235,1000,9236000
9236,1000,9237000
9237,1000,9238000
9238,1000,9239000
9239,1000,9240000
9240,1000,9241000
9241,1000,9242000
9242,1000,9243000
9243,1000,9244000
9244,1000,9245000
9245,1000,9246000
9246,1000,9247000
9247,1000,9248000
9248,1000,9249000
9249,1000,9250000
9250,1000,9251000
9251,1000,9252000
9252,1000,9253000
9253,1000,9254000
9254,1000,9255000
9255,1000,9256000
9256,1000,9257000
9257,1000,9258000
9258,1000,9259000
9259,1000,9260000
9260,1000,9261000
9261,1000,9262000
9262,1000,9263000
9263,1000,9264000
9264,1000,9265000
9265,1000,9266000
9266,1000,9267000
9267,1000,9268000
9268,1000,9269000
9269,1000,9270000
9270,1000,9271000
9271,1000,9272000
9272,1000,9273000
9273,1000,9274000
9274,1000,9275000
9275,1000,9276000
9276,1000,9277000
9277,1000,9278000
9278,1000,9279000
9279,1000,9280000
9280,1000,9281000
9281,1000,9282000
9282,1000,9283000
9283,1000,9284000
9284,1000,9285000
9285,1000,9286000
9286,1000,9287000
9287,1000,9288000
9288,1000,9289000
9289,1000,9290000
9290,1000,9291000
9291,1000,9292000
9292,1000,9293000
9293,1000,9294000
9294,1000,9295000
9295,1000,9296000
9296,1000,9297000
9297,1000,9298000
9298,1000,9299000
9299,1000,9300000
9300,1000,9301000
9301,1000,9302000
9302,1000,9303000
9303,1000,9304000
9304,1000,9305000
9305,1000,9306000
9306,1000,9307000
9307,1000,9308000
9308,1000,9309000
9309,1000,9310000
9310,1000,9311000
9311,1000,9312000
9312,1000,9313000
9313,1000,9314000
9314,1000,9315000
9315,1000,9316000
9316,1000,9317000
9317,1000,9318000
9318,1000,9319000
9319,1000,9320000
9320,1000,9321000
9321,1000,9322000
9322,1000,9323000
9323,1000,9324000
9324,1000,9325000
9325,1000,9326000
9326,1000,9327000
9327,1000,9328000
9328,1000,9329000
9329,1000,9330000
9330,1000,9331000
9331,1000,9332000
9332,1000,9333000
9333,1000,9334000
9334,1000,9335000
9335,1000,9336000
9336,1000,9337000
9337,1000,9338000
9338,1000,9339000
9339,1000,9340000
9340,1000,9341000
9341,1000,9342000
9342,1000,9343000
9343,1000,9344000
9344,1000,9345000
9345,1000,9346000
9346,1000,9347000
9347,1000,9348000
9348,1000,9349000
9349,1000,9350000
9350,1000,9351000
9351,1000,9352000
9352,1000,9353000
9353,1000,9354000
9354,1000,9355000
9355,1000,9356000
9356,1000,9357000
9357,1000,9358000
9358,1000,9359000
9359,1000,9360000
9360,1000,9361000
9361,1000,9362000
9362,1000,9363000
9363,1000,9364000
9364,1000,9365000
9365,1000,9366000
9366,1000,9367000
9367,1000,9368000
9368,1000,9369000
9369,1000,9370000
9370,1000,9371000
9371,1000,9372000
9372,1000,9373000
9373,1000,9374000
9374,1000,9375000
9375,1000,9376000
9376,1000,9377000
9377,1000,9378000
9378,1000,9379000
9379,1000,9380000
9380,1000,9381000
9381,1000,9382000
9382,1000,9383000
9383,1000,9384000
9384,1000,9385000
9385,1000,9386000
9386,1000,9387000
9387,1000,9388000
9388,1000,9389000
9389,1000,9390000
9390,1000,9391000
9391,1000,9392000
9392,1000,9393000
9393,1000,9394000
9394,1000,9395000
9395,1000,9396000
9396,1000,9397000
9397,1000,9398000
9398,1000,9399000
9399,1000,9400000
9400,1000,9401000
9401,1000,9402000
9402,1000,9403000
9403,1000,9404000
9404,1000,9405000
9405,1000,9406000
9406,1000,9407000
9407,1000,9408000
9408,1000,9409000
9409,1000,9410000
9410,1000,9411000
9411,1000,9412000
9412,1000,9413000
9413,1000,9414000
9414,1000,9415000
9415,1000,9416000
9416,1000,9417000
9417,1000,9418000
9418,1000,9419000
9419,1000,9420000
9420,1000,9421000
9421,1000,9422000
9422,1000,9423000
9423,1000,9424000
9424,1000,9425000
9425,1000,9426000
9426,1000,9427000
9427,1000,9428000
9428,1000,9429000
9429,1000,9430000
9430,1000,9431000
9431,1000,9432000
9432,1000,9433000
9433,1000,9434000
9434,1000,9435000
9435,1000,9436000
9436,1000,9437000
9437,1000,9438000
9438,1000,9439000
9439,1000,9440000
9440,1000,9441000
9441,1000,9442000
9442,1000,9443000
9443,1000,9444000
9444,1000,9445000
9445,1000,9446000
9446,1000,9447000
9447,1000,9448000
9448,1000,9449000
9449,1000,9450000
9450,1000,9451000
9451,1000,9452000
9452,1000,9453000
9453,1000,9454000
9454,1000,9455000
9455,1000,9456000
9456,1000,9457000
9457,1000,9458000
9458,1000,9459000
9459,1000,9460000
9460,1000,9461000
9461,1000,9462000
9462,1000,9463000
9463,1000,9464000
9464,1000,9465000
9465,1000,9466000
9466,1000,9467000
9467,1000,9468000
9468,1000,9469000
9469,1000,9470000
9470,1000,9471000
9471,1000,9472000
9472,1000,9473000
9473,1000,9474000
9474,1000,9475000
9475,1000,9476000
9476,1000,9477000
9477,1000,9478000
9478,1000,9479000
9479,1000,9480000
9480,1000,9481000
9481,1000,9482000
9482,1000,9483000
9483,1000,9484000
9484,1000,9485000
9485,1000,9486000
9486,1000,9487000
9487,1000,9488000
9488,1000,9489000
9489,1000,9490000
9490,1000,9491000
9491,1000,9492000
9492,1000,9493000
9493,1000,9494000
9494,1000,9495000
9495,1000,9496000
9496,1000,9497000
9497,1000,9498000
9498,1000,9499000
9499,1000,9500000
9500,1000,9501000
9501,1000,9502000
9502,1000,9503000
9503,1000,9504000
9504,1000,9505000
9505,1000,9506000
9506,1000,9507000
9507,1000,9508000
9508,1000,9509000
9509,1000,9510000
9510,1000,9511000
9511,1000,9512000
9512,1000,9513000
9513,1000,9514000
9514,1000,9515000
9515,1000,9516000
9516,1000,9517000
9517,1000,9518000
9518,1000,9519000
9519,1000,9520000
9520,1000,9521000
9521,1000,9522000
9522,1000,9523000
9523,1000,9524000
9524,1000,9525000
9525,1000,9526000
9526,1000,9527000
9527,1000,9528000
9528,1000,9529000
9529,1000,9530000
9530,1000,9531000
9531,1000,9532000
9532,1000,9533000
9533,1000,9534000
9534,1000,9535000
9535,1000,9536000
9536,1000,9537000
9537,1000,9538000
9538,1000,9539000
9539,1000,9540000
9540,1000,9541000
9541,1000,9542000
9542,1000,9543000
9543,1000,9544000
9544,1000,9545000
9545,1000,9546000
9546,1000,9547000
9547,1000,9548000
9548,1000,9549000
9549,1000,9550000
9550,1000,9551000
9551,1000,9552000
9552,1000,9553000
9553,1000,9554000
9554,1000,9555000
9555,1000,9556000
9556,1000,9557000
9557,1000,9558000
9558,1000,9559000
9559,1000,9560000
9560,1000,9561000
9561,1000,9562000
9562,1000,9563000
9563,1000,9564000
9564,1000,9565000
9565,1000,9566000
9566,1000,9567000
9567,1000,9568000
9568,1000,9569000
9569,1000,9570000
9570,1000,9571000
9571,1000,9572000
9572,1000,9573000
9573,1000,9574000
9574,1000,9575000
9575,1000,9576000
9576,1000,9577000
9577,1000,9578000
9578,1000,9579000
9579,1000,9580000
9580,1000,9581000
9581,1000,9582000
9582,1000,9583000
9583,1000,9584000
9584,1000,9585000
9585,1000,9586000
9586,1000,9587000
9587,1000,9588000
9588,1000,9589000
9589,1000,9590000
9590,1000,9591000
9591,1000,9592000
9592,1000,9593000
9593,1000,9594000
9594,1000,9595000
9595,1000,9596000
9596,1000,9597000
9597,1000,9598000
9598,1000,9599000
9599,1000,9600000
9600,1000,9601000
9601,1000,9602000
9602,1000,9603000
9603,1000,9604000
9604,1000,9605000
9605,1000,9606000
9606,1000,9607000
9607,1000,9608000
9608,1000,9609000
9609,1000,9610000
9610,1000,9611000
9611,1000,9612000
9612,1000,9613000
9613,1000,9614000
9614,1000,9615000
9615,1000,9616000
9616,1000,9617000
9617,1000,9618000
9618,1000,9619000
9619,1000,9620000
9620,1000,9621000
9621,1000,9622000
9622,1000,9623000
9623,1000,9624000
9624,1000,9625000
9625,1000,9626000
9626,1000,9627000
9627,1000,9628000
9628,1000,9629000
9629,1000,9630000
9630,1000,9631000
9631,1000,9632000
9632,1000,9633000
9633,1000,9634000
9634,1000,9635000
9635,1000,9636000
9636,1000,9637000
9637,1000,9638000
9638,1000,9639000
9639,1000,9640000
9640,1000,9641000
9641,1000,9642000
9642,1000,9643000
9643,1000,9644000
9644,1000,9645000
9645,1000,9646000
9646,1000,9647000
9647,1000,9648000
9648,1000,9649000
9649,1000,9650000
9650,1000,9651000
9651,1000,9652000
9652,1000,9653000
9653,1000,9654000
9654,1000,9655000
9655,1000,9656000
9656,1000,9657000
9657,1000,9658000
9658,1000,9659000
9659,1000,9660000
9660,1000,9661000
9661,1000,9662000
9662,1000,9663000
9663,1000,9664000
9664,1000,9665000
9665,1000,9666000
9666,1000,9667000
9667,1000,9668000
9668,1000,9669000
9669,1000,9670000
9670,1000,9671000
9671,1000,9672000
9672,1000,9673000
9673,1000,9674000
9674,1000,9675000
9675,1000,9676000
9676,1000,9677000
9677,1000,9678000
9678,1000,9679000
9679,1000,9680000
9680,1000,9681000
9681,1000,9682000
9682,1000,9683000
9683,1000,9684000
9684,1000,9685000
9685,1000,9686000
9686,1000,9687000
9687,1000,9688000
9688,1000,9689000
9689,1000,9690000
9690,1000,9691000
9691,1000,9692000
9692,1000,9693000
9693,1000,9694000
9694,1000,9695000
9695,1000,9696000
9696,1000,9697000
9697,1000,9698000
9698,1000,9699000
9699,1000,9700000
9700,1000,9701000
9701,1000,9702000
9702,1000,9703000
9703,1000,9704000
9704,1000,9705000
9705,1000,9706000
9706,1000,9707000
9707,1000,9708000
9708,1000,9709000
9709,1000,9710000
9710,1000,9711000
9711,1000,9712000
9712,1000,9713000
9713,1000,9714000
9714,1000,9715000
9715,1000,9716000
9716,1000,9717000
9717,1000,9718000
9718,1000,9719000
9719,1000,9720000
9720,1000,9721000
9721,1000,9722000
9722,1000,9723000
9723,1000,9724000
9724,1000,9725000
9725,1000,9726000
9726,1000,9727000
9727,1000,9728000
9728,1000,9729000
9729,1000,9730000
9730,1000,9731000
9731,1000,9732000
9732,1000,9733000
9733,1000,9734000
9734,1000,9735000
9735,1000,9736000
9736,1000,9737000
9737,1000,9738000
9738,1000,9739000
9739,1000,9740000
9740,1000,9741000
9741,1000,9742000
9742,1000,9743000
9743,1000,9744000
9744,1000,9745000
9745,1000,9746000
9746,1000,9747000
9747,1000,9748000
9748,1000,9749000
9749,1000,9750000
9750,1000,9751000
9751,1000,9752000
9752,1000,9753000
9753,1000,9754000
9754,1000,9755000
9755,1000,9756000
9756,1000,9757000
9757,1000,9758000
9758,1000,9759000
9759,1000,9760000
9760,1000,9761000
9761,1000,9762000
9762,1000,9763000
9763,1000,9764000
9764,1000,9765000
9765,1000,9766000
9766,1000,9767000
9767,1000,9768000
9768,1000,9769000
9769,1000,9770000
9770,1000,9771000
9771,1000,9772000
9772,1000,9773000
9773,1000,9774000
9774,1000,9775000
9775,1000,9776000
9776,1000,9777000
9777,1000,9778000
9778,1000,9779000
9779,1000,9780000
9780,1000,9781000
9781,1000,9782000
9782,1000,9783000
9783,1000,9784000
9784,1000,9785000
9785,1000,9786000
9786,1000,9787000
9787,1000,9788000
9788,1000,9789000
9789,1000,9790000
9790,1000,9791000
9791,1000,9792000
9792,1000,9793000
9793,1000,9794000
9794,1000,9795000
9795,1000,9796000
9796,1000,9797000
9797,1000,9798000
9798,1000,9799000
9799,1000,9800000
9800,1000,9801000
9801,1000,9802000
9802,1000,9803000
9803,1000,9804000
9804,1000,9805000
9805,1000,9806000
9806,1000,9807000
9807,1000,9808000
9808,1000,9809000
9809,1000,9810000
9810,1000,9811000
9811,1000,9812000
9812,1000,9813000
9813,1000,9814000
9814,1000,9815000
9815,1000,9816000
9816,1000,9817000
9817,1000,9818000
9818,1000,9819000
9819,1000,9820000
9820,1000,9821000
9821,1000,9822000
9822,1000,9823000
9823,1000,9824000
9824,1000,9825000
9825,1000,9826000
9826,1000,9827000
9827,1000,9828000
9828,1000,9829000
9829,1000,9830000
9830,1000,9831000
9831,1000,9832000
9832,1000,9833000
9833,1000,9834000
9834,1000,9835000
9835,1000,9836000
9836,1000,9837000
9837,1000,9838000
9838,1000,9839000
9839,1000,9840000
9840,1000,9841000
9841,1000,9842000
9842,1000,9843000
9843,1000,9844000
9844,1000,9845000
9845,1000,9846000
9846,1000,9847000
9847,1000,9848000
9848,1000,9849000
9849,1000,9850000
9850,1000,9851000
9851,1000,9852000
9852,1000,9853000
9853,1000,9854000
9854,1000,9855000
9855,1000,9856000
9856,1000,9857000
9857,1000,9858000
9858,1000,9859000
9859,1000,9860000
9860,1000,9861000
9861,1000,9862000
9862,1000,9863000
9863,1000,9864000
9864,1000,9865000
9865,1000,9866000
9866,1000,9867000
9867,1000,9868000
9868,1000,9869000
9869,1000,9870000
9870,1000,9871000
9871,1000,9872000
9872,1000,9873000
9873,1000,9874000
9874,1000,9875000
9875,1000,9876000
9876,1000,9877000
9877,1000,9878000
9878,1000,9879000
9879,1000,9880000
9880,1000,9881000
9881,1000,9882000
9882,1000,9883000
9883,1000,9884000
9884,1000,9885000
9885,1000,9886000
9886,1000,9887000
9887,1000,9888000
9888,1000,9889000
9889,1000,9890000
9890,1000,9891000
9891,1000,9892000
9892,1000,9893000
9893,1000,9894000
9894,1000,9895000
9895,1000,9896000
9896,1000,9897000
9897,1000,9898000
9898,1000,9899000
9899,1000,9900000
9900,1000,9901000
9901,1000,9902000
9902,1000,9903000
9903,1000,9904000
9904,1000,9905000
9905,1000,9906000
9906,1000,9907000
9907,1000,9908000
9908,1000,9909000
9909,1000,9910000
9910,1000,9911000
9911,1000,9912000
9912,1000,9913000
9913,1000,9914000
9914,1000,9915000
9915,1000,9916000
9916,1000,9917000
9917,1000,9918000
9918,1000,9919000
9919,1000,9920000
9920,1000,9921000
9921,1000,9922000
9922,1000,9923000
9923,1000,9924000
9924,1000,9925000
9925,1000,9926000
9926,1000,9927000
9927,1000,9928000
9928,1000,9929000
9929,1000,9930000
9930,1000,9931000
9931,1000,9932000
9932,1000,9933000
9933,1000,9934000
9934,1000,9935000
9935,1000,9936000
9936,1000,9937000
9937,1000,9938000
9938,1000,9939000
9939,1000,9940000
9940,1000,9941000
9941,1000,9942000
9942,1000,9943000
9943,1000,9944000
9944,1000,9945000
9945,1000,9946000
9946,1000,9947000
9947,1000,9948000
9948,1000,9949000
9949,1000,9950000
9950,1000,9951000
9951,1000,9952000
9952,1000,9953000
9953,1000,9954000
9954,1000,9955000
9955,1000,9956000
9956,1000,9957000
9957,1000,9958000
9958,1000,9959000
9959,1000,9960000
9960,1000,9961000
9961,1000,9962000
9962,1000,9963000
9963,1000,9964000
9964,1000,9965000
9965,1000,9966000
9966,1000,9967000
9967,1000,9968000
9968,1000,9969000
9969,1000,9970000
9970,1000,9971000
9971,1000,9972000
9972,1000,9973000
9973,1000,9974000
9974,1000,9975000
9975,1000,9976000
9976,1000,9977000
9977,1000,9978000
9978,1000,9979000
9979,1000,9980000
9980,1000,9981000
9981,1000,9982000
9982,1000,9983000
9983,1000,9984000
9984,1000,9985000
9985,1000,9986000
9986,1000,9987000
9987,1000,9988000
9988,1000,9989000
9989,1000,9990000
9990,1000,9991000
9991,1000,9992000
9992,1000,9993000
9993,1000,9994000
9994,1000,9995000
9995,1000,9996000
9996,1000,9997000
9997,1000,9998000
9998,1000,9999000
9999,1000,10000000
10000,1000,10001000
10001,1000,10002000
10002,1000,10003000
10003,1000,10004000
10004,1000,10005000
10005,1000,10006000
10006,1000,10007000
10007,1000,10008000
10008,1000,10009000
10009,1000,10010000
10010,1000,10011000
10011,1000,10012000
10012,1000,10013000
10013,1000,10014000
10014,1000,10015000
10015,1000,10016000
10016,1000,10017000
10017,1000,10018000
10018,1000,10019000
10019,1000,10020000
10020,1000,10021000
10021,1000,10022000
10022,1000,10023000
10023,1000,10024000
10024,1000,10025000
10025,1000,10026000
10026,1000,10027000
10027,1000,10028000
10028,1000,10029000
10029,1000,10030000
10030,1000,10031000
10031,1000,10032000
10032,1000,10033000
10033,1000,10034000
10034,1000,10035000
10035,1000,10036000
10036,1000,10037000
10037,1000,10038000
10038,1000,10039000
10039,1000,10040000
10040,1000,10041000
10041,1000,10042000
10042,1000,10043000
10043,1000,10044000
10044,1000,10045000
10045,1000,10046000
10046,1000,10047000
10047,1000,10048000
10048,1000,10049000
10049,1000,10050000
10050,1000,10051000
10051,1000,10052000
10052,1000,10053000
10053,1000,10054000
10054,1000,10055000
10055,1000,10056000
10056,1000,10057000
10057,1000,10058000
10058,1000,10059000
10059,1000,10060000
10060,1000,10061000
10061,1000,10062000
10062,1000,10063000
10063,1000,10064000
10064,1000,10065000
10065,1000,10066000
10066,1000,10067000
10067,1000,10068000
10068,1000,10069000
10069,1000,10070000
10070,1000,10071000
10071,1000,10072000
10072,1000,10073000
10073,1000,10074000
10074,1000,10075000
10075,1000,10076000
10076,1000,10077000
10077,1000,10078000
10078,1000,10079000
10079,1000,10080000
10080,1000,10081000
10081,1000,10082000
10082,1000,10083000
10083,1000,10084000
10084,1000,10085000
10085,1000,10086000
10086,1000,10087000
10087,1000,10088000
10088,1000,10089000
10089,1000,10090000
10090,1000,10091000
10091,1000,10092000
10092,1000,10093000
10093,1000,10094000
10094,1000,10095000
10095,1000,10096000
10096,1000,10097000
10097,1000,10098000
10098,1000,10099000
10099,1000,10100000
10100,1000,10101000
10101,1000,10102000
10102,1000,10103000
10103,1000,10104000
10104,1000,10105000
10105,1000,10106000
10106,1000,10107000
10107,1000,10108000
10108,1000,10109000
10109,1000,10110000
10110,1000,10111000
10111,1000,10112000
10112,1000,10113000
10113,1000,10114000
10114,1000,10115000
10115,1000,10116000
10116,1000,10117000
10117,1000,10118000
10118,1000,10119000
10119,1000,10120000
10120,1000,10121000
10121,1000,10122000
10122,1000,10123000
10123,1000,10124000
10124,1000,10125000
10125,1000,10126000
10126,1000,10127000
10127,1000,10128000
10128,1000,10129000
10129,1000,10130000
10130,1000,10131000
10131,1000,10132000
10132,1000,10133000
10133,1000,10134000
10134,1000,10135000
10135,1000,10136000
10136,1000,10137000
10137,1000,10138000
10138,1000,10139000
10139,1000,10140000
10140,1000,10141000
10141,1000,10142000
10142,1000,10143000
10143,1000,10144000
10144,1000,10145000
10145,1000,10146000
10146,1000,10147000
10147,1000,10148000
10148,1000,10149000
10149,1000,10150000
10150,1000,10151000
10151,1000,10152000
10152,1000,10153000
10153,1000,10154000
10154,1000,10155000
10155,1000,10156000
10156,1000,10157000
10157,1000,10158000
10158,1000,10159000
10159,1000,10160000
10160,1000,10161000
10161,1000,10162000
10162,1000,10163000
10163,1000,10164000
10164,1000,10165000
10165,1000,10166000
10166,1000,10167000
10167,1000,10168000
10168,1000,10169000
10169,1000,10170000
10170,1000,10171000
10171,1000,10172000
10172,1000,10173000
10173,1000,10174000
10174,1000,10175000
10175,1000,10176000
10176,1000,10177000
10177,1000,10178000
10178,1000,10179000
10179,1000,10180000
10180,1000,10181000
10181,1000,10182000
10182,1000,10183000
10183,1000,10184000
10184,1000,10185000
10185,1000,10186000
10186,1000,10187000
10187,1000,10188000
10188,1000,10189000
10189,1000,10190000
10190,1000,10191000
10191,1000,10192000
10192,1000,10193000
10193,1000,10194000
10194,1000,10195000
10195,1000,10196000
10196,1000,10197000
10197,1000,10198000
10198,1000,10199000
10199,1000,10200000
10200,1000,10201000
10201,1000,10202000
10202,1000,10203000
10203,1000,10204000
10204,1000,10205000
10205,1000,10206000
10206,1000,10207000
10207,1000,10208000
10208,1000,10209000
10209,1000,10210000
10210,1000,10211000
10211,1000,10212000
10212,1000,10213000
10213,1000,10214000
10214,1000,10215000
10215,1000,10216000
10216,1000,10217000
10217,1000,10218000
10218,1000,10219000
10219,1000,10220000
10220,1000,10221000
10221,1000,10222000
10222,1000,10223000
10223,1000,10224000
10224,1000,10225000
10225,1000,10226000
10226,1000,10227000
10227,1000,10228000
10228,1000,10229000
10229,1000,10230000
10230,1000,10231000
10231,1000,10232000
10232,1000,10233000
10233,1000,10234000
10234,1000,10235000
10235,1000,10236000
10236,1000,10237000
10237,1000,10238000
10238,1000,10239000
10239,1000,10240000
10240,1000,10241000
10241,1000,10242000
10242,1000,10243000
10243,1000,10244000
10244,1000,10245000
10245,1000,10246000
10246,1000,10247000
10247,1000,10248000
10248,1000,10249000
10249,1000,10250000
10250,1000,10251000
10251,1000,10252000
10252,1000,10253000
10253,1000,10254000
10254,1000,10255000
10255,1000,10256000
10256,1000,10257000
10257,1000,10258000
10258,1000,10259000
10259,1000,10260000
10260,1000,10261000
10261,1000,10262000
10262,1000,10263000
10263,1000,10264000
10264,1000,10265000
10265,1000,10266000
10266,1000,10267000
10267,1000,10268000
10268,1000,10269000
10269,1000,10270000
10270,1000,10271000
10271,1000,10272000
10272,1000,10273000
10273,1000,10274000
10274,1000,10275000
10275,1000,10276000
10276,1000,10277000
10277,1000,10278000
10278,1000,10279000
10279,1000,10280000
10280,1000,10281000
10281,1000,10282000
10282,1000,10283000
10283,1000,10284000
10284,1000,10285000
10285,1000,10286000
10286,1000,10287000
10287,1000,10288000
10288,1000,10289000
10289,1000,10290000
10290,1000,10291000
10291,1000,10292000
10292,1000,10293000
10293,1000,10294000
10294,1000,10295000
10295,1000,10296000
10296,1000,10297000
10297,1000,10298000
10298,1000,10299000
10299,1000,10300000
10300,1000,10301000
10301,1000,10302000
10302,1000,10303000
10303,1000,10304000
10304,1000,10305000
10305,1000,10306000
10306,1000,10307000
10307,1000,10308000
10308,1000,10309000
10309,1000,10310000
10310,1000,10311000
10311,1000,10312000
10312,1000,10313000
10313,1000,10314000
10314,1000,10315000
10315,1000,10316000
10316,1000,10317000
10317,1000,10318000
10318,1000,10319000
10319,1000,10320000
10320,1000,10321000
10321,1000,10322000
10322,1000,10323000
10323,1000,10324000
10324,1000,10325000
10325,1000,10326000
10326,1000,10327000
10327,1000,10328000
10328,1000,10329000
10329,1000,10330000
10330,1000,10331000
10331,1000,10332000
10332,1000,10333000
10333,1000,10334000
10334,1000,10335000
10335,1000,10336000
10336,1000,10337000
10337,1000,10338000
10338,1000,10339000
10339,1000,10340000
10340,1000,10341000
10341,1000,10342000
10342,1000,10343000
10343,1000,10344000
10344,1000,10345000
10345,1000,10346000
10346,1000,10347000
10347,1000,10348000
10348,1000,10349000
10349,1000,10350000
10350,1000,10351000
10351,1000,10352000
10352,1000,10353000
10353,1000,10354000
10354,1000,10355000
10355,1000,10356000
10356,1000,10357000
10357,1000,10358000
10358,1000,10359000
10359,1000,10360000
10360,1000,10361000
10361,1000,10362000
10362,1000,10363000
10363,1000,10364000
10364,1000,10365000
10365,1000,10366000
10366,1000,10367000
10367,1000,10368000
10368,1000,10369000
10369,1000,10370000
10370,1000,10371000
10371,1000,10372000
10372,1000,10373000
10373,1000,10374000
10374,1000,10375000
10375,1000,10376000
10376,1000,10377000
10377,1000,10378000
10378,1000,10379000
10379,1000,10380000
10380,1000,10381000
10381,1000,10382000
10382,1000,10383000
10383,1000,10384000
10384,1000,10385000
10385,1000,10386000
10386,1000,10387000
10387,1000,10388000
10388,1000,10389000
10389,1000,10390000
10390,1000,10391000
10391,1000,10392000
10392,1000,10393000
10393,1000,10394000
10394,1000,10395000
10395,1000,10396000
10396,1000,10397000
10397,1000,10398000
10398,1000,10399000
10399,1000,10400000
10400,1000,10401000
10401,1000,10402000
10402,1000,10403000
10403,1000,10404000
10404,1000,10405000
10405,1000,10406000
10406,1000,10407000
10407,1000,10408000
10408,1000,10409000
10409,1000,10410000
10410,1000,10411000
10411,1000,10412000
10412,1000,10413000
10413,1000,10414000
10414,1000,10415000
10415,1000,10416000
10416,1000,10417000
10417,1000,10418000
10418,1000,10419000
10419,1000,10420000
10420,1000,10421000
10421,1000,10422000
10422,1000,10423000
10423,1000,10424000
10424,1000,10425000
10425,1000,10426000
10426,1000,10427000
10427,1000,10428000
10428,1000,10429000
10429,1000,10430000
10430,1000,10431000
10431,1000,10432000
10432,1000,10433000
10433,1000,10434000
10434,1000,10435000
10435,1000,10436000
10436,1000,10437000
10437,1000,10438000
10438,1000,10439000
10439,1000,10440000
10440,1000,10441000
10441,1000,10442000
10442,1000,10443000
10443,1000,10444000
10444,1000,10445000
10445,1000,10446000
10446,1000,10447000
10447,1000,10448000
10448,1000,10449000
10449,1000,10450000
10450,1000,10451000
10451,1000,10452000
10452,1000,10453000
10453,1000,10454000
10454,1000,10455000
10455,1000,10456000
10456,1000,10457000
10457,1000,10458000
10458,1000,10459000
10459,1000,10460000
10460,1000,10461000
10461,1000,10462000
10462,1000,10463000
10463,1000,10464000
10464,1000,10465000
10465,1000,10466000
10466,1000,10467000
10467,1000,10468000
10468,1000,10469000
10469,1000,10470000
10470,1000,10471000
10471,1000,10472000
10472,1000,10473000
10473,1000,10474000
10474,1000,10475000
10475,1000,10476000
10476,1000,10477000
10477,1000,10478000
10478,1000,10479000
10479,1000,10480000
10480,1000,10481000
10481,1000,10482000
10482,1000,10483000
10483,1000,10484000
10484,1000,10485000
10485,1000,10486000
10486,1000,10487000
10487,1000,10488000
10488,1000,10489000
10489,1000,10490000
10490,1000,10491000
10491,1000,10492000
10492,1000,10493000
10493,1000,10494000
10494,1000,10495000
10495,1000,10496000
10496,1000,10497000
10497,1000,10498000
10498,1000,10499000
10499,1000,10500000
10500,1000,10501000
10501,1000,10502000
10502,1000,10503000
10503,1000,10504000
10504,1000,10505000
10505,1000,10506000
10506,1000,10507000
10507,1000,10508000
10508,1000,10509000
10509,1000,10510000
10510,1000,10511000
10511,1000,10512000
10512,1000,10513000
10513,1000,10514000
10514,1000,10515000
10515,1000,10516000
10516,1000,10517000
10517,1000,10518000
10518,1000,10519000
10519,1000,10520000
10520,1000,10521000
10521,1000,10522000
10522,1000,10523000
10523,1000,10524000
10524,1000,10525000
10525,1000,10526000
10526,1000,10527000
10527,1000,10528000
10528,1000,10529000
10529,1000,10530000
10530,1000,10531000
10531,1000,10532000
10532,1000,10533000
10533,1000,10534000
10534,1000,10535000
10535,1000,10536000
10536,1000,10537000
10537,1000,10538000
10538,1000,10539000
10539,1000,10540000
10540,1000,10541000
10541,1000,10542000
10542,1000,10543000
10543,1000,10544000
10544,1000,10545000
10545,1000,10546000
10546,1000,10547000
10547,1000,10548000
10548,1000,10549000
10549,1000,10550000
10550,1000,10551000
10551,1000,10552000
10552,1000,10553000
10553,1000,10554000
10554,1000,10555000
10555,1000,10556000
10556,1000,10557000
10557,1000,10558000
10558,1000,10559000
10559,1000,10560000
10560,1000,10561000
10561,1000,10562000
10562,1000,10563000
10563,1000,10564000
10564,1000,10565000
10565,1000,10566000
10566,1000,10567000
10567,1000,10568000
10568,1000,10569000
10569,1000,10570000
10570,1000,10571000
10571,1000,10572000
10572,1000,10573000
10573,1000,10574000
10574,1000,10575000
10575,1000,10576000
10576,1000,10577000
10577,1000,10578000
10578,1000,10579000
10579,1000,10580000
10580,1000,10581000
10581,1000,10582000
10582,1000,10583000
10583,1000,10584000
10584,1000,10585000
10585,1000,10586000
10586,1000,10587000
10587,1000,10588000
10588,1000,10589000
10589,1000,10590000
10590,1000,10591000
10591,1000,10592000
10592,1000,10593000
10593,1000,10594000
10594,1000,10595000
10595,1000,10596000
10596,1000,10597000
10597,1000,10598000
10598,1000,10599000
10599,1000,10600000
10600,1000,10601000
10601,1000,10602000
10602,1000,10603000
10603,1000,10604000
10604,1000,10605000
10605,1000,10606000
10606,1000,10607000
10607,1000,10608000
10608,1000,10609000
10609,1000,10610000
10610,1000,10611000
10611,1000,10612000
10612,1000,10613000
10613,1000,10614000
10614,1000,10615000
10615,1000,10616000
10616,1000,10617000
10617,1000,10618000
10618,1000,10619000
10619,1000,10620000
10620,1000,10621000
10621,1000,10622000
10622,1000,10623000
10623,1000,10624000
10624,1000,10625000
10625,1000,10626000
10626,1000,10627000
10627,1000,10628000
10628,1000,10629000
10629,1000,10630000
10630,1000,10631000
10631,1000,10632000
10632,1000,10633000
10633,1000,10634000
10634,1000,10635000
10635,1000,10636000
10636,1000,10637000
10637,1000,10638000
10638,1000,10639000
10639,1000,10640000
10640,1000,10641000
10641,1000,10642000
10642,1000,10643000
10643,1000,10644000
10644,1000,10645000
10645,1000,10646000
10646,1000,10647000
10647,1000,10648000
10648,1000,10649000
10649,1000,10650000
10650,1000,10651000
10651,1000,10652000
10652,1000,10653000
10653,1000,10654000
10654,1000,10655000
10655,1000,10656000
10656,1000,10657000
10657,1000,10658000
10658,1000,10659000
10659,1000,10660000
10660,1000,10661000
10661,1000,10662000
10662,1000,10663000
10663,1000,10664000
10664,1000,10665000
10665,1000,10666000
10666,1000,10667000
10667,1000,10668000
10668,1000,10669000
10669,1000,10670000
10670,1000,10671000
10671,1000,10672000
10672,1000,10673000
10673,1000,10674000
10674,1000,10675000
10675,1000,10676000
10676,1000,10677000
10677,1000,10678000
10678,1000,10679000
10679,1000,10680000
10680,1000,10681000
10681,1000,10682000
10682,1000,10683000
10683,1000,10684000
10684,1000,10685000
10685,1000,10686000
10686,1000,10687000
10687,1000,10688000
10688,1000,10689000
10689,1000,10690000
10690,1000,10691000
10691,1000,10692000
10692,1000,10693000
10693,1000,10694000
10694,1000,10695000
10695,1000,10696000
10696,1000,10697000
10697,1000,10698000
10698,1000,10699000
10699,1000,10700000
10700,1000,10701000
10701,1000,10702000
10702,1000,10703000
10703,1000,10704000
10704,1000,10705000
10705,1000,10706000
10706,1000,10707000
10707,1000,10708000
10708,1000,10709000
10709,1000,10710000
10710,1000,10711000
10711,1000,10712000
10712,1000,10713000
10713,1000,10714000
10714,1000,10715000
10715,1000,10716000
10716,1000,10717000
10717,1000,10718000
10718,1000,10719000
10719,1000,10720000
10720,1000,10721000
10721,1000,10722000
10722,1000,10723000
10723,1000,10724000
10724,1000,10725000
10725,1000,10726000
10726,1000,10727000
10727,1000,10728000
10728,1000,10729000
10729,1000,10730000
10730,1000,10731000
10731,1000,10732000
10732,1000,10733000
10733,1000,10734000
10734,1000,10735000
10735,1000,10736000
10736,1000,10737000
10737,1000,10738000
10738,1000,10739000
10739,1000,10740000
10740,1000,10741000
10741,1000,10742000
10742,1000,10743000
10743,1000,10744000
10744,1000,10745000
10745,1000,10746000
10746,1000,10747000
10747,1000,10748000
10748,1000,10749000
10749,1000,10750000
10750,1000,10751000
10751,1000,10752000
10752,1000,10753000
10753,1000,10754000
10754,1000,10755000
10755,1000,10756000
10756,1000,10757000
10757,1000,10758000
10758,1000,10759000
10759,1000,10760000
10760,1000,10761000
10761,1000,10762000
10762,1000,10763000
10763,1000,10764000
10764,1000,10765000
10765,1000,10766000
10766,1000,10767000
10767,1000,10768000
10768,1000,10769000
10769,1000,10770000
10770,1000,10771000
10771,1000,10772000
10772,1000,10773000
10773,1000,10774000
10774,1000,10775000
10775,1000,10776000
10776,1000,10777000
10777,1000,10778000
10778,1000,10779000
10779,1000,10780000
10780,1000,10781000
10781,1000,10782000
10782,1000,10783000
10783,1000,10784000
10784,1000,10785000
10785,1000,10786000
10786,1000,10787000
10787,1000,10788000
10788,1000,10789000
10789,1000,10790000
10790,1000,10791000
10791,1000,10792000
10792,1000,10793000
10793,1000,10794000
10794,1000,10795000
10795,1000,10796000
10796,1000,10797000
10797,1000,10798000
10798,1000,10799000
10799,1000,10800000
10800,1000,10801000
10801,1000,10802000
10802,1000,10803000
10803,1000,10804000
10804,1000,10805000
10805,1000,10806000
10806,1000,10807000
10807,1000,10808000
10808,1000,10809000
10809,1000,10810000
10810,1000,10811000
10811,1000,10812000
10812,1000,10813000
10813,1000,10814000
10814,1000,10815000
10815,1000,10816000
10816,1000,10817000
10817,1000,10818000
10818,1000,10819000
10819,1000,10820000
10820,1000,10821000
10821,1000,10822000
10822,1000,10823000
10823,1000,10824000
10824,1000,10825000
10825,1000,10826000
10826,1000,10827000
10827,1000,10828000
10828,1000,10829000
10829,1000,10830000
10830,1000,10831000
10831,1000,10832000
10832,1000,10833000
10833,1000,10834000
10834,1000,10835000
10835,1000,10836000
10836,1000,10837000
10837,1000,10838000
10838,1000,10839000
10839,1000,10840000
10840,1000,10841000
10841,1000,10842000
10842,1000,10843000
10843,1000,10844000
10844,1000,10845000
10845,1000,10846000
10846,1000,10847000
10847,1000,10848000
10848,1000,10849000
10849,1000,10850000
10850,1000,10851000
10851,1000,10852000
10852,1000,10853000
10853,1000,10854000
10854,1000,10855000
10855,1000,10856000
10856,1000,10857000
10857,1000,10858000
10858,1000,10859000
10859,1000,10860000
10860,1000,10861000
10861,1000,10862000
10862,1000,10863000
10863,1000,10864000
10864,1000,10865000
10865,1000,10866000
10866,1000,10867000
10867,1000,10868000
10868,1000,10869000
10869,1000,10870000
10870,1000,10871000
10871,1000,10872000
10872,1000,10873000
10873,1000,10874000
10874,1000,10875000
10875,1000,10876000
10876,1000,10877000
10877,1000,10878000
10878,1000,10879000
10879,1000,10880000
10880,1000,10881000
10881,1000,10882000
10882,1000,10883000
10883,1000,10884000
10884,1000,10885000
10885,1000,10886000
10886,1000,10887000
10887,1000,10888000
10888,1000,10889000
10889,1000,10890000
10890,1000,10891000
10891,1000,10892000
10892,1000,10893000
10893,1000,10894000
10894,1000,10895000
10895,1000,10896000
10896,1000,10897000
10897,1000,10898000
10898,1000,10899000
10899,1000,10900000
10900,1000,10901000
10901,1000,10902000
10902,1000,10903000
10903,1000,10904000
10904,1000,10905000
10905,1000,10906000
10906,1000,10907000
10907,1000,10908000
10908,1000,10909000
10909,1000,10910000
10910,1000,10911000
10911,1000,10912000
10912,1000,10913000
10913,1000,10914000
10914,1000,10915000
10915,1000,10916000
10916,1000,10917000
10917,1000,10918000
10918,1000,10919000
10919,1000,10920000
10920,1000,10921000
10921,1000,10922000
10922,1000,10923000
10923,1000,10924000
10924,1000,10925000
10925,1000,10926000
10926,1000,10927000
10927,1000,10928000
10928,1000,10929000
10929,1000,10930000
10930,1000,10931000
10931,1000,10932000
10932,1000,10933000
10933,1000,10934000
10934,1000,10935000
10935,1000,10936000
10936,1000,10937000
10937,1000,10938000
10938,1000,10939000
10939,1000,10940000
10940,1000,10941000
10941,1000,10942000
10942,1000,10943000
10943,1000,10944000
10944,1000,10945000
10945,1000,10946000
10946,1000,10947000
10947,1000,10948000
10948,1000,10949000
10949,1000,10950000
10950,1000,10951000
10951,1000,10952000
10952,1000,10953000
10953,1000,10954000
10954,1000,10955000
10955,1000,10956000
10956,1000,10957000
10957,1000,10958000
10958,1000,10959000
10959,1000,10960000
10960,1000,10961000
10961,1000,10962000
10962,1000,10963000
10963,1000,10964000
10964,1000,10965000
10965,1000,10966000
10966,1000,10967000
10967,1000,10968000
10968,1000,10969000
10969,1000,10970000
10970,1000,10971000
10971,1000,10972000
10972,1000,10973000
10973,1000,10974000
10974,1000,10975000
10975,1000,10976000
10976,1000,10977000
10977,1000,10978000
10978,1000,10979000
10979,1000,10980000
10980,1000,10981000
10981,1000,10982000
10982,1000,10983000
10983,1000,10984000
10984,1000,10985000
10985,1000,10986000
10986,1000,10987000
10987,1000,10988000
10988,1000,10989000
10989,1000,10990000
10990,1000,10991000
10991,1000,10992000
10992,1000,10993000
10993,1000,10994000
10994,1000,10995000
10995,1000,10996000
10996,1000,10997000
10997,1000,10998000
10998,1000,10999000
10999,1000,11000000
11000,1000,11001000
11001,1000,11002000
11002,1000,11003000
11003,1000,11004000
11004,1000,11005000
11005,1000,11006000
11006,1000,11007000
11007,1000,11008000
11008,1000,11009000
11009,1000,11010000
11010,1000,11011000
11011,1000,11012000
11012,1000,11013000
11013,1000,11014000
11014,1000,11015000
11015,1000,11016000
11016,1000,11017000
11017,1000,11018000
11018,1000,11019000
11019,1000,11020000
11020,1000,11021000
11021,1000,11022000
11022,1000,11023000
11023,1000,11024000
11024,1000,11025000
11025,1000,11026000
11026,1000,11027000
11027,1000,11028000
11028,1000,11029000
11029,1000,11030000
11030,1000,11031000
11031,1000,11032000
11032,1000,11033000
11033,1000,11034000
11034,1000,11035000
11035,1000,11036000
11036,1000,11037000
11037,1000,11038000
11038,1000,11039000
11039,1000,11040000
11040,1000,11041000
11041,1000,11042000
11042,1000,11043000
11043,1000,11044000
11044,1000,11045000
11045,1000,11046000
11046,1000,11047000
11047,1000,11048000
11048,1000,11049000
11049,1000,11050000
11050,1000,11051000
11051,1000,11052000
11052,1000,11053000
11053,1000,11054000
11054,1000,11055000
11055,1000,11056000
11056,1000,11057000
11057,1000,11058000
11058,1000,11059000
11059,1000,11060000
11060,1000,11061000
11061,1000,11062000
11062,1000,11063000
11063,1000,11064000
11064,1000,11065000
11065,1000,11066000
11066,1000,11067000
11067,1000,11068000
11068,1000,11069000
11069,1000,11070000
11070,1000,11071000
11071,1000,11072000
11072,1000,11073000
11073,1000,11074000
11074,1000,11075000
11075,1000,11076000
11076,1000,11077000
11077,1000,11078000
11078,1000,11079000
11079,1000,11080000
11080,1000,11081000
11081,1000,11082000
11082,1000,11083000
11083,1000,11084000
11084,1000,11085000
11085,1000,11086000
11086,1000,11087000
11087,1000,11088000
11088,1000,11089000
11089,1000,11090000
11090,1000,11091000
11091,1000,11092000
11092,1000,11093000
11093,1000,11094000
11094,1000,11095000
11095,1000,11096000
11096,1000,11097000
11097,1000,11098000
11098,1000,11099000
11099,1000,11100000
11100,1000,11101000
11101,1000,11102000
11102,1000,11103000
11103,1000,11104000
11104,1000,11105000
11105,1000,11106000
11106,1000,11107000
11107,1000,11108000
11108,1000,11109000
11109,1000,11110000
11110,1000,11111000
11111,1000,11112000
11112,1000,11113000
11113,1000,11114000
11114,1000,11115000
11115,1000,11116000
11116,1000,11117000
11117,1000,11118000
11118,1000,11119000
11119,1000,11120000
11120,1000,11121000
11121,1000,11122000
11122,1000,11123000
11123,1000,11124000
11124,1000,11125000
11125,1000,11126000
11126,1000,11127000
11127,1000,11128000
11128,1000,11129000
11129,1000,11130000
11130,1000,11131000
11131,1000,11132000
11132,1000,11133000
11133,1000,11134000
11134,1000,11135000
11135,1000,11136000
11136,1000,11137000
11137,1000,11138000
11138,1000,11139000
11139,1000,11140000
11140,1000,11141000
11141,1000,11142000
11142,1000,11143000
11143,1000,11144000
11144,1000,11145000
11145,1000,11146000
11146,1000,11147000
11147,1000,11148000
11148,1000,11149000
11149,1000,11150000
11150,1000,11151000
11151,1000,11152000
11152,1000,11153000
11153,1000,11154000
11154,1000,11155000
11155,1000,11156000
11156,1000,11157000
11157,1000,11158000
11158,1000,11159000
11159,1000,11160000
11160,1000,11161000
11161,1000,11162000
11162,1000,11163000
11163,1000,11164000
11164,1000,11165000
11165,1000,11166000
11166,1000,11167000
11167,1000,11168000
11168,1000,11169000
11169,1000,11170000
11170,1000,11171000
11171,1000,11172000
11172,1000,11173000
11173,1000,11174000
11174,1000,11175000
11175,1000,11176000
11176,1000,11177000
11177,1000,11178000
11178,1000,11179000
11179,1000,11180000
11180,1000,11181000
11181,1000,11182000
11182,1000,11183000
11183,1000,11184000
11184,1000,11185000
11185,1000,11186000
11186,1000,11187000
11187,1000,11188000
11188,1000,11189000
11189,1000,11190000
11190,1000,11191000
11191,1000,11192000
11192,1000,11193000
11193,1000,11194000
11194,1000,11195000
11195,1000,11196000
11196,1000,11197000
11197,1000,11198000
11198,1000,11199000
11199,1000,11200000
11200,1000,11201000
11201,1000,11202000
11202,1000,11203000
11203,1000,11204000
11204,1000,11205000
11205,1000,11206000
11206,1000,11207000
11207,1000,11208000
11208,1000,11209000
11209,1000,11210000
11210,1000,11211000
11211,1000,11212000
11212,1000,11213000
11213,1000,11214000
11214,1000,11215000
11215,1000,11216000
11216,1000,11217000
11217,1000,11218000
11218,1000,11219000
11219,1000,11220000
11220,1000,11221000
11221,1000,11222000
11222,1000,11223000
11223,1000,11224000
11224,1000,11225000
11225,1000,11226000
11226,1000,11227000
11227,1000,11228000
11228,1000,11229000
11229,1000,11230000
11230,1000,11231000
11231,1000,11232000
11232,1000,11233000
11233,1000,11234000
11234,1000,11235000
11235,1000,11236000
11236,1000,11237000
11237,1000,11238000
11238,1000,11239000
11239,1000,11240000
11240,1000,11241000
11241,1000,11242000
11242,1000,11243000
11243,1000,11244000
11244,1000,11245000
11245,1000,11246000
11246,1000,11247000
11247,1000,11248000
11248,1000,11249000
11249,1000,11250000
11250,1000,11251000
11251,1000,11252000
11252,1000,11253000
11253,1000,11254000
11254,1000,11255000
11255,1000,11256000
11256,1000,11257000
11257,1000,11258000
11258,1000,11259000
11259,1000,11260000
11260,1000,11261000
11261,1000,11262000
11262,1000,11263000
11263,1000,11264000
11264,1000,11265000
11265,1000,11266000
11266,1000,11267000
11267,1000,11268000
11268,1000,11269000
11269,1000,11270000
11270,1000,11271000
11271,1000,11272000
11272,1000,11273000
11273,1000,11274000
11274,1000,11275000
11275,1000,11276000
11276,1000,11277000
11277,1000,11278000
11278,1000,11279000
11279,1000,11280000
11280,1000,11281000
11281,1000,11282000
11282,1000,11283000
11283,1000,11284000
11284,1000,11285000
11285,1000,11286000
11286,1000,11287000
11287,1000,11288000
11288,1000,11289000
11289,1000,11290000
11290,1000,11291000
11291,1000,11292000
11292,1000,11293000
11293,1000,11294000
11294,1000,11295000
11295,1000,11296000
11296,1000,11297000
11297,1000,11298000
11298,1000,11299000
11299,1000,11300000
11300,1000,11301000
11301,1000,11302000
11302,1000,11303000
11303,1000,11304000
11304,1000,11305000
11305,1000,11306000
11306,1000,11307000
11307,1000,11308000
11308,1000,11309000
11309,1000,11310000
11310,1000,11311000
11311,1000,11312000
11312,1000,11313000
11313,1000,11314000
11314,1000,11315000
11315,1000,11316000
11316,1000,11317000
11317,1000,11318000
11318,1000,11319000
11319,1000,11320000
11320,1000,11321000
11321,1000,11322000
11322,1000,11323000
11323,1000,11324000
11324,1000,11325000
11325,1000,11326000
11326,1000,11327000
11327,1000,11328000
11328,1000,11329000
11329,1000,11330000
11330,1000,11331000
11331,1000,11332000
11332,1000,11333000
11333,1000,11334000
11334,1000,11335000
11335,1000,11336000
11336,1000,11337000
11337,1000,11338000
11338,1000,11339000
11339,1000,11340000
11340,1000,11341000
11341,1000,11342000
11342,1000,11343000
11343,1000,11344000
11344,1000,11345000
11345,1000,11346000
11346,1000,11347000
11347,1000,11348000
11348,1000,11349000
11349,1000,11350000
11350,1000,11351000
11351,1000,11352000
11352,1000,11353000
11353,1000,11354000
11354,1000,11355000
11355,1000,11356000
11356,1000,11357000
11357,1000,11358000
11358,1000,11359000
11359,1000,11360000
11360,1000,11361000
11361,1000,11362000
11362,1000,11363000
11363,1000,11364000
11364,1000,11365000
11365,1000,11366000
11366,1000,11367000
11367,1000,11368000
11368,1000,11369000
11369,1000,11370000
11370,1000,11371000
11371,1000,11372000
11372,1000,11373000
11373,1000,11374000
11374,1000,11375000
11375,1000,11376000
11376,1000,11377000
11377,1000,11378000
11378,1000,11379000
11379,1000,11380000
11380,1000,11381000
11381,1000,11382000
11382,1000,11383000
11383,1000,11384000
11384,1000,11385000
11385,1000,11386000
11386,1000,11387000
11387,1000,11388000
11388,1000,11389000
11389,1000,11390000
11390,1000,11391000
11391,1000,11392000
11392,1000,11393000
11393,1000,11394000
11394,1000,11395000
11395,1000,11396000
11396,1000,11397000
11397,1000,11398000
11398,1000,11399000
11399,1000,11400000
11400,1000,11401000
11401,1000,11402000
11402,1000,11403000
11403,1000,11404000
11404,1000,11405000
11405,1000,11406000
11406,1000,11407000
11407,1000,11408000
11408,1000,11409000
11409,1000,11410000
11410,1000,11411000
11411,1000,11412000
11412,1000,11413000
11413,1000,11414000
11414,1000,11415000
11415,1000,11416000
11416,1000,11417000
11417,1000,11418000
11418,1000,11419000
11419,1000,11420000
11420,1000,11421000
11421,1000,11422000
11422,1000,11423000
11423,1000,11424000
11424,1000,11425000
11425,1000,11426000
11426,1000,11427000
11427,1000,11428000
11428,1000,11429000
11429,1000,11430000
11430,1000,11431000
11431,1000,11432000
11432,1000,11433000
11433,1000,11434000
11434,1000,11435000
11435,1000,11436000
11436,1000,11437000
11437,1000,11438000
11438,1000,11439000
11439,1000,11440000
11440,1000,11441000
11441,1000,11442000
11442,1000,11443000
11443,1000,11444000
11444,1000,11445000
11445,1000,11446000
11446,1000,11447000
11447,1000,11448000
11448,1000,11449000
11449,1000,11450000
11450,1000,11451000
11451,1000,11452000
11452,1000,11453000
11453,1000,11454000
11454,1000,11455000
11455,1000,11456000
11456,1000,11457000
11457,1000,11458000
11458,1000,11459000
11459,1000,11460000
11460,1000,11461000
11461,1000,11462000
11462,1000,11463000
11463,1000,11464000
11464,1000,11465000
11465,1000,11466000
11466,1000,11467000
11467,1000,11468000
11468,1000,11469000
11469,1000,11470000
11470,1000,11471000
11471,1000,11472000
11472,1000,11473000
11473,1000,11474000
11474,1000,11475000
11475,1000,11476000
11476,1000,11477000
11477,1000,11478000
11478,1000,11479000
11479,1000,11480000
11480,1000,11481000
11481,1000,11482000
11482,1000,11483000
11483,1000,11484000
11484,1000,11485000
11485,1000,11486000
11486,1000,11487000
11487,1000,11488000
11488,1000,11489000
11489,1000,11490000
11490,1000,11491000
11491,1000,11492000
11492,1000,11493000
11493,1000,11494000
11494,1000,11495000
11495,1000,11496000
11496,1000,11497000
11497,1000,11498000
11498,1000,11499000
11499,1000,11500000
11500,1000,11501000
11501,1000,11502000
11502,1000,11503000
11503,1000,11504000
11504,1000,11505000
11505,1000,11506000
11506,1000,11507000
11507,1000,11508000
11508,1000,11509000
11509,1000,11510000
11510,1000,11511000
11511,1000,11512000
11512,1000,11513000
11513,1000,11514000
11514,1000,11515000
11515,1000,11516000
11516,1000,11517000
11517,1000,11518000
11518,1000,11519000
11519,1000,11520000
11520,1000,11521000
11521,1000,11522000
11522,1000,11523000
11523,1000,11524000
11524,1000,11525000
11525,1000,11526000
11526,1000,11527000
11527,1000,11528000
11528,1000,11529000
11529,1000,11530000
11530,1000,11531000
11531,1000,11532000
11532,1000,11533000
11533,1000,11534000
11534,1000,11535000
11535,1000,11536000
11536,1000,11537000
11537,1000,11538000
11538,1000,11539000
11539,1000,11540000
11540,1000,11541000
11541,1000,11542000
11542,1000,11543000
11543,1000,11544000
11544,1000,11545000
11545,1000,11546000
11546,1000,11547000
11547,1000,11548000
11548,1000,11549000
11549,1000,11550000
11550,1000,11551000
11551,1000,11552000
11552,1000,11553000
11553,1000,11554000
11554,1000,11555000
11555,1000,11556000
11556,1000,11557000
11557,1000,11558000
11558,1000,11559000
11559,1000,11560000
11560,1000,11561000
11561,1000,11562000
11562,1000,11563000
11563,1000,11564000
11564,1000,11565000
11565,1000,11566000
11566,1000,11567000
11567,1000,11568000
11568,1000,11569000
11569,1000,11570000
11570,1000,11571000
11571,1000,11572000
11572,1000,11573000
11573,1000,11574000
11574,1000,11575000
11575,1000,11576000
11576,1000,11577000
11577,1000,11578000
11578,1000,11579000
11579,1000,11580000
11580,1000,11581000
11581,1000,11582000
11582,1000,11583000
11583,1000,11584000
11584,1000,11585000
11585,1000,11586000
11586,1000,11587000
11587,1000,11588000
11588,1000,11589000
11589,1000,11590000
11590,1000,11591000
11591,1000,11592000
11592,1000,11593000
11593,1000,11594000
11594,1000,11595000
11595,1000,11596000
11596,1000,11597000
11597,1000,11598000
11598,1000,11599000
11599,1000,11600000
11600,1000,11601000
11601,1000,11602000
11602,1000,11603000
11603,1000,11604000
11604,1000,11605000
11605,1000,11606000
11606,1000,11607000
11607,1000,11608000
11608,1000,11609000
11609,1000,11610000
11610,1000,11611000
11611,1000,11612000
11612,1000,11613000
11613,1000,11614000
11614,1000,11615000
11615,1000,11616000
11616,1000,11617000
11617,1000,11618000
11618,1000,11619000
11619,1000,11620000
11620,1000,11621000
11621,1000,11622000
11622,1000,11623000
11623,1000,11624000
11624,1000,11625000
11625,1000,11626000
11626,1000,11627000
11627,1000,11628000
11628,1000,11629000
11629,1000,11630000
11630,1000,11631000
11631,1000,11632000
11632,1000,11633000
11633,1000,11634000
11634,1000,11635000
11635,1000,11636000
11636,1000,11637000
11637,1000,11638000
11638,1000,11639000
11639,1000,11640000
11640,1000,11641000
11641,1000,11642000
11642,1000,11643000
11643,1000,11644000
11644,1000,11645000
11645,1000,11646000
11646,1000,11647000
11647,1000,11648000
11648,1000,11649000
11649,1000,11650000
11650,1000,11651000
11651,1000,11652000
11652,1000,11653000
11653,1000,11654000
11654,1000,11655000
11655,1000,11656000
11656,1000,11657000
11657,1000,11658000
11658,1000,11659000
11659,1000,11660000
11660,1000,11661000
11661,1000,11662000
11662,1000,11663000
11663,1000,11664000
11664,1000,11665000
11665,1000,11666000
11666,1000,11667000
11667,1000,11668000
11668,1000,11669000
11669,1000,11670000
11670,1000,11671000
11671,1000,11672000
11672,1000,11673000
11673,1000,11674000
11674,1000,11675000
11675,1000,11676000
11676,1000,11677000
11677,1000,11678000
11678,1000,11679000
11679,1000,11680000
11680,1000,11681000
11681,1000,11682000
11682,1000,11683000
11683,1000,11684000
11684,1000,11685000
11685,1000,11686000
11686,1000,11687000
11687,1000,11688000
11688,1000,11689000
11689,1000,11690000
11690,1000,11691000
11691,1000,11692000
11692,1000,11693000
11693,1000,11694000
11694,1000,11695000
11695,1000,11696000
11696,1000,11697000
11697,1000,11698000
11698,1000,11699000
11699,1000,11700000
11700,1000,11701000
11701,1000,11702000
11702,1000,11703000
11703,1000,11704000
11704,1000,11705000
11705,1000,11706000
11706,1000,11707000
11707,1000,11708000
11708,1000,11709000
11709,1000,11710000
11710,1000,11711000
11711,1000,11712000
11712,1000,11713000
11713,1000,11714000
11714,1000,11715000
11715,1000,11716000
11716,1000,11717000
11717,1000,11718000
11718,1000,11719000
11719,1000,11720000
11720,1000,11721000
11721,1000,11722000
11722,1000,11723000
11723,1000,11724000
11724,1000,11725000
11725,1000,11726000
11726,1000,11727000
11727,1000,11728000
11728,1000,11729000
11729,1000,11730000
11730,1000,11731000
11731,1000,11732000
11732,1000,11733000
11733,1000,11734000
11734,1000,11735000
11735,1000,11736000
11736,1000,11737000
11737,1000,11738000
11738,1000,11739000
11739,1000,11740000
11740,1000,11741000
11741,1000,11742000
11742,1000,11743000
11743,1000,11744000
11744,1000,11745000
11745,1000,11746000
11746,1000,11747000
11747,1000,11748000
11748,1000,11749000
11749,1000,11750000
11750,1000,11751000
11751,1000,11752000
11752,1000,11753000
11753,1000,11754000
11754,1000,11755000
11755,1000,11756000
11756,1000,11757000
11757,1000,11758000
11758,1000,11759000
11759,1000,11760000
11760,1000,11761000
11761,1000,11762000
11762,1000,11763000
11763,1000,11764000
11764,1000,11765000
11765,1000,11766000
11766,1000,11767000
11767,1000,11768000
11768,1000,11769000
11769,1000,11770000
11770,1000,11771000
11771,1000,11772000
11772,1000,11773000
11773,1000,11774000
11774,1000,11775000
11775,1000,11776000
11776,1000,11777000
11777,1000,11778000
11778,1000,11779000
11779,1000,11780000
11780,1000,11781000
11781,1000,11782000
11782,1000,11783000
11783,1000,11784000
11784,1000,11785000
11785,1000,11786000
11786,1000,11787000
11787,1000,11788000
11788,1000,11789000
11789,1000,11790000
11790,1000,11791000
11791,1000,11792000
11792,1000,11793000
11793,1000,11794000
11794,1000,11795000
11795,1000,11796000
11796,1000,11797000
11797,1000,11798000
11798,1000,11799000
11799,1000,11800000
11800,1000,11801000
11801,1000,11802000
11802,1000,11803000
11803,1000,11804000
11804,1000,11805000
11805,1000,11806000
11806,1000,11807000
11807,1000,11808000
11808,1000,11809000
11809,1000,11810000
11810,1000,11811000
11811,1000,11812000
11812,1000,11813000
11813,1000,11814000
11814,1000,11815000
11815,1000,11816000
11816,1000,11817000
11817,1000,11818000
11818,1000,11819000
11819,1000,11820000
11820,1000,11821000
11821,1000,11822000
11822,1000,11823000
11823,1000,11824000
11824,1000,11825000
11825,1000,11826000
11826,1000,11827000
11827,1000,11828000
11828,1000,11829000
11829,1000,11830000
11830,1000,11831000
11831,1000,11832000
11832,1000,11833000
11833,1000,11834000
11834,1000,11835000
11835,1000,11836000
11836,1000,11837000
11837,1000,11838000
11838,1000,11839000
11839,1000,11840000
11840,1000,11841000
11841,1000,11842000
11842,1000,11843000
11843,1000,11844000
11844,1000,11845000
11845,1000,11846000
11846,1000,11847000
11847,1000,11848000
11848,1000,11849000
11849,1000,11850000
11850,1000,11851000
11851,1000,11852000
11852,1000,11853000
11853,1000,11854000
11854,1000,11855000
11855,1000,11856000
11856,1000,11857000
11857,1000,11858000
11858,1000,11859000
11859,1000,11860000
11860,1000,11861000
11861,1000,11862000
11862,1000,11863000
11863,1000,11864000
11864,1000,11865000
11865,1000,11866000
11866,1000,11867000
11867,1000,11868000
11868,1000,11869000
11869,1000,11870000
11870,1000,11871000
11871,1000,11872000
11872,1000,11873000
11873,1000,11874000
11874,1000,11875000
11875,1000,11876000
11876,1000,11877000
11877,1000,11878000
11878,1000,11879000
11879,1000,11880000
11880,1000,11881000
11881,1000,11882000
11882,1000,11883000
11883,1000,11884000
11884,1000,11885000
11885,1000,11886000
11886,1000,11887000
11887,1000,11888000
11888,1000,11889000
11889,1000,11890000
11890,1000,11891000
11891,1000,11892000
11892,1000,11893000
11893,1000,11894000
11894,1000,11895000
11895,1000,11896000
11896,1000,11897000
11897,1000,11898000
11898,1000,11899000
11899,1000,11900000
11900,1000,11901000
11901,1000,11902000
11902,1000,11903000
11903,1000,11904000
11904,1000,11905000
11905,1000,11906000
11906,1000,11907000
11907,1000,11908000
11908,1000,11909000
11909,1000,11910000
11910,1000,11911000
11911,1000,11912000
11912,1000,11913000
11913,1000,11914000
11914,1000,11915000
11915,1000,11916000
11916,1000,11917000
11917,1000,11918000
11918,1000,11919000
11919,1000,11920000
11920,1000,11921000
11921,1000,11922000
11922,1000,11923000
11923,1000,11924000
11924,1000,11925000
11925,1000,11926000
11926,1000,11927000
11927,1000,11928000
11928,1000,11929000
11929,1000,11930000
11930,1000,11931000
11931,1000,11932000
11932,1000,11933000
11933,1000,11934000
11934,1000,11935000
11935,1000,11936000
11936,1000,11937000
11937,1000,11938000
11938,1000,11939000
11939,1000,11940000
11940,1000,11941000
11941,1000,11942000
11942,1000,11943000
11943,1000,11944000
11944,1000,11945000
11945,1000,11946000
11946,1000,11947000
11947,1000,11948000
11948,1000,11949000
11949,1000,11950000
11950,1000,11951000
11951,1000,11952000
11952,1000,11953000
11953,1000,11954000
11954,1000,11955000
11955,1000,11956000
11956,1000,11957000
11957,1000,11958000
11958,1000,11959000
11959,1000,11960000
11960,1000,11961000
11961,1000,11962000
11962,1000,11963000
11963,1000,11964000
11964,1000,11965000
11965,1000,11966000
11966,1000,11967000
11967,1000,11968000
11968,1000,11969000
11969,1000,11970000
11970,1000,11971000
11971,1000,11972000
11972,1000,11973000
11973,1000,11974000
11974,1000,11975000
11975,1000,11976000
11976,1000,11977000
11977,1000,11978000
11978,1000,11979000
11979,1000,11980000
11980,1000,11981000
11981,1000,11982000
11982,1000,11983000
11983,1000,11984000
11984,1000,11985000
11985,1000,11986000
11986,1000,11987000
11987,1000,11988000
11988,1000,11989000
11989,1000,11990000
11990,1000,11991000
11991,1000,11992000
11992,1000,11993000
11993,1000,11994000
11994,1000,11995000
11995,1000,11996000
11996,1000,11997000
11997,1000,11998000
11998,1000,11999000
11999,1000,12000000
12000,1000,12001000
12001,1000,12002000
12002,1000,12003000
12003,1000,12004000
12004,1000,12005000
12005,1000,12006000
12006,1000,12007000
12007,1000,12008000
12008,1000,12009000
12009,1000,12010000
12010,1000,12011000
12011,1000,12012000
12012,1000,12013000
12013,1000,12014000
12014,1000,12015000
12015,1000,12016000
12016,1000,12017000
12017,1000,12018000
12018,1000,12019000
12019,1000,12020000
12020,1000,12021000
12021,1000,12022000
12022,1000,12023000
12023,1000,12024000
12024,1000,12025000
12025,1000,12026000
12026,1000,12027000
12027,1000,12028000
12028,1000,12029000
12029,1000,12030000
12030,1000,12031000
12031,1000,12032000
12032,1000,12033000
12033,1000,12034000
12034,1000,12035000
12035,1000,12036000
12036,1000,12037000
12037,1000,12038000
12038,1000,12039000
12039,1000,12040000
12040,1000,12041000
12041,1000,12042000
12042,1000,12043000
12043,1000,12044000
12044,1000,12045000
12045,1000,12046000
12046,1000,12047000
12047,1000,12048000
12048,1000,12049000
12049,1000,12050000
12050,1000,12051000
12051,1000,12052000
12052,1000,12053000
12053,1000,12054000
12054,1000,12055000
12055,1000,12056000
12056,1000,12057000
12057,1000,12058000
12058,1000,12059000
12059,1000,12060000
12060,1000,12061000
12061,1000,12062000
12062,1000,12063000
12063,1000,12064000
12064,1000,12065000
12065,1000,12066000
12066,1000,12067000
12067,1000,12068000
12068,1000,12069000
12069,1000,12070000
12070,1000,12071000
12071,1000,12072000
12072,1000,12073000
12073,1000,12074000
12074,1000,12075000
12075,1000,12076000
12076,1000,12077000
12077,1000,12078000
12078,1000,12079000
12079,1000,12080000
12080,1000,12081000
12081,1000,12082000
12082,1000,12083000
12083,1000,12084000
12084,1000,12085000
12085,1000,12086000
12086,1000,12087000
12087,1000,12088000
12088,1000,12089000
12089,1000,12090000
12090,1000,12091000
12091,1000,12092000
12092,1000,12093000
12093,1000,12094000
12094,1000,12095000
12095,1000,12096000
12096,1000,12097000
12097,1000,12098000
12098,1000,12099000
12099,1000,12100000
12100,1000,12101000
12101,1000,12102000
12102,1000,12103000
12103,1000,12104000
12104,1000,12105000
12105,1000,12106000
12106,1000,12107000
12107,1000,12108000
12108,1000,12109000
12109,1000,12110000
12110,1000,12111000
12111,1000,12112000
12112,1000,12113000
12113,1000,12114000
12114,1000,12115000
12115,1000,12116000
12116,1000,12117000
12117,1000,12118000
12118,1000,12119000
12119,1000,12120000
12120,1000,12121000
12121,1000,12122000
12122,1000,12123000
12123,1000,12124000
12124,1000,12125000
12125,1000,12126000
12126,1000,12127000
12127,1000,12128000
12128,1000,12129000
12129,1000,12130000
12130,1000,12131000
12131,1000,12132000
12132,1000,12133000
12133,1000,12134000
12134,1000,12135000
12135,1000,12136000
12136,1000,12137000
12137,1000,12138000
12138,1000,12139000
12139,1000,12140000
12140,1000,12141000
12141,1000,12142000
12142,1000,12143000
12143,1000,12144000
12144,1000,12145000
12145,1000,12146000
12146,1000,12147000
12147,1000,12148000
12148,1000,12149000
12149,1000,12150000
12150,1000,12151000
12151,1000,12152000
12152,1000,12153000
12153,1000,12154000
12154,1000,12155000
12155,1000,12156000
12156,1000,12157000
12157,1000,12158000
12158,1000,12159000
12159,1000,12160000
12160,1000,12161000
12161,1000,12162000
12162,1000,12163000
12163,1000,12164000
12164,1000,12165000
12165,1000,12166000
12166,1000,12167000
12167,1000,12168000
12168,1000,12169000
12169,1000,12170000
12170,1000,12171000
12171,1000,12172000
12172,1000,12173000
12173,1000,12174000
12174,1000,12175000
12175,1000,12176000
12176,1000,12177000
12177,1000,12178000
12178,1000,12179000
12179,1000,12180000
12180,1000,12181000
12181,1000,12182000
12182,1000,12183000
12183,1000,12184000
12184,1000,12185000
12185,1000,12186000
12186,1000,12187000
12187,1000,12188000
12188,1000,12189000
12189,1000,12190000
12190,1000,12191000
12191,1000,12192000
12192,1000,12193000
12193,1000,12194000
12194,1000,12195000
12195,1000,12196000
12196,1000,12197000
12197,1000,12198000
12198,1000,12199000
12199,1000,12200000
12200,1000,12201000
12201,1000,12202000
12202,1000,12203000
12203,1000,12204000
12204,1000,12205000
12205,1000,12206000
12206,1000,12207000
12207,1000,12208000
12208,1000,12209000
12209,1000,12210000
12210,1000,12211000
12211,1000,12212000
12212,1000,12213000
12213,1000,12214000
12214,1000,12215000
12215,1000,12216000
12216,1000,12217000
12217,1000,12218000
12218,1000,12219000
12219,1000,12220000
12220,1000,12221000
12221,1000,12222000
12222,1000,12223000
12223,1000,12224000
12224,1000,12225000
12225,1000,12226000
12226,1000,12227000
12227,1000,12228000
12228,1000,12229000
12229,1000,12230000
12230,1000,12231000
12231,1000,12232000
12232,1000,12233000
12233,1000,12234000
12234,1000,12235000
12235,1000,12236000
12236,1000,12237000
12237,1000,12238000
12238,1000,12239000
12239,1000,12240000
12240,1000,12241000
12241,1000,12242000
12242,1000,12243000
12243,1000,12244000
12244,1000,12245000
12245,1000,12246000
12246,1000,12247000
12247,1000,12248000
12248,1000,12249000
12249,1000,12250000
12250,1000,12251000
12251,1000,12252000
12252,1000,12253000
12253,1000,12254000
12254,1000,12255000
12255,1000,12256000
12256,1000,12257000
12257,1000,12258000
12258,1000,12259000
12259,1000,12260000
12260,1000,12261000
12261,1000,12262000
12262,1000,12263000
12263,1000,12264000
12264,1000,12265000
12265,1000,12266000
12266,1000,12267000
12267,1000,12268000
12268,1000,12269000
12269,1000,12270000
12270,1000,12271000
12271,1000,12272000
12272,1000,12273000
12273,1000,12274000
12274,1000,12275000
12275,1000,12276000
12276,1000,12277000
12277,1000,12278000
12278,1000,12279000
12279,1000,12280000
12280,1000,12281000
12281,1000,12282000
12282,1000,12283000
12283,1000,12284000
12284,1000,12285000
12285,1000,12286000
12286,1000,12287000
12287,1000,12288000
12288,1000,12289000
12289,1000,12290000
12290,1000,12291000
12291,1000,12292000
12292,1000,12293000
12293,1000,12294000
12294,1000,12295000
12295,1000,12296000
12296,1000,12297000
12297,1000,12298000
12298,1000,12299000
12299,1000,12300000
12300,1000,12301000
12301,1000,12302000
12302,1000,12303000
12303,1000,12304000
12304,1000,12305000
12305,1000,12306000
12306,1000,12307000
12307,1000,12308000
12308,1000,12309000
12309,1000,12310000
12310,1000,12311000
12311,1000,12312000
12312,1000,12313000
12313,1000,12314000
12314,1000,12315000
12315,1000,12316000
12316,1000,12317000
12317,1000,12318000
12318,1000,12319000
12319,1000,12320000
12320,1000,12321000
12321,1000,12322000
12322,1000,12323000
12323,1000,12324000
12324,1000,12325000
12325,1000,12326000
12326,1000,12327000
12327,1000,12328000
12328,1000,12329000
12329,1000,12330000
12330,1000,12331000
12331,1000,12332000
12332,1000,12333000
12333,1000,12334000
12334,1000,12335000
12335,1000,12336000
12336,1000,12337000
12337,1000,12338000
12338,1000,12339000
12339,1000,12340000
12340,1000,12341000
12341,1000,12342000
12342,1000,12343000
12343,1000,12344000
12344,1000,12345000
12345,1000,12346000
12346,1000,12347000
12347,1000,12348000
12348,1000,12349000
12349,1000,12350000
12350,1000,12351000
12351,1000,12352000
12352,1000,12353000
12353,1000,12354000
12354,1000,12355000
12355,1000,12356000
12356,1000,12357000
12357,1000,12358000
12358,1000,12359000
12359,1000,12360000
12360,1000,12361000
12361,1000,12362000
12362,1000,12363000
12363,1000,12364000
12364,1000,12365000
12365,1000,12366000
12366,1000,12367000
12367,1000,12368000
12368,1000,12369000
12369,1000,12370000
12370,1000,12371000
12371,1000,12372000
12372,1000,12373000
12373,1000,12374000
12374,1000,12375000
12375,1000,12376000
12376,1000,12377000
12377,1000,12378000
12378,1000,12379000
12379,1000,12380000
12380,1000,12381000
12381,1000,12382000
12382,1000,12383000
12383,1000,12384000
12384,1000,12385000
12385,1000,12386000
12386,1000,12387000
12387,1000,12388000
12388,1000,12389000
12389,1000,12390000
12390,1000,12391000
12391,1000,12392000
12392,1000,12393000
12393,1000,12394000
12394,1000,12395000
12395,1000,12396000
12396,1000,12397000
12397,1000,12398000
12398,1000,12399000
12399,1000,12400000
12400,1000,12401000
12401,1000,12402000
12402,1000,12403000
12403,1000,12404000
12404,1000,12405000
12405,1000,12406000
12406,1000,12407000
12407,1000,12408000
12408,1000,12409000
12409,1000,12410000
12410,1000,12411000
12411,1000,12412000
12412,1000,12413000
12413,1000,12414000
12414,1000,12415000
12415,1000,12416000
12416,1000,12417000
12417,1000,12418000
12418,1000,12419000
12419,1000,12420000
12420,1000,12421000
12421,1000,12422000
12422,1000,12423000
12423,1000,12424000
12424,1000,12425000
12425,1000,12426000
12426,1000,12427000
12427,1000,12428000
12428,1000,12429000
12429,1000,12430000
12430,1000,12431000
12431,1000,12432000
12432,1000,12433000
12433,1000,12434000
12434,1000,12435000
12435,1000,12436000
12436,1000,12437000
12437,1000,12438000
12438,1000,12439000
12439,1000,12440000
12440,1000,12441000
12441,1000,12442000
12442,1000,12443000
12443,1000,12444000
12444,1000,12445000
12445,1000,12446000
12446,1000,12447000
12447,1000,12448000
12448,1000,12449000
12449,1000,12450000
12450,1000,12451000
12451,1000,12452000
12452,1000,12453000
12453,1000,12454000
12454,1000,12455000
12455,1000,12456000
12456,1000,12457000
12457,1000,12458000
12458,1000,12459000
12459,1000,12460000
12460,1000,12461000
12461,1000,12462000
12462,1000,12463000
12463,1000,12464000
12464,1000,12465000
12465,1000,12466000
12466,1000,12467000
12467,1000,12468000
12468,1000,12469000
12469,1000,12470000
12470,1000,12471000
12471,1000,12472000
12472,1000,12473000
12473,1000,12474000
12474,1000,12475000
12475,1000,12476000
12476,1000,12477000
12477,1000,12478000
12478,1000,12479000
12479,1000,12480000
12480,1000,12481000
12481,1000,12482000
12482,1000,12483000
12483,1000,12484000
12484,1000,12485000
12485,1000,12486000
12486,1000,12487000
12487,1000,12488000
12488,1000,12489000
12489,1000,12490000
12490,1000,12491000
12491,1000,12492000
12492,1000,12493000
12493,1000,12494000
12494,1000,12495000
12495,1000,12496000
12496,1000,12497000
12497,1000,12498000
12498,1000,12499000
12499,1000,12500000
12500,1000,12501000
12501,1000,12502000
12502,1000,12503000
12503,1000,12504000
12504,1000,12505000
12505,1000,12506000
12506,1000,12507000
12507,1000,12508000
12508,1000,12509000
12509,1000,12510000
12510,1000,12511000
12511,1000,12512000
12512,1000,12513000
12513,1000,12514000
12514,1000,12515000
12515,1000,12516000
12516,1000,12517000
12517,1000,12518000
12518,1000,12519000
12519,1000,12520000
12520,1000,12521000
12521,1000,12522000
12522,1000,12523000
12523,1000,12524000
12524,1000,12525000
12525,1000,12526000
12526,1000,12527000
12527,1000,12528000
12528,1000,12529000
12529,1000,12530000
12530,1000,12531000
12531,1000,12532000
12532,1000,12533000
12533,1000,12534000
12534,1000,12535000
12535,1000,12536000
12536,1000,12537000
12537,1000,12538000
12538,1000,12539000
12539,1000,12540000
12540,1000,12541000
12541,1000,12542000
12542,1000,12543000
12543,1000,12544000
12544,1000,12545000
12545,1000,12546000
12546,1000,12547000
12547,1000,12548000
12548,1000,12549000
12549,1000,12550000
12550,1000,12551000
12551,1000,12552000
12552,1000,12553000
12553,1000,12554000
12554,1000,12555000
12555,1000,12556000
12556,1000,12557000
12557,1000,12558000
12558,1000,12559000
12559,1000,12560000
12560,1000,12561000
12561,1000,12562000
12562,1000,12563000
12563,1000,12564000
12564,1000,12565000
12565,1000,12566000
12566,1000,12567000
12567,1000,12568000
12568,1000,12569000
12569,1000,12570000
12570,1000,12571000
12571,1000,12572000
12572,1000,12573000
12573,1000,12574000
12574,1000,12575000
12575,1000,12576000
12576,1000,12577000
12577,1000,12578000
12578,1000,12579000
12579,1000,12580000
12580,1000,12581000
12581,1000,12582000
12582,1000,12583000
12583,1000,12584000
12584,1000,12585000
12585,1000,12586000
12586,1000,12587000
12587,1000,12588000
12588,1000,12589000
12589,1000,12590000
12590,1000,12591000
12591,1000,12592000
12592,1000,12593000
12593,1000,12594000
12594,1000,12595000
12595,1000,12596000
12596,1000,12597000
12597,1000,12598000
12598,1000,12599000
12599,1000,12600000
12600,1000,12601000
12601,1000,12602000
12602,1000,12603000
12603,1000,12604000
12604,1000,12605000
12605,1000,12606000
12606,1000,12607000
12607,1000,12608000
12608,1000,12609000
12609,1000,12610000
12610,1000,12611000
12611,1000,12612000
12612,1000,12613000
12613,1000,12614000
12614,1000,12615000
12615,1000,12616000
12616,1000,12617000
12617,1000,12618000
12618,1000,12619000
12619,1000,12620000
12620,1000,12621000
12621,1000,12622000
12622,1000,12623000
12623,1000,12624000
12624,1000,12625000
12625,1000,12626000
12626,1000,12627000
12627,1000,12628000
12628,1000,12629000
12629,1000,12630000
12630,1000,12631000
12631,1000,12632000
12632,1000,12633000
12633,1000,12634000
12634,1000,12635000
12635,1000,12636000
12636,1000,12637000
12637,1000,12638000
12638,1000,12639000
12639,1000,12640000
12640,1000,12641000
12641,1000,12642000
12642,1000,12643000
12643,1000,12644000
12644,1000,12645000
12645,1000,12646000
12646,1000,12647000
12647,1000,12648000
12648,1000,12649000
12649,1000,12650000
12650,1000,12651000
12651,1000,12652000
12652,1000,12653000
12653,1000,12654000
12654,1000,12655000
12655,1000,12656000
12656,1000,12657000
12657,1000,12658000
12658,1000,12659000
12659,1000,12660000
12660,1000,12661000
12661,1000,12662000
12662,1000,12663000
12663,1000,12664000
12664,1000,12665000
12665,1000,12666000
12666,1000,12667000
12667,1000,12668000
12668,1000,12669000
12669,1000,12670000
12670,1000,12671000
12671,1000,12672000
12672,1000,12673000
12673,1000,12674000
12674,1000,12675000
12675,1000,12676000
12676,1000,12677000
12677,1000,12678000
12678,1000,12679000
12679,1000,12680000
12680,1000,12681000
12681,1000,12682000
12682,1000,12683000
12683,1000,12684000
12684,1000,12685000
12685,1000,12686000
12686,1000,12687000
12687,1000,12688000
12688,1000,12689000
12689,1000,12690000
12690,1000,12691000
12691,1000,12692000
12692,1000,12693000
12693,1000,12694000
12694,1000,12695000
12695,1000,12696000
12696,1000,12697000
12697,1000,12698000
12698,1000,12699000
12699,1000,12700000
12700,1000,12701000
12701,1000,12702000
12702,1000,12703000
12703,1000,12704000
12704,1000,12705000
12705,1000,12706000
12706,1000,12707000
12707,1000,12708000
12708,1000,12709000
12709,1000,12710000
12710,1000,12711000
12711,1000,12712000
12712,1000,12713000
12713,1000,12714000
12714,1000,12715000
12715,1000,12716000
12716,1000,12717000
12717,1000,12718000
12718,1000,12719000
12719,1000,12720000
12720,1000,12721000
12721,1000,12722000
12722,1000,12723000
12723,1000,12724000
12724,1000,12725000
12725,1000,12726000
12726,1000,12727000
12727,1000,12728000
12728,1000,12729000
12729,1000,12730000
12730,1000,12731000
12731,1000,12732000
12732,1000,12733000
12733,1000,12734000
12734,1000,12735000
12735,1000,12736000
12736,1000,12737000
12737,1000,12738000
12738,1000,12739000
12739,1000,12740000
12740,1000,12741000
12741,1000,12742000
12742,1000,12743000
12743,1000,12744000
12744,1000,12745000
12745,1000,12746000
12746,1000,12747000
12747,1000,12748000
12748,1000,12749000
12749,1000,12750000
12750,1000,12751000
12751,1000,12752000
12752,1000,12753000
12753,1000,12754000
12754,1000,12755000
12755,1000,12756000
12756,1000,12757000
12757,1000,12758000
12758,1000,12759000
12759,1000,12760000
12760,1000,12761000
12761,1000,12762000
12762,1000,12763000
12763,1000,12764000
12764,1000,12765000
12765,1000,12766000
12766,1000,12767000
12767,1000,12768000
12768,1000,12769000
12769,1000,12770000
12770,1000,12771000
12771,1000,12772000
12772,1000,12773000
12773,1000,12774000
12774,1000,12775000
12775,1000,12776000
12776,1000,12777000
12777,1000,12778000
12778,1000,12779000
12779,1000,12780000
12780,1000,12781000
12781,1000,12782000
12782,1000,12783000
12783,1000,12784000
12784,1000,12785000
12785,1000,12786000
12786,1000,12787000
12787,1000,12788000
12788,1000,12789000
12789,1000,12790000
12790,1000,12791000
12791,1000,12792000
12792,1000,12793000
12793,1000,12794000
12794,1000,12795000
12795,1000,12796000
12796,1000,12797000
12797,1000,12798000
12798,1000,12799000
12799,1000,12800000
12800,1000,12801000
12801,1000,12802000
12802,1000,12803000
12803,1000,12804000
12804,1000,12805000
12805,1000,12806000
12806,1000,12807000
12807,1000,12808000
12808,1000,12809000
12809,1000,12810000
12810,1000,12811000
12811,1000,12812000
12812,1000,12813000
12813,1000,12814000
12814,1000,12815000
12815,1000,12816000
12816,1000,12817000
12817,1000,12818000
12818,1000,12819000
12819,1000,12820000
12820,1000,12821000
12821,1000,12822000
12822,1000,12823000
12823,1000,12824000
12824,1000,12825000
12825,1000,12826000
12826,1000,12827000
12827,1000,12828000
12828,1000,12829000
12829,1000,12830000
12830,1000,12831000
12831,1000,12832000
12832,1000,12833000
12833,1000,12834000
12834,1000,12835000
12835,1000,12836000
12836,1000,12837000
12837,1000,12838000
12838,1000,12839000
12839,1000,12840000
12840,1000,12841000
12841,1000,12842000
12842,1000,12843000
12843,1000,12844000
12844,1000,12845000
12845,1000,12846000
12846,1000,12847000
12847,1000,12848000
12848,1000,12849000
12849,1000,12850000
12850,1000,12851000
12851,1000,12852000
12852,1000,12853000
12853,1000,12854000
12854,1000,12855000
12855,1000,12856000
12856,1000,12857000
12857,1000,12858000
12858,1000,12859000
12859,1000,12860000
12860,1000,12861000
12861,1000,12862000
12862,1000,12863000
12863,1000,12864000
12864,1000,12865000
12865,1000,12866000
12866,1000,12867000
12867,1000,12868000
12868,1000,12869000
12869,1000,12870000
12870,1000,12871000
12871,1000,12872000
12872,1000,12873000
12873,1000,12874000
12874,1000,12875000
12875,1000,12876000
12876,1000,12877000
12877,1000,12878000
12878,1000,12879000
12879,1000,12880000
12880,1000,12881000
12881,1000,12882000
12882,1000,12883000
12883,1000,12884000
12884,1000,12885000
12885,1000,12886000
12886,1000,12887000
12887,1000,12888000
12888,1000,12889000
12889,1000,12890000
12890,1000,12891000
12891,1000,12892000
12892,1000,12893000
12893,1000,12894000
12894,1000,12895000
12895,1000,12896000
12896,1000,12897000
12897,1000,12898000
12898,1000,12899000
12899,1000,12900000
12900,1000,12901000
12901,1000,12902000
12902,1000,12903000
12903,1000,12904000
12904,1000,12905000
12905,1000,12906000
12906,1000,12907000
12907,1000,12908000
12908,1000,12909000
12909,1000,12910000
12910,1000,12911000
12911,1000,12912000
12912,1000,12913000
12913,1000,12914000
12914,1000,12915000
12915,1000,12916000
12916,1000,12917000
12917,1000,12918000
12918,1000,12919000
12919,1000,12920000
12920,1000,12921000
12921,1000,12922000
12922,1000,12923000
12923,1000,12924000
12924,1000,12925000
12925,1000,12926000
12926,1000,12927000
12927,1000,12928000
12928,1000,12929000
12929,1000,12930000
12930,1000,12931000
12931,1000,12932000
12932,1000,12933000
12933,1000,12934000
12934,1000,12935000
12935,1000,12936000
12936,1000,12937000
12937,1000,12938000
12938,1000,12939000
12939,1000,12940000
12940,1000,12941000
12941,1000,12942000
12942,1000,12943000
12943,1000,12944000
12944,1000,12945000
12945,1000,12946000
12946,1000,12947000
12947,1000,12948000
12948,1000,12949000
12949,1000,12950000
12950,1000,12951000
12951,1000,12952000
12952,1000,12953000
12953,1000,12954000
12954,1000,12955000
12955,1000,12956000
12956,1000,12957000
12957,1000,12958000
12958,1000,12959000
12959,1000,12960000
12960,1000,12961000
12961,1000,12962000
12962,1000,12963000
12963,1000,12964000
12964,1000,12965000
12965,1000,12966000
12966,1000,12967000
12967,1000,12968000
12968,1000,12969000
12969,1000,12970000
12970,1000,12971000
12971,1000,12972000
12972,1000,12973000
12973,1000,12974000
12974,1000,12975000
12975,1000,12976000
12976,1000,12977000
12977,1000,12978000
12978,1000,12979000
12979,1000,12980000
12980,1000,12981000
12981,1000,12982000
12982,1000,12983000
12983,1000,12984000
12984,1000,12985000
12985,1000,12986000
12986,1000,12987000
12987,1000,12988000
12988,1000,12989000
12989,1000,12990000
12990,1000,12991000
12991,1000,12992000
12992,1000,12993000
12993,1000,12994000
12994,1000,12995000
12995,1000,12996000
12996,1000,12997000
12997,1000,12998000
12998,1000,12999000
12999,1000,13000000
13000,1000,13001000
13001,1000,13002000
13002,1000,13003000
13003,1000,13004000
13004,1000,13005000
13005,1000,13006000
13006,1000,13007000
13007,1000,13008000
13008,1000,13009000
13009,1000,13010000
13010,1000,13011000
13011,1000,13012000
13012,1000,13013000
13013,1000,13014000
13014,1000,13015000
13015,1000,13016000
13016,1000,13017000
13017,1000,13018000
13018,1000,13019000
13019,1000,13020000
13020,1000,13021000
13021,1000,13022000
13022,1000,13023000
13023,1000,13024000
13024,1000,13025000
13025,1000,13026000
13026,1000,13027000
13027,1000,13028000
13028,1000,13029000
13029,1000,13030000
13030,1000,13031000
13031,1000,13032000
13032,1000,13033000
13033,1000,13034000
13034,1000,13035000
13035,1000,13036000
13036,1000,13037000
13037,1000,13038000
13038,1000,13039000
13039,1000,13040000
13040,1000,13041000
13041,1000,13042000
13042,1000,13043000
13043,1000,13044000
13044,1000,13045000
13045,1000,13046000
13046,1000,13047000
13047,1000,13048000
13048,1000,13049000
13049,1000,13050000
13050,1000,13051000
13051,1000,13052000
13052,1000,13053000
13053,1000,13054000
13054,1000,13055000
13055,1000,13056000
13056,1000,13057000
13057,1000,13058000
13058,1000,13059000
13059,1000,13060000
13060,1000,13061000
13061,1000,13062000
13062,1000,13063000
13063,1000,13064000
13064,1000,13065000
13065,1000,13066000
13066,1000,13067000
13067,1000,13068000
13068,1000,13069000
13069,1000,13070000
13070,1000,13071000
13071,1000,13072000
13072,1000,13073000
13073,1000,13074000
13074,1000,13075000
13075,1000,13076000
13076,1000,13077000
13077,1000,13078000
13078,1000,13079000
13079,1000,13080000
13080,1000,13081000
13081,1000,13082000
13082,1000,13083000
13083,1000,13084000
13084,1000,13085000
13085,1000,13086000
13086,1000,13087000
13087,1000,13088000
13088,1000,13089000
13089,1000,13090000
13090,1000,13091000
13091,1000,13092000
13092,1000,13093000
13093,1000,13094000
13094,1000,13095000
13095,1000,13096000
13096,1000,13097000
13097,1000,13098000
13098,1000,13099000
13099,1000,13100000
13100,1000,13101000
13101,1000,13102000
13102,1000,13103000
13103,1000,13104000
13104,1000,13105000
13105,1000,13106000
13106,1000,13107000
13107,1000,13108000
13108,1000,13109000
13109,1000,13110000
13110,1000,13111000
13111,1000,13112000
13112,1000,13113000
13113,1000,13114000
13114,1000,13115000
13115,1000,13116000
13116,1000,13117000
13117,1000,13118000
13118,1000,13119000
13119,1000,13120000
13120,1000,13121000
13121,1000,13122000
13122,1000,13123000
13123,1000,13124000
13124,1000,13125000
13125,1000,13126000
13126,1000,13127000
13127,1000,13128000
13128,1000,13129000
13129,1000,13130000
13130,1000,13131000
13131,1000,13132000
13132,1000,13133000
13133,1000,13134000
13134,1000,13135000
13135,1000,13136000
13136,1000,13137000
13137,1000,13138000
13138,1000,13139000
13139,1000,13140000
13140,1000,13141000
13141,1000,13142000
13142,1000,13143000
13143,1000,13144000
13144,1000,13145000
13145,1000,13146000
13146,1000,13147000
13147,1000,13148000
13148,1000,13149000
13149,1000,13150000
13150,1000,13151000
13151,1000,13152000
13152,1000,13153000
13153,1000,13154000
13154,1000,13155000
13155,1000,13156000
13156,1000,13157000
13157,1000,13158000
13158,1000,13159000
13159,1000,13160000
13160,1000,13161000
13161,1000,13162000
13162,1000,13163000
13163,1000,13164000
13164,1000,13165000
13165,1000,13166000
13166,1000,13167000
13167,1000,13168000
13168,1000,13169000
13169,1000,13170000
13170,1000,13171000
13171,1000,13172000
13172,1000,13173000
13173,1000,13174000
13174,1000,13175000
13175,1000,13176000
13176,1000,13177000
13177,1000,13178000
13178,1000,13179000
13179,1000,13180000
13180,1000,13181000
13181,1000,13182000
13182,1000,13183000
13183,1000,13184000
13184,1000,13185000
13185,1000,13186000
13186,1000,13187000
13187,1000,13188000
13188,1000,13189000
13189,1000,13190000
13190,1000,13191000
13191,1000,13192000
13192,1000,13193000
13193,1000,13194000
13194,1000,13195000
13195,1000,13196000
13196,1000,13197000
13197,1000,13198000
13198,1000,13199000
13199,1000,13200000
13200,1000,13201000
13201,1000,13202000
13202,1000,13203000
13203,1000,13204000
13204,1000,13205000
13205,1000,13206000
13206,1000,13207000
13207,1000,13208000
13208,1000,13209000
13209,1000,13210000
13210,1000,13211000
13211,1000,13212000
13212,1000,13213000
13213,1000,13214000
13214,1000,13215000
13215,1000,13216000
13216,1000,13217000
13217,1000,13218000
13218,1000,13219000
13219,1000,13220000
13220,1000,13221000
13221,1000,13222000
13222,1000,13223000
13223,1000,13224000
13224,1000,13225000
13225,1000,13226000
13226,1000,13227000
13227,1000,13228000
13228,1000,13229000
13229,1000,13230000
13230,1000,13231000
13231,1000,13232000
13232,1000,13233000
13233,1000,13234000
13234,1000,13235000
13235,1000,13236000
13236,1000,13237000
13237,1000,13238000
13238,1000,13239000
13239,1000,13240000
13240,1000,13241000
13241,1000,13242000
13242,1000,13243000
13243,1000,13244000
13244,1000,13245000
13245,1000,13246000
13246,1000,13247000
13247,1000,13248000
13248,1000,13249000
13249,1000,13250000
13250,1000,13251000
13251,1000,13252000
13252,1000,13253000
13253,1000,13254000
13254,1000,13255000
13255,1000,13256000
13256,1000,13257000
13257,1000,13258000
13258,1000,13259000
13259,1000,13260000
13260,1000,13261000
13261,1000,13262000
13262,1000,13263000
13263,1000,13264000
13264,1000,13265000
13265,1000,13266000
13266,1000,13267000
13267,1000,13268000
13268,1000,13269000
13269,1000,13270000
13270,1000,13271000
13271,1000,13272000
13272,1000,13273000
13273,1000,13274000
13274,1000,13275000
13275,1000,13276000
13276,1000,13277000
13277,1000,13278000
13278,1000,13279000
13279,1000,13280000
13280,1000,13281000
13281,1000,13282000
13282,1000,13283000
13283,1000,13284000
13284,1000,13285000
13285,1000,13286000
13286,1000,13287000
13287,1000,13288000
13288,1000,13289000
13289,1000,13290000
13290,1000,13291000
13291,1000,13292000
13292,1000,13293000
13293,1000,13294000
13294,1000,13295000
13295,1000,13296000
13296,1000,13297000
13297,1000,13298000
13298,1000,13299000
13299,1000,13300000
13300,1000,13301000
13301,1000,13302000
13302,1000,13303000
13303,1000,13304000
13304,1000,13305000
13305,1000,13306000
13306,1000,13307000
13307,1000,13308000
13308,1000,13309000
13309,1000,13310000
13310,1000,13311000
13311,1000,13312000
13312,1000,13313000
13313,1000,13314000
13314,1000,13315000
13315,1000,13316000
13316,1000,13317000
13317,1000,13318000
13318,1000,13319000
13319,1000,13320000
13320,1000,13321000
13321,1000,13322000
13322,1000,13323000
13323,1000,13324000
13324,1000,13325000
13325,1000,13326000
13326,1000,13327000
13327,1000,13328000
13328,1000,13329000
13329,1000,13330000
13330,1000,13331000
13331,1000,13332000
13332,1000,13333000
13333,1000,13334000
13334,1000,13335000
13335,1000,13336000
13336,1000,13337000
13337,1000,13338000
13338,1000,13339000
13339,1000,13340000
13340,1000,13341000
13341,1000,13342000
13342,1000,13343000
13343,1000,13344000
13344,1000,13345000
13345,1000,13346000
13346,1000,13347000
13347,1000,13348000
13348,1000,13349000
13349,1000,13350000
13350,1000,13351000
13351,1000,13352000
13352,1000,13353000
13353,1000,13354000
13354,1000,13355000
13355,1000,13356000
13356,1000,13357000
13357,1000,13358000
13358,1000,13359000
13359,1000,13360000
13360,1000,13361000
13361,1000,13362000
13362,1000,13363000
13363,1000,13364000
13364,1000,13365000
13365,1000,13366000
13366,1000,13367000
13367,1000,13368000
13368,1000,13369000
13369,1000,13370000
13370,1000,13371000
13371,1000,13372000
13372,1000,13373000
13373,1000,13374000
13374,1000,13375000
13375,1000,13376000
13376,1000,13377000
13377,1000,13378000
13378,1000,13379000
13379,1000,13380000
13380,1000,13381000
13381,1000,13382000
13382,1000,13383000
13383,1000,13384000
13384,1000,13385000
13385,1000,13386000
13386,1000,13387000
13387,1000,13388000
13388,1000,13389000
13389,1000,13390000
13390,1000,13391000
13391,1000,13392000
13392,1000,13393000
13393,1000,13394000
13394,1000,13395000
13395,1000,13396000
13396,1000,13397000
13397,1000,13398000
13398,1000,13399000
13399,1000,13400000
13400,1000,13401000
13401,1000,13402000
13402,1000,13403000
13403,1000,13404000
13404,1000,13405000
13405,1000,13406000
13406,1000,13407000
13407,1000,13408000
13408,1000,13409000
13409,1000,13410000
13410,1000,13411000
13411,1000,13412000
13412,1000,13413000
13413,1000,13414000
13414,1000,13415000
13415,1000,13416000
13416,1000,13417000
13417,1000,13418000
13418,1000,13419000
13419,1000,13420000
13420,1000,13421000
13421,1000,13422000
13422,1000,13423000
13423,1000,13424000
13424,1000,13425000
13425,1000,13426000
13426,1000,13427000
13427,1000,13428000
13428,1000,13429000
13429,1000,13430000
13430,1000,13431000
13431,1000,13432000
13432,1000,13433000
13433,1000,13434000
13434,1000,13435000
13435,1000,13436000
13436,1000,13437000
13437,1000,13438000
13438,1000,13439000
13439,1000,13440000
13440,1000,13441000
13441,1000,13442000
13442,1000,13443000
13443,1000,13444000
13444,1000,13445000
13445,1000,13446000
13446,1000,13447000
13447,1000,13448000
13448,1000,13449000
13449,1000,13450000
13450,1000,13451000
13451,1000,13452000
13452,1000,13453000
13453,1000,13454000
13454,1000,13455000
13455,1000,13456000
13456,1000,13457000
13457,1000,13458000
13458,1000,13459000
13459,1000,13460000
13460,1000,13461000
13461,1000,13462000
13462,1000,13463000
13463,1000,13464000
13464,1000,13465000
13465,1000,13466000
13466,1000,13467000
13467,1000,13468000
13468,1000,13469000
13469,1000,13470000
13470,1000,13471000
13471,1000,13472000
13472,1000,13473000
13473,1000,13474000
13474,1000,13475000
13475,1000,13476000
13476,1000,13477000
13477,1000,13478000
13478,1000,13479000
13479,1000,13480000
13480,1000,13481000
13481,1000,13482000
13482,1000,13483000
13483,1000,13484000
13484,1000,13485000
13485,1000,13486000
13486,1000,13487000
13487,1000,13488000
13488,1000,13489000
13489,1000,13490000
13490,1000,13491000
13491,1000,13492000
13492,1000,13493000
13493,1000,13494000
13494,1000,13495000
13495,1000,13496000
13496,1000,13497000
13497,1000,13498000
13498,1000,13499000
13499,1000,13500000
13500,1000,13501000
13501,1000,13502000
13502,1000,13503000
13503,1000,13504000
13504,1000,13505000
13505,1000,13506000
13506,1000,13507000
13507,1000,13508000
13508,1000,13509000
13509,1000,13510000
13510,1000,13511000
13511,1000,13512000
13512,1000,13513000
13513,1000,13514000
13514,1000,13515000
13515,1000,13516000
13516,1000,13517000
13517,1000,13518000
13518,1000,13519000
13519,1000,13520000
13520,1000,13521000
13521,1000,13522000
13522,1000,13523000
13523,1000,13524000
13524,1000,13525000
13525,1000,13526000
13526,1000,13527000
13527,1000,13528000
13528,1000,13529000
13529,1000,13530000
13530,1000,13531000
13531,1000,13532000
13532,1000,13533000
13533,1000,13534000
13534,1000,13535000
13535,1000,13536000
13536,1000,13537000
13537,1000,13538000
13538,1000,13539000
13539,1000,13540000
13540,1000,13541000
13541,1000,13542000
13542,1000,13543000
13543,1000,13544000
13544,1000,13545000
13545,1000,13546000
13546,1000,13547000
13547,1000,13548000
13548,1000,13549000
13549,1000,13550000
13550,1000,13551000
13551,1000,13552000
13552,1000,13553000
13553,1000,13554000
13554,1000,13555000
13555,1000,13556000
13556,1000,13557000
13557,1000,13558000
13558,1000,13559000
13559,1000,13560000
13560,1000,13561000
13561,1000,13562000
13562,1000,13563000
13563,1000,13564000
13564,1000,13565000
13565,1000,13566000
13566,1000,13567000
13567,1000,13568000
13568,1000,13569000
13569,1000,13570000
13570,1000,13571000
13571,1000,13572000
13572,1000,13573000
13573,1000,13574000
13574,1000,13575000
13575,1000,13576000
13576,1000,13577000
13577,1000,13578000
13578,1000,13579000
13579,1000,13580000
13580,1000,13581000
13581,1000,13582000
13582,1000,13583000
13583,1000,13584000
13584,1000,13585000
13585,1000,13586000
13586,1000,13587000
13587,1000,13588000
13588,1000,13589000
13589,1000,13590000
13590,1000,13591000
13591,1000,13592000
13592,1000,13593000
13593,1000,13594000
13594,1000,13595000
13595,1000,13596000
13596,1000,13597000
13597,1000,13598000
13598,1000,13599000
13599,1000,13600000
13600,1000,13601000
13601,1000,13602000
13602,1000,13603000
13603,1000,13604000
13604,1000,13605000
13605,1000,13606000
13606,1000,13607000
13607,1000,13608000
13608,1000,13609000
13609,1000,13610000
13610,1000,13611000
13611,1000,13612000
13612,1000,13613000
13613,1000,13614000
13614,1000,13615000
13615,1000,13616000
13616,1000,13617000
13617,1000,13618000
13618,1000,13619000
13619,1000,13620000
13620,1000,13621000
13621,1000,13622000
13622,1000,13623000
13623,1000,13624000
13624,1000,13625000
13625,1000,13626000
13626,1000,13627000
13627,1000,13628000
13628,1000,13629000
13629,1000,13630000
13630,1000,13631000
13631,1000,13632000
13632,1000,13633000
13633,1000,13634000
13634,1000,13635000
13635,1000,13636000
13636,1000,13637000
13637,1000,13638000
13638,1000,13639000
13639,1000,13640000
13640,1000,13641000
13641,1000,13642000
13642,1000,13643000
13643,1000,13644000
13644,1000,13645000
13645,1000,13646000
13646,1000,13647000
13647,1000,13648000
13648,1000,13649000
13649,1000,13650000
13650,1000,13651000
13651,1000,13652000
13652,1000,13653000
13653,1000,13654000
13654,1000,13655000
13655,1000,13656000
13656,1000,13657000
13657,1000,13658000
13658,1000,13659000
13659,1000,13660000
13660,1000,13661000
13661,1000,13662000
13662,1000,13663000
13663,1000,13664000
13664,1000,13665000
13665,1000,13666000
13666,1000,13667000
13667,1000,13668000
13668,1000,13669000
13669,1000,13670000
13670,1000,13671000
13671,1000,13672000
13672,1000,13673000
13673,1000,13674000
13674,1000,13675000
13675,1000,13676000
13676,1000,13677000
13677,1000,13678000
13678,1000,13679000
13679,1000,13680000
13680,1000,13681000
13681,1000,13682000
13682,1000,13683000
13683,1000,13684000
13684,1000,13685000
13685,1000,13686000
13686,1000,13687000
13687,1000,13688000
13688,1000,13689000
13689,1000,13690000
13690,1000,13691000
13691,1000,13692000
13692,1000,13693000
13693,1000,13694000
13694,1000,13695000
13695,1000,13696000
13696,1000,13697000
13697,1000,13698000
13698,1000,13699000
13699,1000,13700000
13700,1000,13701000
13701,1000,13702000
13702,1000,13703000
13703,1000,13704000
13704,1000,13705000
13705,1000,13706000
13706,1000,13707000
13707,1000,13708000
13708,1000,13709000
13709,1000,13710000
13710,1000,13711000
13711,1000,13712000
13712,1000,13713000
13713,1000,13714000
13714,1000,13715000
13715,1000,13716000
13716,1000,13717000
13717,1000,13718000
13718,1000,13719000
13719,1000,13720000
13720,1000,13721000
13721,1000,13722000
13722,1000,13723000
13723,1000,13724000
13724,1000,13725000
13725,1000,13726000
13726,1000,13727000
13727,1000,13728000
13728,1000,13729000
13729,1000,13730000
13730,1000,13731000
13731,1000,13732000
13732,1000,13733000
13733,1000,13734000
13734,1000,13735000
13735,1000,13736000
13736,1000,13737000
13737,1000,13738000
13738,1000,13739000
13739,1000,13740000
13740,1000,13741000
13741,1000,13742000
13742,1000,13743000
13743,1000,13744000
13744,1000,13745000
13745,1000,13746000
13746,1000,13747000
13747,1000,13748000
13748,1000,13749000
13749,1000,13750000
13750,1000,13751000
13751,1000,13752000
13752,1000,13753000
13753,1000,13754000
13754,1000,13755000
13755,1000,13756000
13756,1000,13757000
13757,1000,13758000
13758,1000,13759000
13759,1000,13760000
13760,1000,13761000
13761,1000,13762000
13762,1000,13763000
13763,1000,13764000
13764,1000,13765000
13765,1000,13766000
13766,1000,13767000
13767,1000,13768000
13768,1000,13769000
13769,1000,13770000
13770,1000,13771000
13771,1000,13772000
13772,1000,13773000
13773,1000,13774000
13774,1000,13775000
13775,1000,13776000
13776,1000,13777000
13777,1000,13778000
13778,1000,13779000
13779,1000,13780000
13780,1000,13781000
13781,1000,13782000
13782,1000,13783000
13783,1000,13784000
13784,1000,13785000
13785,1000,13786000
13786,1000,13787000
13787,1000,13788000
13788,1000,13789000
13789,1000,13790000
13790,1000,13791000
13791,1000,13792000
13792,1000,13793000
13793,1000,13794000
13794,1000,13795000
13795,1000,13796000
13796,1000,13797000
13797,1000,13798000
13798,1000,13799000
13799,1000,13800000
13800,1000,13801000
13801,1000,13802000
13802,1000,13803000
13803,1000,13804000
13804,1000,13805000
13805,1000,13806000
13806,1000,13807000
13807,1000,13808000
13808,1000,13809000
13809,1000,13810000
13810,1000,13811000
13811,1000,13812000
13812,1000,13813000
13813,1000,13814000
13814,1000,13815000
13815,1000,13816000
13816,1000,13817000
13817,1000,13818000
13818,1000,13819000
13819,1000,13820000
13820,1000,13821000
13821,1000,13822000
13822,1000,13823000
13823,1000,13824000
13824,1000,13825000
13825,1000,13826000
13826,1000,13827000
13827,1000,13828000
13828,1000,13829000
13829,1000,13830000
13830,1000,13831000
13831,1000,13832000
13832,1000,13833000
13833,1000,13834000
13834,1000,13835000
13835,1000,13836000
13836,1000,13837000
13837,1000,13838000
13838,1000,13839000
13839,1000,13840000
13840,1000,13841000
13841,1000,13842000
13842,1000,13843000
13843,1000,13844000
13844,1000,13845000
13845,1000,13846000
13846,1000,13847000
13847,1000,13848000
13848,1000,13849000
13849,1000,13850000
13850,1000,13851000
13851,1000,13852000
13852,1000,13853000
13853,1000,13854000
13854,1000,13855000
13855,1000,13856000
13856,1000,13857000
13857,1000,13858000
13858,1000,13859000
13859,1000,13860000
13860,1000,13861000
13861,1000,13862000
13862,1000,13863000
13863,1000,13864000
13864,1000,13865000
13865,1000,13866000
13866,1000,13867000
13867,1000,13868000
13868,1000,13869000
13869,1000,13870000
13870,1000,13871000
13871,1000,13872000
13872,1000,13873000
13873,1000,13874000
13874,1000,13875000
13875,1000,13876000
13876,1000,13877000
13877,1000,13878000
13878,1000,13879000
13879,1000,13880000
13880,1000,13881000
13881,1000,13882000
13882,1000,13883000
13883,1000,13884000
13884,1000,13885000
13885,1000,13886000
13886,1000,13887000
13887,1000,13888000
13888,1000,13889000
13889,1000,13890000
13890,1000,13891000
13891,1000,13892000
13892,1000,13893000
13893,1000,13894000
13894,1000,13895000
13895,1000,13896000
13896,1000,13897000
13897,1000,13898000
13898,1000,13899000
13899,1000,13900000
13900,1000,13901000
13901,1000,13902000
13902,1000,13903000
13903,1000,13904000
13904,1000,13905000
13905,1000,13906000
13906,1000,13907000
13907,1000,13908000
13908,1000,13909000
13909,1000,13910000
13910,1000,13911000
13911,1000,13912000
13912,1000,13913000
13913,1000,13914000
13914,1000,13915000
13915,1000,13916000
13916,1000,13917000
13917,1000,13918000
13918,1000,13919000
13919,1000,13920000
13920,1000,13921000
13921,1000,13922000
13922,1000,13923000
13923,1000,13924000
13924,1000,13925000
13925,1000,13926000
13926,1000,13927000
13927,1000,13928000
13928,1000,13929000
13929,1000,13930000
13930,1000,13931000
13931,1000,13932000
13932,1000,13933000
13933,1000,13934000
13934,1000,13935000
13935,1000,13936000
13936,1000,13937000
13937,1000,13938000
13938,1000,13939000
13939,1000,13940000
13940,1000,13941000
13941,1000,13942000
13942,1000,13943000
13943,1000,13944000
13944,1000,13945000
13945,1000,13946000
13946,1000,13947000
13947,1000,13948000
13948,1000,13949000
13949,1000,13950000
13950,1000,13951000
13951,1000,13952000
13952,1000,13953000
13953,1000,13954000
13954,1000,13955000
13955,1000,13956000
13956,1000,13957000
13957,1000,13958000
13958,1000,13959000
13959,1000,13960000
13960,1000,13961000
13961,1000,13962000
13962,1000,13963000
13963,1000,13964000
13964,1000,13965000
13965,1000,13966000
13966,1000,13967000
13967,1000,13968000
13968,1000,13969000
13969,1000,13970000
13970,1000,13971000
13971,1000,13972000
13972,1000,13973000
13973,1000,13974000
13974,1000,13975000
13975,1000,13976000
13976,1000,13977000
13977,1000,13978000
13978,1000,13979000
13979,1000,13980000
13980,1000,13981000
13981,1000,13982000
13982,1000,13983000
13983,1000,13984000
13984,1000,13985000
13985,1000,13986000
13986,1000,13987000
13987,1000,13988000
13988,1000,13989000
13989,1000,13990000
13990,1000,13991000
13991,1000,13992000
13992,1000,13993000
13993,1000,13994000
13994,1000,13995000
13995,1000,13996000
13996,1000,13997000
13997,1000,13998000
13998,1000,13999000
13999,1000,14000000
14000,1000,14001000
14001,1000,14002000
14002,1000,14003000
14003,1000,14004000
14004,1000,14005000
14005,1000,14006000
14006,1000,14007000
14007,1000,14008000
14008,1000,14009000
14009,1000,14010000
14010,1000,14011000
14011,1000,14012000
14012,1000,14013000
14013,1000,14014000
14014,1000,14015000
14015,1000,14016000
14016,1000,14017000
14017,1000,14018000
14018,1000,14019000
14019,1000,14020000
14020,1000,14021000
14021,1000,14022000
14022,1000,14023000
14023,1000,14024000
14024,1000,14025000
14025,1000,14026000
14026,1000,14027000
14027,1000,14028000
14028,1000,14029000
14029,1000,14030000
14030,1000,14031000
14031,1000,14032000
14032,1000,14033000
14033,1000,14034000
14034,1000,14035000
14035,1000,14036000
14036,1000,14037000
14037,1000,14038000
14038,1000,14039000
14039,1000,14040000
14040,1000,14041000
14041,1000,14042000
14042,1000,14043000
14043,1000,14044000
14044,1000,14045000
14045,1000,14046000
14046,1000,14047000
14047,1000,14048000
14048,1000,14049000
14049,1000,14050000
14050,1000,14051000
14051,1000,14052000
14052,1000,14053000
14053,1000,14054000
14054,1000,14055000
14055,1000,14056000
14056,1000,14057000
14057,1000,14058000
14058,1000,14059000
14059,1000,14060000
14060,1000,14061000
14061,1000,14062000
14062,1000,14063000
14063,1000,14064000
14064,1000,14065000
14065,1000,14066000
14066,1000,14067000
14067,1000,14068000
14068,1000,14069000
14069,1000,14070000
14070,1000,14071000
14071,1000,14072000
14072,1000,14073000
14073,1000,14074000
14074,1000,14075000
14075,1000,14076000
14076,1000,14077000
14077,1000,14078000
14078,1000,14079000
14079,1000,14080000
14080,1000,14081000
14081,1000,14082000
14082,1000,14083000
14083,1000,14084000
14084,1000,14085000
14085,1000,14086000
14086,1000,14087000
14087,1000,14088000
14088,1000,14089000
14089,1000,14090000
14090,1000,14091000
14091,1000,14092000
14092,1000,14093000
14093,1000,14094000
14094,1000,14095000
14095,1000,14096000
14096,1000,14097000
14097,1000,14098000
14098,1000,14099000
14099,1000,14100000
14100,1000,14101000
14101,1000,14102000
14102,1000,14103000
14103,1000,14104000
14104,1000,14105000
14105,1000,14106000
14106,1000,14107000
14107,1000,14108000
14108,1000,14109000
14109,1000,14110000
14110,1000,14111000
14111,1000,14112000
14112,1000,14113000
14113,1000,14114000
14114,1000,14115000
14115,1000,14116000
14116,1000,14117000
14117,1000,14118000
14118,1000,14119000
14119,1000,14120000
14120,1000,14121000
14121,1000,14122000
14122,1000,14123000
14123,1000,14124000
14124,1000,14125000
14125,1000,14126000
14126,1000,14127000
14127,1000,14128000
14128,1000,14129000
14129,1000,14130000
14130,1000,14131000
14131,1000,14132000
14132,1000,14133000
14133,1000,14134000
14134,1000,14135000
14135,1000,14136000
14136,1000,14137000
14137,1000,14138000
14138,1000,14139000
14139,1000,14140000
14140,1000,14141000
14141,1000,14142000
14142,1000,14143000
14143,1000,14144000
14144,1000,14145000
14145,1000,14146000
14146,1000,14147000
14147,1000,14148000
14148,1000,14149000
14149,1000,14150000
14150,1000,14151000
14151,1000,14152000
14152,1000,14153000
14153,1000,14154000
14154,1000,14155000
14155,1000,14156000
14156,1000,14157000
14157,1000,14158000
14158,1000,14159000
14159,1000,14160000
14160,1000,14161000
14161,1000,14162000
14162,1000,14163000
14163,1000,14164000
14164,1000,14165000
14165,1000,14166000
14166,1000,14167000
14167,1000,14168000
14168,1000,14169000
14169,1000,14170000
14170,1000,14171000
14171,1000,14172000
14172,1000,14173000
14173,1000,14174000
14174,1000,14175000
14175,1000,14176000
14176,1000,14177000
14177,1000,14178000
14178,1000,14179000
14179,1000,14180000
14180,1000,14181000
14181,1000,14182000
14182,1000,14183000
14183,1000,14184000
14184,1000,14185000
14185,1000,14186000
14186,1000,14187000
14187,1000,14188000
14188,1000,14189000
14189,1000,14190000
14190,1000,14191000
14191,1000,14192000
14192,1000,14193000
14193,1000,14194000
14194,1000,14195000
14195,1000,14196000
14196,1000,14197000
14197,1000,14198000
14198,1000,14199000
14199,1000,14200000
14200,1000,14201000
14201,1000,14202000
14202,1000,14203000
14203,1000,14204000
14204,1000,14205000
14205,1000,14206000
14206,1000,14207000
14207,1000,14208000
14208,1000,14209000
14209,1000,14210000
14210,1000,14211000
14211,1000,14212000
14212,1000,14213000
14213,1000,14214000
14214,1000,14215000
14215,1000,14216000
14216,1000,14217000
14217,1000,14218000
14218,1000,14219000
14219,1000,14220000
14220,1000,14221000
14221,1000,14222000
14222,1000,14223000
14223,1000,14224000
14224,1000,14225000
14225,1000,14226000
14226,1000,14227000
14227,1000,14228000
14228,1000,14229000
14229,1000,14230000
14230,1000,14231000
14231,1000,14232000
14232,1000,14233000
14233,1000,14234000
14234,1000,14235000
14235,1000,14236000
14236,1000,14237000
14237,1000,14238000
14238,1000,14239000
14239,1000,14240000
14240,1000,14241000
14241,1000,14242000
14242,1000,14243000
14243,1000,14244000
14244,1000,14245000
14245,1000,14246000
14246,1000,14247000
14247,1000,14248000
14248,1000,14249000
14249,1000,14250000
14250,1000,14251000
14251,1000,14252000
14252,1000,14253000
14253,1000,14254000
14254,1000,14255000
14255,1000,14256000
14256,1000,14257000
14257,1000,14258000
14258,1000,14259000
14259,1000,14260000
14260,1000,14261000
14261,1000,14262000
14262,1000,14263000
14263,1000,14264000
14264,1000,14265000
14265,1000,14266000
14266,1000,14267000
14267,1000,14268000
14268,1000,14269000
14269,1000,14270000
14270,1000,14271000
14271,1000,14272000
14272,1000,14273000
14273,1000,14274000
14274,1000,14275000
14275,1000,14276000
14276,1000,14277000
14277,1000,14278000
14278,1000,14279000
14279,1000,14280000
14280,1000,14281000
14281,1000,14282000
14282,1000,14283000
14283,1000,14284000
14284,1000,14285000
14285,1000,14286000
14286,1000,14287000
14287,1000,14288000
14288,1000,14289000
14289,1000,14290000
14290,1000,14291000
14291,1000,14292000
14292,1000,14293000
14293,1000,14294000
14294,1000,14295000
14295,1000,14296000
14296,1000,14297000
14297,1000,14298000
14298,1000,14299000
14299,1000,14300000
14300,1000,14301000
14301,1000,14302000
14302,1000,14303000
14303,1000,14304000
14304,1000,14305000
14305,1000,14306000
14306,1000,14307000
14307,1000,14308000
14308,1000,14309000
14309,1000,14310000
14310,1000,14311000
14311,1000,14312000
14312,1000,14313000
14313,1000,14314000
14314,1000,14315000
14315,1000,14316000
14316,1000,14317000
14317,1000,14318000
14318,1000,14319000
14319,1000,14320000
14320,1000,14321000
14321,1000,14322000
14322,1000,14323000
14323,1000,14324000
14324,1000,14325000
14325,1000,14326000
14326,1000,14327000
14327,1000,14328000
14328,1000,14329000
14329,1000,14330000
14330,1000,14331000
14331,1000,14332000
14332,1000,14333000
14333,1000,14334000
14334,1000,14335000
14335,1000,14336000
14336,1000,14337000
14337,1000,14338000
14338,1000,14339000
14339,1000,14340000
14340,1000,14341000
14341,1000,14342000
14342,1000,14343000
14343,1000,14344000
14344,1000,14345000
14345,1000,14346000
14346,1000,14347000
14347,1000,14348000
14348,1000,14349000
14349,1000,14350000
14350,1000,14351000
14351,1000,14352000
14352,1000,14353000
14353,1000,14354000
14354,1000,14355000
14355,1000,14356000
14356,1000,14357000
14357,1000,14358000
14358,1000,14359000
14359,1000,14360000
14360,1000,14361000
14361,1000,14362000
14362,1000,14363000
14363,1000,14364000
14364,1000,14365000
14365,1000,14366000
14366,1000,14367000
14367,1000,14368000
14368,1000,14369000
14369,1000,14370000
14370,1000,14371000
14371,1000,14372000
14372,1000,14373000
14373,1000,14374000
14374,1000,14375000
14375,1000,14376000
14376,1000,14377000
14377,1000,14378000
14378,1000,14379000
14379,1000,14380000
14380,1000,14381000
14381,1000,14382000
14382,1000,14383000
14383,1000,14384000
14384,1000,14385000
14385,1000,14386000
14386,1000,14387000
14387,1000,14388000
14388,1000,14389000
14389,1000,14390000
14390,1000,14391000
14391,1000,14392000
14392,1000,14393000
14393,1000,14394000
14394,1000,14395000
14395,1000,14396000
14396,1000,14397000
14397,1000,14398000
14398,1000,14399000
14399,1000,14400000
14400,1000,14401000
14401,1000,14402000
14402,1000,14403000
14403,1000,14404000
14404,1000,14405000
14405,1000,14406000
14406,1000,14407000
14407,1000,14408000
14408,1000,14409000
14409,1000,14410000
14410,1000,14411000
14411,1000,14412000
14412,1000,14413000
14413,1000,14414000
14414,1000,14415000
14415,1000,14416000
14416,1000,14417000
14417,1000,14418000
14418,1000,14419000
14419,1000,14420000
14420,1000,14421000
14421,1000,14422000
14422,1000,14423000
14423,1000,14424000
14424,1000,14425000
14425,1000,14426000
14426,1000,14427000
14427,1000,14428000
14428,1000,14429000
14429,1000,14430000
14430,1000,14431000
14431,1000,14432000
14432,1000,14433000
14433,1000,14434000
14434,1000,14435000
14435,1000,14436000
14436,1000,14437000
14437,1000,14438000
14438,1000,14439000
14439,1000,14440000
14440,1000,14441000
14441,1000,14442000
14442,1000,14443000
14443,1000,14444000
14444,1000,14445000
14445,1000,14446000
14446,1000,14447000
14447,1000,14448000
14448,1000,14449000
14449,1000,14450000
14450,1000,14451000
14451,1000,14452000
14452,1000,14453000
14453,1000,14454000
14454,1000,14455000
14455,1000,14456000
14456,1000,14457000
14457,1000,14458000
14458,1000,14459000
14459,1000,14460000
14460,1000,14461000
14461,1000,14462000
14462,1000,14463000
14463,1000,14464000
14464,1000,14465000
14465,1000,14466000
14466,1000,14467000
14467,1000,14468000
14468,1000,14469000
14469,1000,14470000
14470,1000,14471000
14471,1000,14472000
14472,1000,14473000
14473,1000,14474000
14474,1000,14475000
14475,1000,14476000
14476,1000,14477000
14477,1000,14478000
14478,1000,14479000
14479,1000,14480000
14480,1000,14481000
14481,1000,14482000
14482,1000,14483000
14483,1000,14484000
14484,1000,14485000
14485,1000,14486000
14486,1000,14487000
14487,1000,14488000
14488,1000,14489000
14489,1000,14490000
14490,1000,14491000
14491,1000,14492000
14492,1000,14493000
14493,1000,14494000
14494,1000,14495000
14495,1000,14496000
14496,1000,14497000
14497,1000,14498000
14498,1000,14499000
14499,1000,14500000
14500,1000,14501000
14501,1000,14502000
14502,1000,14503000
14503,1000,14504000
14504,1000,14505000
14505,1000,14506000
14506,1000,14507000
14507,1000,14508000
14508,1000,14509000
14509,1000,14510000
14510,1000,14511000
14511,1000,14512000
14512,1000,14513000
14513,1000,14514000
14514,1000,14515000
14515,1000,14516000
14516,1000,14517000
14517,1000,14518000
14518,1000,14519000
14519,1000,14520000
14520,1000,14521000
14521,1000,14522000
14522,1000,14523000
14523,1000,14524000
14524,1000,14525000
14525,1000,14526000
14526,1000,14527000
14527,1000,14528000
14528,1000,14529000
14529,1000,14530000
14530,1000,14531000
14531,1000,14532000
14532,1000,14533000
14533,1000,14534000
14534,1000,14535000
14535,1000,14536000
14536,1000,14537000
14537,1000,14538000
14538,1000,14539000
14539,1000,14540000
14540,1000,14541000
14541,1000,14542000
14542,1000,14543000
14543,1000,14544000
14544,1000,14545000
14545,1000,14546000
14546,1000,14547000
14547,1000,14548000
14548,1000,14549000
14549,1000,14550000
14550,1000,14551000
14551,1000,14552000
14552,1000,14553000
14553,1000,14554000
14554,1000,14555000
14555,1000,14556000
14556,1000,14557000
14557,1000,14558000
14558,1000,14559000
14559,1000,14560000
14560,1000,14561000
14561,1000,14562000
14562,1000,14563000
14563,1000,14564000
14564,1000,14565000
14565,1000,14566000
14566,1000,14567000
14567,1000,14568000
14568,1000,14569000
14569,1000,14570000
14570,1000,14571000
14571,1000,14572000
14572,1000,14573000
14573,1000,14574000
14574,1000,14575000
14575,1000,14576000
14576,1000,14577000
14577,1000,14578000
14578,1000,14579000
14579,1000,14580000
14580,1000,14581000
14581,1000,14582000
14582,1000,14583000
14583,1000,14584000
14584,1000,14585000
14585,1000,14586000
14586,1000,14587000
14587,1000,14588000
14588,1000,14589000
14589,1000,14590000
14590,1000,14591000
14591,1000,14592000
14592,1000,14593000
14593,1000,14594000
14594,1000,14595000
14595,1000,14596000
14596,1000,14597000
14597,1000,14598000
14598,1000,14599000
14599,1000,14600000
14600,1000,14601000
14601,1000,14602000
14602,1000,14603000
14603,1000,14604000
14604,1000,14605000
14605,1000,14606000
14606,1000,14607000
14607,1000,14608000
14608,1000,14609000
14609,1000,14610000
14610,1000,14611000
14611,1000,14612000
14612,1000,14613000
14613,1000,14614000
14614,1000,14615000
14615,1000,14616000
14616,1000,14617000
14617,1000,14618000
14618,1000,14619000
14619,1000,14620000
14620,1000,14621000
14621,1000,14622000
14622,1000,14623000
14623,1000,14624000
14624,1000,14625000
14625,1000,14626000
14626,1000,14627000
14627,1000,14628000
14628,1000,14629000
14629,1000,14630000
14630,1000,14631000
14631,1000,14632000
14632,1000,14633000
14633,1000,14634000
14634,1000,14635000
14635,1000,14636000
14636,1000,14637000
14637,1000,14638000
14638,1000,14639000
14639,1000,14640000
14640,1000,14641000
14641,1000,14642000
14642,1000,14643000
14643,1000,14644000
14644,1000,14645000
14645,1000,14646000
14646,1000,14647000
14647,1000,14648000
14648,1000,14649000
14649,1000,14650000
14650,1000,14651000
14651,1000,14652000
14652,1000,14653000
14653,1000,14654000
14654,1000,14655000
14655,1000,14656000
14656,1000,14657000
14657,1000,14658000
14658,1000,14659000
14659,1000,14660000
14660,1000,14661000
14661,1000,14662000
14662,1000,14663000
14663,1000,14664000
14664,1000,14665000
14665,1000,14666000
14666,1000,14667000
14667,1000,14668000
14668,1000,14669000
14669,1000,14670000
14670,1000,14671000
14671,1000,14672000
14672,1000,14673000
14673,1000,14674000
14674,1000,14675000
14675,1000,14676000
14676,1000,14677000
14677,1000,14678000
14678,1000,14679000
14679,1000,14680000
14680,1000,14681000
14681,1000,14682000
14682,1000,14683000
14683,1000,14684000
14684,1000,14685000
14685,1000,14686000
14686,1000,14687000
14687,1000,14688000
14688,1000,14689000
14689,1000,14690000
14690,1000,14691000
14691,1000,14692000
14692,1000,14693000
14693,1000,14694000
14694,1000,14695000
14695,1000,14696000
14696,1000,14697000
14697,1000,14698000
14698,1000,14699000
14699,1000,14700000
14700,1000,14701000
14701,1000,14702000
14702,1000,14703000
14703,1000,14704000
14704,1000,14705000
14705,1000,14706000
14706,1000,14707000
14707,1000,14708000
14708,1000,14709000
14709,1000,14710000
14710,1000,14711000
14711,1000,14712000
14712,1000,14713000
14713,1000,14714000
14714,1000,14715000
14715,1000,14716000
14716,1000,14717000
14717,1000,14718000
14718,1000,14719000
14719,1000,14720000
14720,1000,14721000
14721,1000,14722000
14722,1000,14723000
14723,1000,14724000
14724,1000,14725000
14725,1000,14726000
14726,1000,14727000
14727,1000,14728000
14728,1000,14729000
14729,1000,14730000
14730,1000,14731000
14731,1000,14732000
14732,1000,14733000
14733,1000,14734000
14734,1000,14735000
14735,1000,14736000
14736,1000,14737000
14737,1000,14738000
14738,1000,14739000
14739,1000,14740000
14740,1000,14741000
14741,1000,14742000
14742,1000,14743000
14743,1000,14744000
14744,1000,14745000
14745,1000,14746000
14746,1000,14747000
14747,1000,14748000
14748,1000,14749000
14749,1000,14750000
14750,1000,14751000
14751,1000,14752000
14752,1000,14753000
14753,1000,14754000
14754,1000,14755000
14755,1000,14756000
14756,1000,14757000
14757,1000,14758000
14758,1000,14759000
14759,1000,14760000
14760,1000,14761000
14761,1000,14762000
14762,1000,14763000
14763,1000,14764000
14764,1000,14765000
14765,1000,14766000
14766,1000,14767000
14767,1000,14768000
14768,1000,14769000
14769,1000,14770000
14770,1000,14771000
14771,1000,14772000
14772,1000,14773000
14773,1000,14774000
14774,1000,14775000
14775,1000,14776000
14776,1000,14777000
14777,1000,14778000
14778,1000,14779000
14779,1000,14780000
14780,1000,14781000
14781,1000,14782000
14782,1000,14783000
14783,1000,14784000
14784,1000,14785000
14785,1000,14786000
14786,1000,14787000
14787,1000,14788000
14788,1000,14789000
14789,1000,14790000
14790,1000,14791000
14791,1000,14792000
14792,1000,14793000
14793,1000,14794000
14794,1000,14795000
14795,1000,14796000
14796,1000,14797000
14797,1000,14798000
14798,1000,14799000
14799,1000,14800000
14800,1000,14801000
14801,1000,14802000
14802,1000,14803000
14803,1000,14804000
14804,1000,14805000
14805,1000,14806000
14806,1000,14807000
14807,1000,14808000
14808,1000,14809000
14809,1000,14810000
14810,1000,14811000
14811,1000,14812000
14812,1000,14813000
14813,1000,14814000
14814,1000,14815000
14815,1000,14816000
14816,1000,14817000
14817,1000,14818000
14818,1000,14819000
14819,1000,14820000
14820,1000,14821000
14821,1000,14822000
14822,1000,14823000
14823,1000,14824000
14824,1000,14825000
14825,1000,14826000
14826,1000,14827000
14827,1000,14828000
14828,1000,14829000
14829,1000,14830000
14830,1000,14831000
14831,1000,14832000
14832,1000,14833000
14833,1000,14834000
14834,1000,14835000
14835,1000,14836000
14836,1000,14837000
14837,1000,14838000
14838,1000,14839000
14839,1000,14840000
14840,1000,14841000
14841,1000,14842000
14842,1000,14843000
14843,1000,14844000
14844,1000,14845000
14845,1000,14846000
14846,1000,14847000
14847,1000,14848000
14848,1000,14849000
14849,1000,14850000
14850,1000,14851000
14851,1000,14852000
14852,1000,14853000
14853,1000,14854000
14854,1000,14855000
14855,1000,14856000
14856,1000,14857000
14857,1000,14858000
14858,1000,14859000
14859,1000,14860000
14860,1000,14861000
14861,1000,14862000
14862,1000,14863000
14863,1000,14864000
14864,1000,14865000
14865,1000,14866000
14866,1000,14867000
14867,1000,14868000
14868,1000,14869000
14869,1000,14870000
14870,1000,14871000
14871,1000,14872000
14872,1000,14873000
14873,1000,14874000
14874,1000,14875000
14875,1000,14876000
14876,1000,14877000
14877,1000,14878000
14878,1000,14879000
14879,1000,14880000
14880,1000,14881000
14881,1000,14882000
14882,1000,14883000
14883,1000,14884000
14884,1000,14885000
14885,1000,14886000
14886,1000,14887000
14887,1000,14888000
14888,1000,14889000
14889,1000,14890000
14890,1000,14891000
14891,1000,14892000
14892,1000,14893000
14893,1000,14894000
14894,1000,14895000
14895,1000,14896000
14896,1000,14897000
14897,1000,14898000
14898,1000,14899000
14899,1000,14900000
14900,1000,14901000
14901,1000,14902000
14902,1000,14903000
14903,1000,14904000
14904,1000,14905000
14905,1000,14906000
14906,1000,14907000
14907,1000,14908000
14908,1000,14909000
14909,1000,14910000
14910,1000,14911000
14911,1000,14912000
14912,1000,14913000
14913,1000,14914000
14914,1000,14915000
14915,1000,14916000
14916,1000,14917000
14917,1000,14918000
14918,1000,14919000
14919,1000,14920000
14920,1000,14921000
14921,1000,14922000
14922,1000,14923000
14923,1000,14924000
14924,1000,14925000
14925,1000,14926000
14926,1000,14927000
14927,1000,14928000
14928,1000,14929000
14929,1000,14930000
14930,1000,14931000
14931,1000,14932000
14932,1000,14933000
14933,1000,14934000
14934,1000,14935000
14935,1000,14936000
14936,1000,14937000
14937,1000,14938000
14938,1000,14939000
14939,1000,14940000
14940,1000,14941000
14941,1000,14942000
14942,1000,14943000
14943,1000,14944000
14944,1000,14945000
14945,1000,14946000
14946,1000,14947000
14947,1000,14948000
14948,1000,14949000
14949,1000,14950000
14950,1000,14951000
14951,1000,14952000
14952,1000,14953000
14953,1000,14954000
14954,1000,14955000
14955,1000,14956000
14956,1000,14957000
14957,1000,14958000
14958,1000,14959000
14959,1000,14960000
14960,1000,14961000
14961,1000,14962000
14962,1000,14963000
14963,1000,14964000
14964,1000,14965000
14965,1000,14966000
14966,1000,14967000
14967,1000,14968000
14968,1000,14969000
14969,1000,14970000
14970,1000,14971000
14971,1000,14972000
14972,1000,14973000
14973,1000,14974000
14974,1000,14975000
14975,1000,14976000
14976,1000,14977000
14977,1000,14978000
14978,1000,14979000
14979,1000,14980000
14980,1000,14981000
14981,1000,14982000
14982,1000,14983000
14983,1000,14984000
14984,1000,14985000
14985,1000,14986000
14986,1000,14987000
14987,1000,14988000
14988,1000,14989000
14989,1000,14990000
14990,1000,14991000
14991,1000,14992000
14992,1000,14993000
14993,1000,14994000
14994,1000,14995000
14995,1000,14996000
14996,1000,14997000
14997,1000,14998000
14998,1000,14999000
14999,1000,15000000
15000,1000,15001000
15001,1000,15002000
15002,1000,15003000
15003,1000,15004000
15004,1000,15005000
15005,1000,15006000
15006,1000,15007000
15007,1000,15008000
15008,1000,15009000
15009,1000,15010000
15010,1000,15011000
15011,1000,15012000
15012,1000,15013000
15013,1000,15014000
15014,1000,15015000
15015,1000,15016000
15016,1000,15017000
15017,1000,15018000
15018,1000,15019000
15019,1000,15020000
15020,1000,15021000
15021,1000,15022000
15022,1000,15023000
15023,1000,15024000
15024,1000,15025000
15025,1000,15026000
15026,1000,15027000
15027,1000,15028000
15028,1000,15029000
15029,1000,15030000
15030,1000,15031000
15031,1000,15032000
15032,1000,15033000
15033,1000,15034000
15034,1000,15035000
15035,1000,15036000
15036,1000,15037000
15037,1000,15038000
15038,1000,15039000
15039,1000,15040000
15040,1000,15041000
15041,1000,15042000
15042,1000,15043000
15043,1000,15044000
15044,1000,15045000
15045,1000,15046000
15046,1000,15047000
15047,1000,15048000
15048,1000,15049000
15049,1000,15050000
15050,1000,15051000
15051,1000,15052000
15052,1000,15053000
15053,1000,15054000
15054,1000,15055000
15055,1000,15056000
15056,1000,15057000
15057,1000,15058000
15058,1000,15059000
15059,1000,15060000
15060,1000,15061000
15061,1000,15062000
15062,1000,15063000
15063,1000,15064000
15064,1000,15065000
15065,1000,15066000
15066,1000,15067000
15067,1000,15068000
15068,1000,15069000
15069,1000,15070000
15070,1000,15071000
15071,1000,15072000
15072,1000,15073000
15073,1000,15074000
15074,1000,15075000
15075,1000,15076000
15076,1000,15077000
15077,1000,15078000
15078,1000,15079000
15079,1000,15080000
15080,1000,15081000
15081,1000,15082000
15082,1000,15083000
15083,1000,15084000
15084,1000,15085000
15085,1000,15086000
15086,1000,15087000
15087,1000,15088000
15088,1000,15089000
15089,1000,15090000
15090,1000,15091000
15091,1000,15092000
15092,1000,15093000
15093,1000,15094000
15094,1000,15095000
15095,1000,15096000
15096,1000,15097000
15097,1000,15098000
15098,1000,15099000
15099,1000,15100000
15100,1000,15101000
15101,1000,15102000
15102,1000,15103000
15103,1000,15104000
15104,1000,15105000
15105,1000,15106000
15106,1000,15107000
15107,1000,15108000
15108,1000,15109000
15109,1000,15110000
15110,1000,15111000
15111,1000,15112000
15112,1000,15113000
15113,1000,15114000
15114,1000,15115000
15115,1000,15116000
15116,1000,15117000
15117,1000,15118000
15118,1000,15119000
15119,1000,15120000
15120,1000,15121000
15121,1000,15122000
15122,1000,15123000
15123,1000,15124000
15124,1000,15125000
15125,1000,15126000
15126,1000,15127000
15127,1000,15128000
15128,1000,15129000
15129,1000,15130000
15130,1000,15131000
15131,1000,15132000
15132,1000,15133000
15133,1000,15134000
15134,1000,15135000
15135,1000,15136000
15136,1000,15137000
15137,1000,15138000
15138,1000,15139000
15139,1000,15140000
15140,1000,15141000
15141,1000,15142000
15142,1000,15143000
15143,1000,15144000
15144,1000,15145000
15145,1000,15146000
15146,1000,15147000
15147,1000,15148000
15148,1000,15149000
15149,1000,15150000
15150,1000,15151000
15151,1000,15152000
15152,1000,15153000
15153,1000,15154000
15154,1000,15155000
15155,1000,15156000
15156,1000,15157000
15157,1000,15158000
15158,1000,15159000
15159,1000,15160000
15160,1000,15161000
15161,1000,15162000
15162,1000,15163000
15163,1000,15164000
15164,1000,15165000
15165,1000,15166000
15166,1000,15167000
15167,1000,15168000
15168,1000,15169000
15169,1000,15170000
15170,1000,15171000
15171,1000,15172000
15172,1000,15173000
15173,1000,15174000
15174,1000,15175000
15175,1000,15176000
15176,1000,15177000
15177,1000,15178000
15178,1000,15179000
15179,1000,15180000
15180,1000,15181000
15181,1000,15182000
15182,1000,15183000
15183,1000,15184000
15184,1000,15185000
15185,1000,15186000
15186,1000,15187000
15187,1000,15188000
15188,1000,15189000
15189,1000,15190000
15190,1000,15191000
15191,1000,15192000
15192,1000,15193000
15193,1000,15194000
15194,1000,15195000
15195,1000,15196000
15196,1000,15197000
15197,1000,15198000
15198,1000,15199000
15199,1000,15200000
15200,1000,15201000
15201,1000,15202000
15202,1000,15203000
15203,1000,15204000
15204,1000,15205000
15205,1000,15206000
15206,1000,15207000
15207,1000,15208000
15208,1000,15209000
15209,1000,15210000
15210,1000,15211000
15211,1000,15212000
15212,1000,15213000
15213,1000,15214000
15214,1000,15215000
15215,1000,15216000
15216,1000,15217000
15217,1000,15218000
15218,1000,15219000
15219,1000,15220000
15220,1000,15221000
15221,1000,15222000
15222,1000,15223000
15223,1000,15224000
15224,1000,15225000
15225,1000,15226000
15226,1000,15227000
15227,1000,15228000
15228,1000,15229000
15229,1000,15230000
15230,1000,15231000
15231,1000,15232000
15232,1000,15233000
15233,1000,15234000
15234,1000,15235000
15235,1000,15236000
15236,1000,15237000
15237,1000,15238000
15238,1000,15239000
15239,1000,15240000
15240,1000,15241000
15241,1000,15242000
15242,1000,15243000
15243,1000,15244000
15244,1000,15245000
15245,1000,15246000
15246,1000,15247000
15247,1000,15248000
15248,1000,15249000
15249,1000,15250000
15250,1000,15251000
15251,1000,15252000
15252,1000,15253000
15253,1000,15254000
15254,1000,15255000
15255,1000,15256000
15256,1000,15257000
15257,1000,15258000
15258,1000,15259000
15259,1000,15260000
15260,1000,15261000
15261,1000,15262000
15262,1000,15263000
15263,1000,15264000
15264,1000,15265000
15265,1000,15266000
15266,1000,15267000
15267,1000,15268000
15268,1000,15269000
15269,1000,15270000
15270,1000,15271000
15271,1000,15272000
15272,1000,15273000
15273,1000,15274000
15274,1000,15275000
15275,1000,15276000
15276,1000,15277000
15277,1000,15278000
15278,1000,15279000
15279,1000,15280000
15280,1000,15281000
15281,1000,15282000
15282,1000,15283000
15283,1000,15284000
15284,1000,15285000
15285,1000,15286000
15286,1000,15287000
15287,1000,15288000
15288,1000,15289000
15289,1000,15290000
15290,1000,15291000
15291,1000,15292000
15292,1000,15293000
15293,1000,15294000
15294,1000,15295000
15295,1000,15296000
15296,1000,15297000
15297,1000,15298000
15298,1000,15299000
15299,1000,15300000
15300,1000,15301000
15301,1000,15302000
15302,1000,15303000
15303,1000,15304000
15304,1000,15305000
15305,1000,15306000
15306,1000,15307000
15307,1000,15308000
15308,1000,15309000
15309,1000,15310000
15310,1000,15311000
15311,1000,15312000
15312,1000,15313000
15313,1000,15314000
15314,1000,15315000
15315,1000,15316000
15316,1000,15317000
15317,1000,15318000
15318,1000,15319000
15319,1000,15320000
15320,1000,15321000
15321,1000,15322000
15322,1000,15323000
15323,1000,15324000
15324,1000,15325000
15325,1000,15326000
15326,1000,15327000
15327,1000,15328000
15328,1000,15329000
15329,1000,15330000
15330,1000,15331000
15331,1000,15332000
15332,1000,15333000
15333,1000,15334000
15334,1000,15335000
15335,1000,15336000
15336,1000,15337000
15337,1000,15338000
15338,1000,15339000
15339,1000,15340000
15340,1000,15341000
15341,1000,15342000
15342,1000,15343000
15343,1000,15344000
15344,1000,15345000
15345,1000,15346000
15346,1000,15347000
15347,1000,15348000
15348,1000,15349000
15349,1000,15350000
15350,1000,15351000
15351,1000,15352000
15352,1000,15353000
15353,1000,15354000
15354,1000,15355000
15355,1000,15356000
15356,1000,15357000
15357,1000,15358000
15358,1000,15359000
15359,1000,15360000
15360,1000,15361000
15361,1000,15362000
15362,1000,15363000
15363,1000,15364000
15364,1000,15365000
15365,1000,15366000
15366,1000,15367000
15367,1000,15368000
15368,1000,15369000
15369,1000,15370000
15370,1000,15371000
15371,1000,15372000
15372,1000,15373000
15373,1000,15374000
15374,1000,15375000
15375,1000,15376000
15376,1000,15377000
15377,1000,15378000
15378,1000,15379000
15379,1000,15380000
15380,1000,15381000
15381,1000,15382000
15382,1000,15383000
15383,1000,15384000
15384,1000,15385000
15385,1000,15386000
15386,1000,15387000
15387,1000,15388000
15388,1000,15389000
15389,1000,15390000
15390,1000,15391000
15391,1000,15392000
15392,1000,15393000
15393,1000,15394000
15394,1000,15395000
15395,1000,15396000
15396,1000,15397000
15397,1000,15398000
15398,1000,15399000
15399,1000,15400000
15400,1000,15401000
15401,1000,15402000
15402,1000,15403000
15403,1000,15404000
15404,1000,15405000
15405,1000,15406000
15406,1000,15407000
15407,1000,15408000
15408,1000,15409000
15409,1000,15410000
15410,1000,15411000
15411,1000,15412000
15412,1000,15413000
15413,1000,15414000
15414,1000,15415000
15415,1000,15416000
15416,1000,15417000
15417,1000,15418000
15418,1000,15419000
15419,1000,15420000
15420,1000,15421000
15421,1000,15422000
15422,1000,15423000
15423,1000,15424000
15424,1000,15425000
15425,1000,15426000
15426,1000,15427000
15427,1000,15428000
15428,1000,15429000
15429,1000,15430000
15430,1000,15431000
15431,1000,15432000
15432,1000,15433000
15433,1000,15434000
15434,1000,15435000
15435,1000,15436000
15436,1000,15437000
15437,1000,15438000
15438,1000,15439000
15439,1000,15440000
15440,1000,15441000
15441,1000,15442000
15442,1000,15443000
15443,1000,15444000
15444,1000,15445000
15445,1000,15446000
15446,1000,15447000
15447,1000,15448000
15448,1000,15449000
15449,1000,15450000
15450,1000,15451000
15451,1000,15452000
15452,1000,15453000
15453,1000,15454000
15454,1000,15455000
15455,1000,15456000
15456,1000,15457000
15457,1000,15458000
15458,1000,15459000
15459,1000,15460000
15460,1000,15461000
15461,1000,15462000
15462,1000,15463000
15463,1000,15464000
15464,1000,15465000
15465,1000,15466000
15466,1000,15467000
15467,1000,15468000
15468,1000,15469000
15469,1000,15470000
15470,1000,15471000
15471,1000,15472000
15472,1000,15473000
15473,1000,15474000
15474,1000,15475000
15475,1000,15476000
15476,1000,15477000
15477,1000,15478000
15478,1000,15479000
15479,1000,15480000
15480,1000,15481000
15481,1000,15482000
15482,1000,15483000
15483,1000,15484000
15484,1000,15485000
15485,1000,15486000
15486,1000,15487000
15487,1000,15488000
15488,1000,15489000
15489,1000,15490000
15490,1000,15491000
15491,1000,15492000
15492,1000,15493000
15493,1000,15494000
15494,1000,15495000
15495,1000,15496000
15496,1000,15497000
15497,1000,15498000
15498,1000,15499000
15499,1000,15500000
15500,1000,15501000
15501,1000,15502000
15502,1000,15503000
15503,1000,15504000
15504,1000,15505000
15505,1000,15506000
15506,1000,15507000
15507,1000,15508000
15508,1000,15509000
15509,1000,15510000
15510,1000,15511000
15511,1000,15512000
15512,1000,15513000
15513,1000,15514000
15514,1000,15515000
15515,1000,15516000
15516,1000,15517000
15517,1000,15518000
15518,1000,15519000
15519,1000,15520000
15520,1000,15521000
15521,1000,15522000
15522,1000,15523000
15523,1000,15524000
15524,1000,15525000
15525,1000,15526000
15526,1000,15527000
15527,1000,15528000
15528,1000,15529000
15529,1000,15530000
15530,1000,15531000
15531,1000,15532000
15532,1000,15533000
15533,1000,15534000
15534,1000,15535000
15535,1000,15536000
15536,1000,15537000
15537,1000,15538000
15538,1000,15539000
15539,1000,15540000
15540,1000,15541000
15541,1000,15542000
15542,1000,15543000
15543,1000,15544000
15544,1000,15545000
15545,1000,15546000
15546,1000,15547000
15547,1000,15548000
15548,1000,15549000
15549,1000,15550000
15550,1000,15551000
15551,1000,15552000
15552,1000,15553000
15553,1000,15554000
15554,1000,15555000
15555,1000,15556000
15556,1000,15557000
15557,1000,15558000
15558,1000,15559000
15559,1000,15560000
15560,1000,15561000
15561,1000,15562000
15562,1000,15563000
15563,1000,15564000
15564,1000,15565000
15565,1000,15566000
15566,1000,15567000
15567,1000,15568000
15568,1000,15569000
15569,1000,15570000
15570,1000,15571000
15571,1000,15572000
15572,1000,15573000
15573,1000,15574000
15574,1000,15575000
15575,1000,15576000
15576,1000,15577000
15577,1000,15578000
15578,1000,15579000
15579,1000,15580000
15580,1000,15581000
15581,1000,15582000
15582,1000,15583000
15583,1000,15584000
15584,1000,15585000
15585,1000,15586000
15586,1000,15587000
15587,1000,15588000
15588,1000,15589000
15589,1000,15590000
15590,1000,15591000
15591,1000,15592000
15592,1000,15593000
15593,1000,15594000
15594,1000,15595000
15595,1000,15596000
15596,1000,15597000
15597,1000,15598000
15598,1000,15599000
15599,1000,15600000
15600,1000,15601000
15601,1000,15602000
15602,1000,15603000
15603,1000,15604000
15604,1000,15605000
15605,1000,15606000
15606,1000,15607000
15607,1000,15608000
15608,1000,15609000
15609,1000,15610000
15610,1000,15611000
15611,1000,15612000
15612,1000,15613000
15613,1000,15614000
15614,1000,15615000
15615,1000,15616000
15616,1000,15617000
15617,1000,15618000
15618,1000,15619000
15619,1000,15620000
15620,1000,15621000
15621,1000,15622000
15622,1000,15623000
15623,1000,15624000
15624,1000,15625000
15625,1000,15626000
15626,1000,15627000
15627,1000,15628000
15628,1000,15629000
15629,1000,15630000
15630,1000,15631000
15631,1000,15632000
15632,1000,15633000
15633,1000,15634000
15634,1000,15635000
15635,1000,15636000
15636,1000,15637000
15637,1000,15638000
15638,1000,15639000
15639,1000,15640000
15640,1000,15641000
15641,1000,15642000
15642,1000,15643000
15643,1000,15644000
15644,1000,15645000
15645,1000,15646000
15646,1000,15647000
15647,1000,15648000
15648,1000,15649000
15649,1000,15650000
15650,1000,15651000
15651,1000,15652000
15652,1000,15653000
15653,1000,15654000
15654,1000,15655000
15655,1000,15656000
15656,1000,15657000
15657,1000,15658000
15658,1000,15659000
15659,1000,15660000
15660,1000,15661000
15661,1000,15662000
15662,1000,15663000
15663,1000,15664000
15664,1000,15665000
15665,1000,15666000
15666,1000,15667000
15667,1000,15668000
15668,1000,15669000
15669,1000,15670000
15670,1000,15671000
15671,1000,15672000
15672,1000,15673000
15673,1000,15674000
15674,1000,15675000
15675,1000,15676000
15676,1000,15677000
15677,1000,15678000
15678,1000,15679000
15679,1000,15680000
15680,1000,15681000
15681,1000,15682000
15682,1000,15683000
15683,1000,15684000
15684,1000,15685000
15685,1000,15686000
15686,1000,15687000
15687,1000,15688000
15688,1000,15689000
15689,1000,15690000
15690,1000,15691000
15691,1000,15692000
15692,1000,15693000
15693,1000,15694000
15694,1000,15695000
15695,1000,15696000
15696,1000,15697000
15697,1000,15698000
15698,1000,15699000
15699,1000,15700000
15700,1000,15701000
15701,1000,15702000
15702,1000,15703000
15703,1000,15704000
15704,1000,15705000
15705,1000,15706000
15706,1000,15707000
15707,1000,15708000
15708,1000,15709000
15709,1000,15710000
15710,1000,15711000
15711,1000,15712000
15712,1000,15713000
15713,1000,15714000
15714,1000,15715000
15715,1000,15716000
15716,1000,15717000
15717,1000,15718000
15718,1000,15719000
15719,1000,15720000
15720,1000,15721000
15721,1000,15722000
15722,1000,15723000
15723,1000,15724000
15724,1000,15725000
15725,1000,15726000
15726,1000,15727000
15727,1000,15728000
15728,1000,15729000
15729,1000,15730000
15730,1000,15731000
15731,1000,15732000
15732,1000,15733000
15733,1000,15734000
15734,1000,15735000
15735,1000,15736000
15736,1000,15737000
15737,1000,15738000
15738,1000,15739000
15739,1000,15740000
15740,1000,15741000
15741,1000,15742000
15742,1000,15743000
15743,1000,15744000
15744,1000,15745000
15745,1000,15746000
15746,1000,15747000
15747,1000,15748000
15748,1000,15749000
15749,1000,15750000
15750,1000,15751000
15751,1000,15752000
15752,1000,15753000
15753,1000,15754000
15754,1000,15755000
15755,1000,15756000
15756,1000,15757000
15757,1000,15758000
15758,1000,15759000
15759,1000,15760000
15760,1000,15761000
15761,1000,15762000
15762,1000,15763000
15763,1000,15764000
15764,1000,15765000
15765,1000,15766000
15766,1000,15767000
15767,1000,15768000
15768,1000,15769000
15769,1000,15770000
15770,1000,15771000
15771,1000,15772000
15772,1000,15773000
15773,1000,15774000
15774,1000,15775000
15775,1000,15776000
15776,1000,15777000
15777,1000,15778000
15778,1000,15779000
15779,1000,15780000
15780,1000,15781000
15781,1000,15782000
15782,1000,15783000
15783,1000,15784000
15784,1000,15785000
15785,1000,15786000
15786,1000,15787000
15787,1000,15788000
15788,1000,15789000
15789,1000,15790000
15790,1000,15791000
15791,1000,15792000
15792,1000,15793000
15793,1000,15794000
15794,1000,15795000
15795,1000,15796000
15796,1000,15797000
15797,1000,15798000
15798,1000,15799000
15799,1000,15800000
15800,1000,15801000
15801,1000,15802000
15802,1000,15803000
15803,1000,15804000
15804,1000,15805000
15805,1000,15806000
15806,1000,15807000
15807,1000,15808000
15808,1000,15809000
15809,1000,15810000
15810,1000,15811000
15811,1000,15812000
15812,1000,15813000
15813,1000,15814000
15814,1000,15815000
15815,1000,15816000
15816,1000,15817000
15817,1000,15818000
15818,1000,15819000
15819,1000,15820000
15820,1000,15821000
15821,1000,15822000
15822,1000,15823000
15823,1000,15824000
15824,1000,15825000
15825,1000,15826000
15826,1000,15827000
15827,1000,15828000
15828,1000,15829000
15829,1000,15830000
15830,1000,15831000
15831,1000,15832000
15832,1000,15833000
15833,1000,15834000
15834,1000,15835000
15835,1000,15836000
15836,1000,15837000
15837,1000,15838000
15838,1000,15839000
15839,1000,15840000
15840,1000,15841000
15841,1000,15842000
15842,1000,15843000
15843,1000,15844000
15844,1000,15845000
15845,1000,15846000
15846,1000,15847000
15847,1000,15848000
15848,1000,15849000
15849,1000,15850000
15850,1000,15851000
15851,1000,15852000
15852,1000,15853000
15853,1000,15854000
15854,1000,15855000
15855,1000,15856000
15856,1000,15857000
15857,1000,15858000
15858,1000,15859000
15859,1000,15860000
15860,1000,15861000
15861,1000,15862000
15862,1000,15863000
15863,1000,15864000
15864,1000,15865000
15865,1000,15866000
15866,1000,15867000
15867,1000,15868000
15868,1000,15869000
15869,1000,15870000
15870,1000,15871000
15871,1000,15872000
15872,1000,15873000
15873,1000,15874000
15874,1000,15875000
15875,1000,15876000
15876,1000,15877000
15877,1000,15878000
15878,1000,15879000
15879,1000,15880000
15880,1000,15881000
15881,1000,15882000
15882,1000,15883000
15883,1000,15884000
15884,1000,15885000
15885,1000,15886000
15886,1000,15887000
15887,1000,15888000
15888,1000,15889000
15889,1000,15890000
15890,1000,15891000
15891,1000,15892000
15892,1000,15893000
15893,1000,15894000
15894,1000,15895000
15895,1000,15896000
15896,1000,15897000
15897,1000,15898000
15898,1000,15899000
15899,1000,15900000
15900,1000,15901000
15901,1000,15902000
15902,1000,15903000
15903,1000,15904000
15904,1000,15905000
15905,1000,15906000
15906,1000,15907000
15907,1000,15908000
15908,1000,15909000
15909,1000,15910000
15910,1000,15911000
15911,1000,15912000
15912,1000,15913000
15913,1000,15914000
15914,1000,15915000
15915,1000,15916000
15916,1000,15917000
15917,1000,15918000
15918,1000,15919000
15919,1000,15920000
15920,1000,15921000
15921,1000,15922000
15922,1000,15923000
15923,1000,15924000
15924,1000,15925000
15925,1000,15926000
15926,1000,15927000
15927,1000,15928000
15928,1000,15929000
15929,1000,15930000
15930,1000,15931000
15931,1000,15932000
15932,1000,15933000
15933,1000,15934000
15934,1000,15935000
15935,1000,15936000
15936,1000,15937000
15937,1000,15938000
15938,1000,15939000
15939,1000,15940000
15940,1000,15941000
15941,1000,15942000
15942,1000,15943000
15943,1000,15944000
15944,1000,15945000
15945,1000,15946000
15946,1000,15947000
15947,1000,15948000
15948,1000,15949000
15949,1000,15950000
15950,1000,15951000
15951,1000,15952000
15952,1000,15953000
15953,1000,15954000
15954,1000,15955000
15955,1000,15956000
15956,1000,15957000
15957,1000,15958000
15958,1000,15959000
15959,1000,15960000
15960,1000,15961000
15961,1000,15962000
15962,1000,15963000
15963,1000,15964000
15964,1000,15965000
15965,1000,15966000
15966,1000,15967000
15967,1000,15968000
15968,1000,15969000
15969,1000,15970000
15970,1000,15971000
15971,1000,15972000
15972,1000,15973000
15973,1000,15974000
15974,1000,15975000
15975,1000,15976000
15976,1000,15977000
15977,1000,15978000
15978,1000,15979000
15979,1000,15980000
15980,1000,15981000
15981,1000,15982000
15982,1000,15983000
15983,1000,15984000
15984,1000,15985000
15985,1000,15986000
15986,1000,15987000
15987,1000,15988000
15988,1000,15989000
15989,1000,15990000
15990,1000,15991000
15991,1000,15992000
15992,1000,15993000
15993,1000,15994000
15994,1000,15995000
15995,1000,15996000
15996,1000,15997000
15997,1000,15998000
15998,1000,15999000
15999,1000,16000000
