episode,episode_steps,cumulative_steps
0,1000,1000
1,1000,2000
2,1000,3000
3,1000,4000
4,1000,5000
5,1000,6000
6,1000,7000
7,1000,8000
8,1000,9000
9,1000,10000
10,1000,11000
11,1000,12000
12,1000,13000
13,1000,14000
14,1000,15000
15,1000,16000
16,1000,17000
17,1000,18000
18,1000,19000
19,1000,20000
20,1000,21000
21,1000,22000
22,1000,23000
23,1000,24000
24,1000,25000
25,1000,26000
26,1000,27000
27,1000,28000
28,1000,29000
29,1000,30000
30,1000,31000
31,1000,32000
32,1000,33000
33,1000,34000
34,1000,35000
35,1000,36000
36,1000,37000
37,1000,38000
38,1000,39000
39,1000,40000
40,1000,41000
41,1000,42000
42,1000,43000
43,1000,44000
44,1000,45000
45,1000,46000
46,1000,47000
47,1000,48000
48,1000,49000
49,1000,50000
50,1000,51000
51,1000,52000
52,1000,53000
53,1000,54000
54,1000,55000
55,1000,56000
56,1000,57000
57,1000,58000
58,1000,59000
59,1000,60000
60,1000,61000
61,1000,62000
62,1000,63000
63,1000,64000
64,1000,65000
65,1000,66000
66,1000,67000
67,1000,68000
68,1000,69000
69,1000,70000
70,1000,71000
71,1000,72000
72,1000,73000
73,1000,74000
74,1000,75000
75,1000,76000
76,1000,77000
77,1000,78000
78,1000,79000
79,1000,80000
80,1000,81000
81,1000,82000
82,1000,83000
83,1000,84000
84,1000,85000
85,1000,86000
86,1000,87000
87,1000,88000
88,1000,89000
89,1000,90000
90,1000,91000
91,1000,92000
92,1000,93000
93,1000,94000
94,1000,95000
95,1000,96000
96,1000,97000
97,1000,98000
98,1000,99000
99,1000,100000
100,1000,101000
101,1000,102000
102,1000,103000
103,1000,104000
104,1000,105000
105,1000,106000
106,1000,107000
107,1000,108000
108,1000,109000
109,1000,110000
110,1000,111000
111,1000,112000
112,1000,113000
113,1000,114000
114,1000,115000
115,1000,116000
116,1000,117000
117,1000,118000
118,1000,119000
119,1000,120000
120,1000,121000
121,1000,122000
122,1000,123000
123,1000,124000
124,1000,125000
125,1000,126000
126,1000,127000
127,1000,128000
128,1000,129000
129,1000,130000
130,1000,131000
131,1000,132000
132,1000,133000
133,1000,134000
134,1000,135000
135,1000,136000
136,1000,137000
137,1000,138000
138,1000,139000
139,1000,140000
140,1000,141000
141,1000,142000
142,1000,143000
143,1000,144000
144,1000,145000
145,1000,146000
146,1000,147000
147,1000,148000
148,1000,149000
149,1000,150000
150,1000,151000
151,1000,152000
152,1000,153000
153,1000,154000
154,1000,155000
155,1000,156000
156,1000,157000
157,1000,158000
158,1000,159000
159,1000,160000
160,1000,161000
161,1000,162000
162,1000,163000
163,1000,164000
164,1000,165000
165,1000,166000
166,1000,167000
167,1000,168000
168,1000,169000
169,1000,170000
170,1000,171000
171,1000,172000
172,1000,173000
173,1000,174000
174,1000,175000
175,1000,176000
176,1000,177000
177,1000,178000
178,1000,179000
179,1000,180000
180,1000,181000
181,1000,182000
182,1000,183000
183,1000,184000
184,1000,185000
185,1000,186000
186,1000,187000
187,1000,188000
188,1000,189000
189,1000,190000
190,1000,191000
191,1000,192000
192,1000,193000
193,1000,194000
194,1000,195000
195,1000,196000
196,1000,197000
197,1000,198000
198,1000,199000
199,1000,200000
200,1000,201000
201,1000,202000
202,1000,203000
203,1000,204000
204,1000,205000
205,1000,206000
206,1000,207000
207,1000,208000
208,1000,209000
209,1000,210000
210,1000,211000
211,1000,212000
212,1000,213000
213,1000,214000
214,1000,215000
215,1000,216000
216,1000,217000
217,1000,218000
218,1000,219000
219,1000,220000
220,1000,221000
221,1000,222000
222,1000,223000
223,1000,224000
224,1000,225000
225,1000,226000
226,1000,227000
227,1000,228000
228,1000,229000
229,1000,230000
230,1000,231000
231,1000,232000
232,1000,233000
233,1000,234000
234,1000,235000
235,1000,236000
236,1000,237000
237,1000,238000
238,1000,239000
239,1000,240000
240,1000,241000
241,1000,242000
242,1000,243000
243,1000,244000
244,1000,245000
245,1000,246000
246,1000,247000
247,1000,248000
248,1000,249000
249,1000,250000
250,1000,251000
251,1000,252000
252,1000,253000
253,1000,254000
254,1000,255000
255,1000,256000
256,1000,257000
257,1000,258000
258,1000,259000
259,1000,260000
260,1000,261000
261,1000,262000
262,1000,263000
263,1000,264000
264,1000,265000
265,1000,266000
266,1000,267000
267,1000,268000
268,1000,269000
269,1000,270000
270,1000,271000
271,1000,272000
272,1000,273000
273,1000,274000
274,1000,275000
275,1000,276000
276,1000,277000
277,1000,278000
278,1000,279000
279,1000,280000
280,1000,281000
281,1000,282000
282,1000,283000
283,1000,284000
284,1000,285000
285,1000,286000
286,1000,287000
287,1000,288000
288,1000,289000
289,1000,290000
290,1000,291000
291,1000,292000
292,1000,293000
293,1000,294000
294,1000,295000
295,1000,296000
296,1000,297000
297,1000,298000
298,1000,299000
299,1000,300000
300,1000,301000
301,1000,302000
302,1000,303000
303,1000,304000
304,1000,305000
305,1000,306000
306,1000,307000
307,1000,308000
308,1000,309000
309,1000,310000
310,1000,311000
311,1000,312000
312,1000,313000
313,1000,314000
314,1000,315000
315,1000,316000
316,1000,317000
317,1000,318000
318,1000,319000
319,1000,320000
320,1000,321000
321,1000,322000
322,1000,323000
323,1000,324000
324,1000,325000
325,1000,326000
326,1000,327000
327,1000,328000
328,1000,329000
329,1000,330000
330,1000,331000
331,1000,332000
332,1000,333000
333,1000,334000
334,1000,335000
335,1000,336000
336,1000,337000
337,1000,338000
338,1000,339000
339,1000,340000
340,1000,341000
341,1000,342000
342,1000,343000
343,1000,344000
344,1000,345000
345,1000,346000
346,1000,347000
347,1000,348000
348,1000,349000
349,1000,350000
350,1000,351000
351,1000,352000
352,1000,353000
353,1000,354000
354,1000,355000
355,1000,356000
356,1000,357000
357,1000,358000
358,1000,359000
359,1000,360000
360,1000,361000
361,1000,362000
362,1000,363000
363,1000,364000
364,1000,365000
365,1000,366000
366,1000,367000
367,1000,368000
368,1000,369000
369,1000,370000
370,1000,371000
371,1000,372000
372,1000,373000
373,1000,374000
374,1000,375000
375,1000,376000
376,1000,377000
377,1000,378000
378,1000,379000
379,1000,380000
380,1000,381000
381,1000,382000
382,1000,383000
383,1000,384000
384,1000,385000
385,1000,386000
386,1000,387000
387,1000,388000
388,1000,389000
389,1000,390000
390,1000,391000
391,1000,392000
392,1000,393000
393,1000,394000
394,1000,395000
395,1000,396000
396,1000,397000
397,1000,398000
398,1000,399000
399,1000,400000
400,1000,401000
401,1000,402000
402,1000,403000
403,1000,404000
404,1000,405000
405,1000,406000
406,1000,407000
407,1000,408000
408,1000,409000
409,1000,410000
410,1000,411000
411,1000,412000
412,1000,413000
413,1000,414000
414,1000,415000
415,1000,416000
416,1000,417000
417,1000,418000
418,1000,419000
419,1000,420000
420,1000,421000
421,1000,422000
422,1000,423000
423,1000,424000
424,1000,425000
425,1000,426000
426,1000,427000
427,1000,428000
428,1000,429000
429,1000,430000
430,1000,431000
431,1000,432000
432,1000,433000
433,1000,434000
434,1000,435000
435,1000,436000
436,1000,437000
437,1000,438000
438,1000,439000
439,1000,440000
440,1000,441000
441,1000,442000
442,1000,443000
443,1000,444000
444,1000,445000
445,1000,446000
446,1000,447000
447,1000,448000
448,1000,449000
449,1000,450000
450,1000,451000
451,1000,452000
452,1000,453000
453,1000,454000
454,1000,455000
455,1000,456000
456,1000,457000
457,1000,458000
458,1000,459000
459,1000,460000
460,1000,461000
461,1000,462000
462,1000,463000
463,1000,464000
464,1000,465000
465,1000,466000
466,1000,467000
467,1000,468000
468,1000,469000
469,1000,470000
470,1000,471000
471,1000,472000
472,1000,473000
473,1000,474000
474,1000,475000
475,1000,476000
476,1000,477000
477,1000,478000
478,1000,479000
479,1000,480000
480,1000,481000
481,1000,482000
482,1000,483000
483,1000,484000
484,1000,485000
485,1000,486000
486,1000,487000
487,1000,488000
488,1000,489000
489,1000,490000
490,1000,491000
491,1000,492000
492,1000,493000
493,1000,494000
494,1000,495000
495,1000,496000
496,1000,497000
497,1000,498000
498,1000,499000
499,1000,500000
500,1000,501000
501,1000,502000
502,1000,503000
503,1000,504000
504,1000,505000
505,1000,506000
506,1000,507000
507,1000,508000
508,1000,509000
509,1000,510000
510,1000,511000
511,1000,512000
512,1000,513000
513,1000,514000
514,1000,515000
515,1000,516000
516,1000,517000
517,1000,518000
518,1000,519000
519,1000,520000
520,1000,521000
521,1000,522000
522,1000,523000
523,1000,524000
524,1000,525000
525,1000,526000
526,1000,527000
527,1000,528000
528,1000,529000
529,1000,530000
530,1000,531000
531,1000,532000
532,1000,533000
533,1000,534000
534,1000,535000
535,1000,536000
536,1000,537000
537,1000,538000
538,1000,539000
539,1000,540000
540,1000,541000
541,1000,542000
542,1000,543000
543,1000,544000
544,1000,545000
545,1000,546000
546,1000,547000
547,1000,548000
548,1000,549000
549,1000,550000
550,1000,551000
551,1000,552000
552,1000,553000
553,1000,554000
554,1000,555000
555,1000,556000
556,1000,557000
557,1000,558000
558,1000,559000
559,1000,560000
560,1000,561000
561,1000,562000
562,1000,563000
563,1000,564000
564,1000,565000
565,1000,566000
566,1000,567000
567,1000,568000
568,1000,569000
569,1000,570000
570,1000,571000
571,1000,572000
572,1000,573000
573,1000,574000
574,1000,575000
575,1000,576000
576,1000,577000
577,1000,578000
578,1000,579000
579,1000,580000
580,1000,581000
581,1000,582000
582,1000,583000
583,1000,584000
584,1000,585000
585,1000,586000
586,1000,587000
587,1000,588000
588,1000,589000
589,1000,590000
590,1000,591000
591,1000,592000
592,1000,593000
593,1000,594000
594,1000,595000
595,1000,596000
596,1000,597000
597,1000,598000
598,1000,599000
599,1000,600000
600,1000,601000
601,1000,602000
602,1000,603000
603,1000,604000
604,1000,605000
605,1000,606000
606,1000,607000
607,1000,608000
608,1000,609000
609,1000,610000
610,1000,611000
611,1000,612000
612,1000,613000
613,1000,614000
614,1000,615000
615,1000,616000
616,1000,617000
617,1000,618000
618,1000,619000
619,1000,620000
620,1000,621000
621,1000,622000
622,1000,623000
623,1000,624000
624,1000,625000
625,1000,626000
626,1000,627000
627,1000,628000
628,1000,629000
629,1000,630000
630,1000,631000
631,1000,632000
632,1000,633000
633,1000,634000
634,1000,635000
635,1000,636000
636,1000,637000
637,1000,638000
638,1000,639000
639,1000,640000
640,1000,641000
641,1000,642000
642,1000,643000
643,1000,644000
644,1000,645000
645,1000,646000
646,1000,647000
647,1000,648000
648,1000,649000
649,1000,650000
650,1000,651000
651,1000,652000
652,1000,653000
653,1000,654000
654,1000,655000
655,1000,656000
656,1000,657000
657,1000,658000
658,1000,659000
659,1000,660000
660,1000,661000
661,1000,662000
662,1000,663000
663,1000,664000
664,1000,665000
665,1000,666000
666,1000,667000
667,1000,668000
668,1000,669000
669,1000,670000
670,1000,671000
671,1000,672000
672,1000,673000
673,1000,674000
674,1000,675000
675,1000,676000
676,1000,677000
677,1000,678000
678,1000,679000
679,1000,680000
680,1000,681000
681,1000,682000
682,1000,683000
683,1000,684000
684,1000,685000
685,1000,686000
686,1000,687000
687,1000,688000
688,1000,689000
689,1000,690000
690,1000,691000
691,1000,692000
692,1000,693000
693,1000,694000
694,1000,695000
695,1000,696000
696,1000,697000
697,1000,698000
698,1000,699000
699,1000,700000
700,1000,701000
701,1000,702000
702,1000,703000
703,1000,704000
704,1000,705000
705,1000,706000
706,1000,707000
707,1000,708000
708,1000,709000
709,1000,710000
710,1000,711000
711,1000,712000
712,1000,713000
713,1000,714000
714,1000,715000
715,1000,716000
716,1000,717000
717,1000,718000
718,1000,719000
719,1000,720000
720,1000,721000
721,1000,722000
722,1000,723000
723,1000,724000
724,1000,725000
725,1000,726000
726,1000,727000
727,1000,728000
728,1000,729000
729,1000,730000
730,1000,731000
731,1000,732000
732,1000,733000
733,1000,734000
734,1000,735000
735,1000,736000
736,1000,737000
737,1000,738000
738,1000,739000
739,1000,740000
740,1000,741000
741,1000,742000
742,1000,743000
743,1000,744000
744,1000,745000
745,1000,746000
746,1000,747000
747,1000,748000
748,1000,749000
749,1000,750000
750,1000,751000
751,1000,752000
752,1000,753000
753,1000,754000
754,1000,755000
755,1000,756000
756,1000,757000
757,1000,758000
758,1000,759000
759,1000,760000
760,1000,761000
761,1000,762000
762,1000,763000
763,1000,764000
764,1000,765000
765,1000,766000
766,1000,767000
767,1000,768000
768,1000,769000
769,1000,770000
770,1000,771000
771,1000,772000
772,1000,773000
773,1000,774000
774,1000,775000
775,1000,776000
776,1000,777000
777,1000,778000
778,1000,779000
779,1000,780000
780,1000,781000
781,1000,782000
782,1000,783000
783,1000,784000
784,1000,785000
785,1000,786000
786,1000,787000
787,1000,788000
788,1000,789000
789,1000,790000
790,1000,791000
791,1000,792000
792,1000,793000
793,1000,794000
794,1000,795000
795,1000,796000
796,1000,797000
797,1000,798000
798,1000,799000
799,1000,800000
800,1000,801000
801,1000,802000
802,1000,803000
803,1000,804000
804,1000,805000
805,1000,806000
806,1000,807000
807,1000,808000
808,1000,809000
809,1000,810000
810,1000,811000
811,1000,812000
812,1000,813000
813,1000,814000
814,1000,815000
815,1000,816000
816,1000,817000
817,1000,818000
818,1000,819000
819,1000,820000
820,1000,821000
821,1000,822000
822,1000,823000
823,1000,824000
824,1000,825000
825,1000,826000
826,1000,827000
827,1000,828000
828,1000,829000
829,1000,830000
830,1000,831000
831,1000,832000
832,1000,833000
833,1000,834000
834,1000,835000
835,1000,836000
836,1000,837000
837,1000,838000
838,1000,839000
839,1000,840000
840,1000,841000
841,1000,842000
842,1000,843000
843,1000,844000
844,1000,845000
845,1000,846000
846,1000,847000
847,1000,848000
848,1000,849000
849,1000,850000
850,1000,851000
851,1000,852000
852,1000,853000
853,1000,854000
854,1000,855000
855,1000,856000
856,1000,857000
857,1000,858000
858,1000,859000
859,1000,860000
860,1000,861000
861,1000,862000
862,1000,863000
863,1000,864000
864,1000,865000
865,1000,866000
866,1000,867000
867,1000,868000
868,1000,869000
869,1000,870000
870,1000,871000
871,1000,872000
872,1000,873000
873,1000,874000
874,1000,875000
875,1000,876000
876,1000,877000
877,1000,878000
878,1000,879000
879,1000,880000
880,1000,881000
881,1000,882000
882,1000,883000
883,1000,884000
884,1000,885000
885,1000,886000
886,1000,887000
887,1000,888000
888,1000,889000
889,1000,890000
890,1000,891000
891,1000,892000
892,1000,893000
893,1000,894000
894,1000,895000
895,1000,896000
896,1000,897000
897,1000,898000
898,1000,899000
899,1000,900000
900,1000,901000
901,1000,902000
902,1000,903000
903,1000,904000
904,1000,905000
905,1000,906000
906,1000,907000
907,1000,908000
908,1000,909000
909,1000,910000
910,1000,911000
911,1000,912000
912,1000,913000
913,1000,914000
914,1000,915000
915,1000,916000
916,1000,917000
917,1000,918000
918,1000,919000
919,1000,920000
920,1000,921000
921,1000,922000
922,1000,923000
923,1000,924000
924,1000,925000
925,1000,926000
926,1000,927000
927,1000,928000
928,1000,929000
929,1000,930000
930,1000,931000
931,1000,932000
932,1000,933000
933,1000,934000
934,1000,935000
935,1000,936000
936,1000,937000
937,1000,938000
938,1000,939000
939,1000,940000
940,1000,941000
941,1000,942000
942,1000,943000
943,1000,944000
944,1000,945000
945,1000,946000
946,1000,947000
947,1000,948000
948,1000,949000
949,1000,950000
950,1000,951000
951,1000,952000
952,1000,953000
953,1000,954000
954,1000,955000
955,1000,956000
956,1000,957000
957,1000,958000
958,1000,959000
959,1000,960000
960,1000,961000
961,1000,962000
962,1000,963000
963,1000,964000
964,1000,965000
965,1000,966000
966,1000,967000
967,1000,968000
968,1000,969000
969,1000,970000
970,1000,971000
971,1000,972000
972,1000,973000
973,1000,974000
974,1000,975000
975,1000,976000
976,1000,977000
977,1000,978000
978,1000,979000
979,1000,980000
980,1000,981000
981,1000,982000
982,1000,983000
983,1000,984000
984,1000,985000
985,1000,986000
986,1000,987000
987,1000,988000
988,1000,989000
989,1000,990000
990,1000,991000
991,1000,992000
992,1000,993000
993,1000,994000
994,1000,995000
995,1000,996000
996,1000,997000
997,1000,998000
998,1000,999000
999,1000,1000000
1000,1000,1001000
1001,1000,1002000
1002,1000,1003000
1003,1000,1004000
1004,1000,1005000
1005,1000,1006000
1006,1000,1007000
1007,1000,1008000
1008,1000,1009000
1009,1000,1010000
1010,1000,1011000
1011,1000,1012000
1012,1000,1013000
1013,1000,1014000
1014,1000,1015000
1015,1000,1016000
1016,1000,1017000
1017,1000,1018000
1018,1000,1019000
1019,1000,1020000
1020,1000,1021000
1021,1000,1022000
1022,1000,1023000
1023,1000,1024000
1024,1000,1025000
1025,1000,1026000
1026,1000,1027000
1027,1000,1028000
1028,1000,1029000
1029,1000,1030000
1030,1000,1031000
1031,1000,1032000
1032,1000,1033000
1033,1000,1034000
1034,1000,1035000
1035,1000,1036000
1036,1000,1037000
1037,1000,1038000
1038,1000,1039000
1039,1000,1040000
1040,1000,1041000
1041,1000,1042000
1042,1000,1043000
1043,1000,1044000
1044,1000,1045000
1045,1000,1046000
1046,1000,1047000
1047,1000,1048000
1048,1000,1049000
1049,1000,1050000
1050,1000,1051000
1051,1000,1052000
1052,1000,1053000
1053,1000,1054000
1054,1000,1055000
1055,1000,1056000
1056,1000,1057000
1057,1000,1058000
1058,1000,1059000
1059,1000,1060000
1060,1000,1061000
1061,1000,1062000
1062,1000,1063000
1063,1000,1064000
1064,1000,1065000
1065,1000,1066000
1066,1000,1067000
1067,1000,1068000
1068,1000,1069000
1069,1000,1070000
1070,1000,1071000
1071,1000,1072000
1072,1000,1073000
1073,1000,1074000
1074,1000,1075000
1075,1000,1076000
1076,1000,1077000
1077,1000,1078000
1078,1000,1079000
1079,1000,1080000
1080,1000,1081000
1081,1000,1082000
1082,1000,1083000
1083,1000,1084000
1084,1000,1085000
1085,1000,1086000
1086,1000,1087000
1087,1000,1088000
1088,1000,1089000
1089,1000,1090000
1090,1000,1091000
1091,1000,1092000
1092,1000,1093000
1093,1000,1094000
1094,1000,1095000
1095,1000,1096000
1096,1000,1097000
1097,1000,1098000
1098,1000,1099000
1099,1000,1100000
1100,1000,1101000
1101,1000,1102000
1102,1000,1103000
1103,1000,1104000
1104,1000,1105000
1105,1000,1106000
1106,1000,1107000
1107,1000,1108000
1108,1000,1109000
1109,1000,1110000
1110,1000,1111000
1111,1000,1112000
1112,1000,1113000
1113,1000,1114000
1114,1000,1115000
1115,1000,1116000
1116,1000,1117000
1117,1000,1118000
1118,1000,1119000
1119,1000,1120000
1120,1000,1121000
1121,1000,1122000
1122,1000,1123000
1123,1000,1124000
1124,1000,1125000
1125,1000,1126000
1126,1000,1127000
1127,1000,1128000
1128,1000,1129000
1129,1000,1130000
1130,1000,1131000
1131,1000,1132000
1132,1000,1133000
1133,1000,1134000
1134,1000,1135000
1135,1000,1136000
1136,1000,1137000
1137,1000,1138000
1138,1000,1139000
1139,1000,1140000
1140,1000,1141000
1141,1000,1142000
1142,1000,1143000
1143,1000,1144000
1144,1000,1145000
1145,1000,1146000
1146,1000,1147000
1147,1000,1148000
1148,1000,1149000
1149,1000,1150000
1150,1000,1151000
1151,1000,1152000
1152,1000,1153000
1153,1000,1154000
1154,1000,1155000
1155,1000,1156000
1156,1000,1157000
1157,1000,1158000
1158,1000,1159000
1159,1000,1160000
1160,1000,1161000
1161,1000,1162000
1162,1000,1163000
1163,1000,1164000
1164,1000,1165000
1165,1000,1166000
1166,1000,1167000
1167,1000,1168000
1168,1000,1169000
1169,1000,1170000
1170,1000,1171000
1171,1000,1172000
1172,1000,1173000
1173,1000,1174000
1174,1000,1175000
1175,1000,1176000
1176,1000,1177000
1177,1000,1178000
1178,1000,1179000
1179,1000,1180000
1180,1000,1181000
1181,1000,1182000
1182,1000,1183000
1183,1000,1184000
1184,1000,1185000
1185,1000,1186000
1186,1000,1187000
1187,1000,1188000
1188,1000,1189000
1189,1000,1190000
1190,1000,1191000
1191,1000,1192000
1192,1000,1193000
1193,1000,1194000
1194,1000,1195000
1195,1000,1196000
1196,1000,1197000
1197,1000,1198000
1198,1000,1199000
1199,1000,1200000
1200,1000,1201000
1201,1000,1202000
1202,1000,1203000
1203,1000,1204000
1204,1000,1205000
1205,1000,1206000
1206,1000,1207000
1207,1000,1208000
1208,1000,1209000
1209,1000,1210000
1210,1000,1211000
1211,1000,1212000
1212,1000,1213000
1213,1000,1214000
1214,1000,1215000
1215,1000,1216000
1216,1000,1217000
1217,1000,1218000
1218,1000,1219000
1219,1000,1220000
1220,1000,1221000
1221,1000,1222000
1222,1000,1223000
1223,1000,1224000
1224,1000,1225000
1225,1000,1226000
1226,1000,1227000
1227,1000,1228000
1228,1000,1229000
1229,1000,1230000
1230,1000,1231000
1231,1000,1232000
1232,1000,1233000
1233,1000,1234000
1234,1000,1235000
1235,1000,1236000
1236,1000,1237000
1237,1000,1238000
1238,1000,1239000
1239,1000,1240000
1240,1000,1241000
1241,1000,1242000
1242,1000,1243000
1243,1000,1244000
1244,1000,1245000
1245,1000,1246000
1246,1000,1247000
1247,1000,1248000
1248,1000,1249000
1249,1000,1250000
1250,1000,1251000
1251,1000,1252000
1252,1000,1253000
1253,1000,1254000
1254,1000,1255000
1255,1000,1256000
1256,1000,1257000
1257,1000,1258000
1258,1000,1259000
1259,1000,1260000
1260,1000,1261000
1261,1000,1262000
1262,1000,1263000
1263,1000,1264000
1264,1000,1265000
1265,1000,1266000
1266,1000,1267000
1267,1000,1268000
1268,1000,1269000
1269,1000,1270000
1270,1000,1271000
1271,1000,1272000
1272,1000,1273000
1273,1000,1274000
1274,1000,1275000
1275,1000,1276000
1276,1000,1277000
1277,1000,1278000
1278,1000,1279000
1279,1000,1280000
1280,1000,1281000
1281,1000,1282000
1282,1000,1283000
1283,1000,1284000
1284,1000,1285000
1285,1000,1286000
1286,1000,1287000
1287,1000,1288000
1288,1000,1289000
1289,1000,1290000
1290,1000,1291000
1291,1000,1292000
1292,1000,1293000
1293,1000,1294000
1294,1000,1295000
1295,1000,1296000
1296,1000,1297000
1297,1000,1298000
1298,1000,1299000
1299,1000,1300000
1300,1000,1301000
1301,1000,1302000
1302,1000,1303000
1303,1000,1304000
1304,1000,1305000
1305,1000,1306000
1306,1000,1307000
1307,1000,1308000
1308,1000,1309000
1309,1000,1310000
1310,1000,1311000
1311,1000,1312000
1312,1000,1313000
1313,1000,1314000
1314,1000,1315000
1315,1000,1316000
1316,1000,1317000
1317,1000,1318000
1318,1000,1319000
1319,1000,1320000
1320,1000,1321000
1321,1000,1322000
1322,1000,1323000
1323,1000,1324000
1324,1000,1325000
1325,1000,1326000
1326,1000,1327000
1327,1000,1328000
1328,1000,1329000
1329,1000,1330000
1330,1000,1331000
1331,1000,1332000
1332,1000,1333000
1333,1000,1334000
1334,1000,1335000
1335,1000,1336000
1336,1000,1337000
1337,1000,1338000
1338,1000,1339000
1339,1000,1340000
1340,1000,1341000
1341,1000,1342000
1342,1000,1343000
1343,1000,1344000
1344,1000,1345000
1345,1000,1346000
1346,1000,1347000
1347,1000,1348000
1348,1000,1349000
1349,1000,1350000
1350,1000,1351000
1351,1000,1352000
1352,1000,1353000
1353,1000,1354000
1354,1000,1355000
1355,1000,1356000
1356,1000,1357000
1357,1000,1358000
1358,1000,1359000
1359,1000,1360000
1360,1000,1361000
1361,1000,1362000
1362,1000,1363000
1363,1000,1364000
1364,1000,1365000
1365,1000,1366000
1366,1000,1367000
1367,1000,1368000
1368,1000,1369000
1369,1000,1370000
1370,1000,1371000
1371,1000,1372000
1372,1000,1373000
1373,1000,1374000
1374,1000,1375000
1375,1000,1376000
1376,1000,1377000
1377,1000,1378000
1378,1000,1379000
1379,1000,1380000
1380,1000,1381000
1381,1000,1382000
1382,1000,1383000
1383,1000,1384000
1384,1000,1385000
1385,1000,1386000
1386,1000,1387000
1387,1000,1388000
1388,1000,1389000
1389,1000,1390000
1390,1000,1391000
1391,1000,1392000
1392,1000,1393000
1393,1000,1394000
1394,1000,1395000
1395,1000,1396000
1396,1000,1397000
1397,1000,1398000
1398,1000,1399000
1399,1000,1400000
1400,1000,1401000
1401,1000,1402000
1402,1000,1403000
1403,1000,1404000
1404,1000,1405000
1405,1000,1406000
1406,1000,1407000
1407,1000,1408000
1408,1000,1409000
1409,1000,1410000
1410,1000,1411000
1411,1000,1412000
1412,1000,1413000
1413,1000,1414000
1414,1000,1415000
1415,1000,1416000
1416,1000,1417000
1417,1000,1418000
1418,1000,1419000
1419,1000,1420000
1420,1000,1421000
1421,1000,1422000
1422,1000,1423000
1423,1000,1424000
1424,1000,1425000
1425,1000,1426000
1426,1000,1427000
1427,1000,1428000
1428,1000,1429000
1429,1000,1430000
1430,1000,1431000
1431,1000,1432000
1432,1000,1433000
1433,1000,1434000
1434,1000,1435000
1435,1000,1436000
1436,1000,1437000
1437,1000,1438000
1438,1000,1439000
1439,1000,1440000
1440,1000,1441000
1441,1000,1442000
1442,1000,1443000
1443,1000,1444000
1444,1000,1445000
1445,1000,1446000
1446,1000,1447000
1447,1000,1448000
1448,1000,1449000
1449,1000,1450000
1450,1000,1451000
1451,1000,1452000
1452,1000,1453000
1453,1000,1454000
1454,1000,1455000
1455,1000,1456000
1456,1000,1457000
1457,1000,1458000
1458,1000,1459000
1459,1000,1460000
1460,1000,1461000
1461,1000,1462000
1462,1000,1463000
1463,1000,1464000
1464,1000,1465000
1465,1000,1466000
1466,1000,1467000
1467,1000,1468000
1468,1000,1469000
1469,1000,1470000
1470,1000,1471000
1471,1000,1472000
1472,1000,1473000
1473,1000,1474000
1474,1000,1475000
1475,1000,1476000
1476,1000,1477000
1477,1000,1478000
1478,1000,1479000
1479,1000,1480000
1480,1000,1481000
1481,1000,1482000
1482,1000,1483000
1483,1000,1484000
1484,1000,1485000
1485,1000,1486000
1486,1000,1487000
1487,1000,1488000
1488,1000,1489000
1489,1000,1490000
1490,1000,1491000
1491,1000,1492000
1492,1000,1493000
1493,1000,1494000
1494,1000,1495000
1495,1000,1496000
1496,1000,1497000
1497,1000,1498000
1498,1000,1499000
1499,1000,1500000
1500,1000,1501000
1501,1000,1502000
1502,1000,1503000
1503,1000,1504000
1504,1000,1505000
1505,1000,1506000
1506,1000,1507000
1507,1000,1508000
1508,1000,1509000
1509,1000,1510000
1510,1000,1511000
1511,1000,1512000
1512,1000,1513000
1513,1000,1514000
1514,1000,1515000
1515,1000,1516000
1516,1000,1517000
1517,1000,1518000
1518,1000,1519000
1519,1000,1520000
1520,1000,1521000
1521,1000,1522000
1522,1000,1523000
1523,1000,1524000
1524,1000,1525000
1525,1000,1526000
1526,1000,1527000
1527,1000,1528000
1528,1000,1529000
1529,1000,1530000
1530,1000,1531000
1531,1000,1532000
1532,1000,1533000
1533,1000,1534000
1534,1000,1535000
1535,1000,1536000
1536,1000,1537000
1537,1000,1538000
1538,1000,1539000
1539,1000,1540000
1540,1000,1541000
1541,1000,1542000
1542,1000,1543000
1543,1000,1544000
1544,1000,1545000
1545,1000,1546000
1546,1000,1547000
1547,1000,1548000
1548,1000,1549000
1549,1000,1550000
1550,1000,1551000
1551,1000,1552000
1552,1000,1553000
1553,1000,1554000
1554,1000,1555000
1555,1000,1556000
1556,1000,1557000
1557,1000,1558000
1558,1000,1559000
1559,1000,1560000
1560,1000,1561000
1561,1000,1562000
1562,1000,1563000
1563,1000,1564000
1564,1000,1565000
1565,1000,1566000
1566,1000,1567000
1567,1000,1568000
1568,1000,1569000
1569,1000,1570000
1570,1000,1571000
1571,1000,1572000
1572,1000,1573000
1573,1000,1574000
1574,1000,1575000
1575,1000,1576000
1576,1000,1577000
1577,1000,1578000
1578,1000,1579000
1579,1000,1580000
1580,1000,1581000
1581,1000,1582000
1582,1000,1583000
1583,1000,1584000
1584,1000,1585000
1585,1000,1586000
1586,1000,1587000
1587,1000,1588000
1588,1000,1589000
1589,1000,1590000
1590,1000,1591000
1591,1000,1592000
1592,1000,1593000
1593,1000,1594000
1594,1000,1595000
1595,1000,1596000
1596,1000,1597000
1597,1000,1598000
1598,1000,1599000
1599,1000,1600000
1600,1000,1601000
1601,1000,1602000
1602,1000,1603000
1603,1000,1604000
1604,1000,1605000
1605,1000,1606000
1606,1000,1607000
1607,1000,1608000
1608,1000,1609000
1609,1000,1610000
1610,1000,1611000
1611,1000,1612000
1612,1000,1613000
1613,1000,1614000
1614,1000,1615000
1615,1000,1616000
1616,1000,1617000
1617,1000,1618000
1618,1000,1619000
1619,1000,1620000
1620,1000,1621000
1621,1000,1622000
1622,1000,1623000
1623,1000,1624000
1624,1000,1625000
1625,1000,1626000
1626,1000,1627000
1627,1000,1628000
1628,1000,1629000
1629,1000,1630000
1630,1000,1631000
1631,1000,1632000
1632,1000,1633000
1633,1000,1634000
1634,1000,1635000
1635,1000,1636000
1636,1000,1637000
1637,1000,1638000
1638,1000,1639000
1639,1000,1640000
1640,1000,1641000
1641,1000,1642000
1642,1000,1643000
1643,1000,1644000
1644,1000,1645000
1645,1000,1646000
1646,1000,1647000
1647,1000,1648000
1648,1000,1649000
1649,1000,1650000
1650,1000,1651000
1651,1000,1652000
1652,1000,1653000
1653,1000,1654000
1654,1000,1655000
1655,1000,1656000
1656,1000,1657000
1657,1000,1658000
1658,1000,1659000
1659,1000,1660000
1660,1000,1661000
1661,1000,1662000
1662,1000,1663000
1663,1000,1664000
1664,1000,1665000
1665,1000,1666000
1666,1000,1667000
1667,1000,1668000
1668,1000,1669000
1669,1000,1670000
1670,1000,1671000
1671,1000,1672000
1672,1000,1673000
1673,1000,1674000
1674,1000,1675000
1675,1000,1676000
1676,1000,1677000
1677,1000,1678000
1678,1000,1679000
1679,1000,1680000
1680,1000,1681000
1681,1000,1682000
1682,1000,1683000
1683,1000,1684000
1684,1000,1685000
1685,1000,1686000
1686,1000,1687000
1687,1000,1688000
1688,1000,1689000
1689,1000,1690000
1690,1000,1691000
1691,1000,1692000
1692,1000,1693000
1693,1000,1694000
1694,1000,1695000
1695,1000,1696000
1696,1000,1697000
1697,1000,1698000
1698,1000,1699000
1699,1000,1700000
1700,1000,1701000
1701,1000,1702000
1702,1000,1703000
1703,1000,1704000
1704,1000,1705000
1705,1000,1706000
1706,1000,1707000
1707,1000,1708000
1708,1000,1709000
1709,1000,1710000
1710,1000,1711000
1711,1000,1712000
1712,1000,1713000
1713,1000,1714000
1714,1000,1715000
1715,1000,1716000
1716,1000,1717000
1717,1000,1718000
1718,1000,1719000
1719,1000,1720000
1720,1000,1721000
1721,1000,1722000
1722,1000,1723000
1723,1000,1724000
1724,1000,1725000
1725,1000,1726000
1726,1000,1727000
1727,1000,1728000
1728,1000,1729000
1729,1000,1730000
1730,1000,1731000
1731,1000,1732000
1732,1000,1733000
1733,1000,1734000
1734,1000,1735000
1735,1000,1736000
1736,1000,1737000
1737,1000,1738000
1738,1000,1739000
1739,1000,1740000
1740,1000,1741000
1741,1000,1742000
1742,1000,1743000
1743,1000,1744000
1744,1000,1745000
1745,1000,1746000
1746,1000,1747000
1747,1000,1748000
1748,1000,1749000
1749,1000,1750000
1750,1000,1751000
1751,1000,1752000
1752,1000,1753000
1753,1000,1754000
1754,1000,1755000
1755,1000,1756000
1756,1000,1757000
1757,1000,1758000
1758,1000,1759000
1759,1000,1760000
1760,1000,1761000
1761,1000,1762000
1762,1000,1763000
1763,1000,1764000
1764,1000,1765000
1765,1000,1766000
1766,1000,1767000
1767,1000,1768000
1768,1000,1769000
1769,1000,1770000
1770,1000,1771000
1771,1000,1772000
1772,1000,1773000
1773,1000,1774000
1774,1000,1775000
1775,1000,1776000
1776,1000,1777000
1777,1000,1778000
1778,1000,1779000
1779,1000,1780000
1780,1000,1781000
1781,1000,1782000
1782,1000,1783000
1783,1000,1784000
1784,1000,1785000
1785,1000,1786000
1786,1000,1787000
1787,1000,1788000
1788,1000,1789000
1789,1000,1790000
1790,1000,1791000
1791,1000,1792000
1792,1000,1793000
1793,1000,1794000
1794,1000,1795000
1795,1000,1796000
1796,1000,1797000
1797,1000,1798000
1798,1000,1799000
1799,1000,1800000
1800,1000,1801000
1801,1000,1802000
1802,1000,1803000
1803,1000,1804000
1804,1000,1805000
1805,1000,1806000
1806,1000,1807000
1807,1000,1808000
1808,1000,1809000
1809,1000,1810000
1810,1000,1811000
1811,1000,1812000
1812,1000,1813000
1813,1000,1814000
1814,1000,1815000
1815,1000,1816000
1816,1000,1817000
1817,1000,1818000
1818,1000,1819000
1819,1000,1820000
1820,1000,1821000
1821,1000,1822000
1822,1000,1823000
1823,1000,1824000
1824,1000,1825000
1825,1000,1826000
1826,1000,1827000
1827,1000,1828000
1828,1000,1829000
1829,1000,1830000
1830,1000,1831000
1831,1000,1832000
1832,1000,1833000
1833,1000,1834000
1834,1000,1835000
1835,1000,1836000
1836,1000,1837000
1837,1000,1838000
1838,1000,1839000
1839,1000,1840000
1840,1000,1841000
1841,1000,1842000
1842,1000,1843000
1843,1000,1844000
1844,1000,1845000
1845,1000,1846000
1846,1000,1847000
1847,1000,1848000
1848,1000,1849000
1849,1000,1850000
1850,1000,1851000
1851,1000,1852000
1852,1000,1853000
1853,1000,1854000
1854,1000,1855000
1855,1000,1856000
1856,1000,1857000
1857,1000,1858000
1858,1000,1859000
1859,1000,1860000
1860,1000,1861000
1861,1000,1862000
1862,1000,1863000
1863,1000,1864000
1864,1000,1865000
1865,1000,1866000
1866,1000,1867000
1867,1000,1868000
1868,1000,1869000
1869,1000,1870000
1870,1000,1871000
1871,1000,1872000
1872,1000,1873000
1873,1000,1874000
1874,1000,1875000
1875,1000,1876000
1876,1000,1877000
1877,1000,1878000
1878,1000,1879000
1879,1000,1880000
1880,1000,1881000
1881,1000,1882000
1882,1000,1883000
1883,1000,1884000
1884,1000,1885000
1885,1000,1886000
1886,1000,1887000
1887,1000,1888000
1888,1000,1889000
1889,1000,1890000
1890,1000,1891000
1891,1000,1892000
1892,1000,1893000
1893,1000,1894000
1894,1000,1895000
1895,1000,1896000
1896,1000,1897000
1897,1000,1898000
1898,1000,1899000
1899,1000,1900000
1900,1000,1901000
1901,1000,1902000
1902,1000,1903000
1903,1000,1904000
1904,1000,1905000
1905,1000,1906000
1906,1000,1907000
1907,1000,1908000
1908,1000,1909000
1909,1000,1910000
1910,1000,1911000
1911,1000,1912000
1912,1000,1913000
1913,1000,1914000
1914,1000,1915000
1915,1000,1916000
1916,1000,1917000
1917,1000,1918000
1918,1000,1919000
1919,1000,1920000
1920,1000,1921000
1921,1000,1922000
1922,1000,1923000
1923,1000,1924000
1924,1000,1925000
1925,1000,1926000
1926,1000,1927000
1927,1000,1928000
1928,1000,1929000
1929,1000,1930000
1930,1000,1931000
1931,1000,1932000
1932,1000,1933000
1933,1000,1934000
1934,1000,1935000
1935,1000,1936000
1936,1000,1937000
1937,1000,1938000
1938,1000,1939000
1939,1000,1940000
1940,1000,1941000
1941,1000,1942000
1942,1000,1943000
1943,1000,1944000
1944,1000,1945000
1945,1000,1946000
1946,1000,1947000
1947,1000,1948000
1948,1000,1949000
1949,1000,1950000
1950,1000,1951000
1951,1000,1952000
1952,1000,1953000
1953,1000,1954000
1954,1000,1955000
1955,1000,1956000
1956,1000,1957000
1957,1000,1958000
1958,1000,1959000
1959,1000,1960000
1960,1000,1961000
1961,1000,1962000
1962,1000,1963000
1963,1000,1964000
1964,1000,1965000
1965,1000,1966000
1966,1000,1967000
1967,1000,1968000
1968,1000,1969000
1969,1000,1970000
1970,1000,1971000
1971,1000,1972000
1972,1000,1973000
1973,1000,1974000
1974,1000,1975000
1975,1000,1976000
1976,1000,1977000
1977,1000,1978000
1978,1000,1979000
1979,1000,1980000
1980,1000,1981000
1981,1000,1982000
1982,1000,1983000
1983,1000,1984000
1984,1000,1985000
1985,1000,1986000
1986,1000,1987000
1987,1000,1988000
1988,1000,1989000
1989,1000,1990000
1990,1000,1991000
1991,1000,1992000
1992,1000,1993000
1993,1000,1994000
1994,1000,1995000
1995,1000,1996000
1996,1000,1997000
1997,1000,1998000
1998,1000,1999000
1999,1000,2000000
2000,1000,2001000
2001,1000,2002000
2002,1000,2003000
2003,1000,2004000
2004,1000,2005000
2005,1000,2006000
2006,1000,2007000
2007,1000,2008000
2008,1000,2009000
2009,1000,2010000
2010,1000,2011000
2011,1000,2012000
2012,1000,2013000
2013,1000,2014000
2014,1000,2015000
2015,1000,2016000
2016,1000,2017000
2017,1000,2018000
2018,1000,2019000
2019,1000,2020000
2020,1000,2021000
2021,1000,2022000
2022,1000,2023000
2023,1000,2024000
2024,1000,2025000
2025,1000,2026000
2026,1000,2027000
2027,1000,2028000
2028,1000,2029000
2029,1000,2030000
2030,1000,2031000
2031,1000,2032000
2032,1000,2033000
2033,1000,2034000
2034,1000,2035000
2035,1000,2036000
2036,1000,2037000
2037,1000,2038000
2038,1000,2039000
2039,1000,2040000
2040,1000,2041000
2041,1000,2042000
2042,1000,2043000
2043,1000,2044000
2044,1000,2045000
2045,1000,2046000
2046,1000,2047000
2047,1000,2048000
2048,1000,2049000
2049,1000,2050000
2050,1000,2051000
2051,1000,2052000
2052,1000,2053000
2053,1000,2054000
2054,1000,2055000
2055,1000,2056000
2056,1000,2057000
2057,1000,2058000
2058,1000,2059000
2059,1000,2060000
2060,1000,2061000
2061,1000,2062000
2062,1000,2063000
2063,1000,2064000
2064,1000,2065000
2065,1000,2066000
2066,1000,2067000
2067,1000,2068000
2068,1000,2069000
2069,1000,2070000
2070,1000,2071000
2071,1000,2072000
2072,1000,2073000
2073,1000,2074000
2074,1000,2075000
2075,1000,2076000
2076,1000,2077000
2077,1000,2078000
2078,1000,2079000
2079,1000,2080000
2080,1000,2081000
2081,1000,2082000
2082,1000,2083000
2083,1000,2084000
2084,1000,2085000
2085,1000,2086000
2086,1000,2087000
2087,1000,2088000
2088,1000,2089000
2089,1000,2090000
2090,1000,2091000
2091,1000,2092000
2092,1000,2093000
2093,1000,2094000
2094,1000,2095000
2095,1000,2096000
2096,1000,2097000
2097,1000,2098000
2098,1000,2099000
2099,1000,2100000
2100,1000,2101000
2101,1000,2102000
2102,1000,2103000
2103,1000,2104000
2104,1000,2105000
2105,1000,2106000
2106,1000,2107000
2107,1000,2108000
2108,1000,2109000
2109,1000,2110000
2110,1000,2111000
2111,1000,2112000
2112,1000,2113000
2113,1000,2114000
2114,1000,2115000
2115,1000,2116000
2116,1000,2117000
2117,1000,2118000
2118,1000,2119000
2119,1000,2120000
2120,1000,2121000
2121,1000,2122000
2122,1000,2123000
2123,1000,2124000
2124,1000,2125000
2125,1000,2126000
2126,1000,2127000
2127,1000,2128000
2128,1000,2129000
2129,1000,2130000
2130,1000,2131000
2131,1000,2132000
2132,1000,2133000
2133,1000,2134000
2134,1000,2135000
2135,1000,2136000
2136,1000,2137000
2137,1000,2138000
2138,1000,2139000
2139,1000,2140000
2140,1000,2141000
2141,1000,2142000
2142,1000,2143000
2143,1000,2144000
2144,1000,2145000
2145,1000,2146000
2146,1000,2147000
2147,1000,2148000
2148,1000,2149000
2149,1000,2150000
2150,1000,2151000
2151,1000,2152000
2152,1000,2153000
2153,1000,2154000
2154,1000,2155000
2155,1000,2156000
2156,1000,2157000
2157,1000,2158000
2158,1000,2159000
2159,1000,2160000
2160,1000,2161000
2161,1000,2162000
2162,1000,2163000
2163,1000,2164000
2164,1000,2165000
2165,1000,2166000
2166,1000,2167000
2167,1000,2168000
2168,1000,2169000
2169,1000,2170000
2170,1000,2171000
2171,1000,2172000
2172,1000,2173000
2173,1000,2174000
2174,1000,2175000
2175,1000,2176000
2176,1000,2177000
2177,1000,2178000
2178,1000,2179000
2179,1000,2180000
2180,1000,2181000
2181,1000,2182000
2182,1000,2183000
2183,1000,2184000
2184,1000,2185000
2185,1000,2186000
2186,1000,2187000
2187,1000,2188000
2188,1000,2189000
2189,1000,2190000
2190,1000,2191000
2191,1000,2192000
2192,1000,2193000
2193,1000,2194000
2194,1000,2195000
2195,1000,2196000
2196,1000,2197000
2197,1000,2198000
2198,1000,2199000
2199,1000,2200000
2200,1000,2201000
2201,1000,2202000
2202,1000,2203000
2203,1000,2204000
2204,1000,2205000
2205,1000,2206000
2206,1000,2207000
2207,1000,2208000
2208,1000,2209000
2209,1000,2210000
2210,1000,2211000
2211,1000,2212000
2212,1000,2213000
2213,1000,2214000
2214,1000,2215000
2215,1000,2216000
2216,1000,2217000
2217,1000,2218000
2218,1000,2219000
2219,1000,2220000
2220,1000,2221000
2221,1000,2222000
2222,1000,2223000
2223,1000,2224000
2224,1000,2225000
2225,1000,2226000
2226,1000,2227000
2227,1000,2228000
2228,1000,2229000
2229,1000,2230000
2230,1000,2231000
2231,1000,2232000
2232,1000,2233000
2233,1000,2234000
2234,1000,2235000
2235,1000,2236000
2236,1000,2237000
2237,1000,2238000
2238,1000,2239000
2239,1000,2240000
2240,1000,2241000
2241,1000,2242000
2242,1000,2243000
2243,1000,2244000
2244,1000,2245000
2245,1000,2246000
2246,1000,2247000
2247,1000,2248000
2248,1000,2249000
2249,1000,2250000
2250,1000,2251000
2251,1000,2252000
2252,1000,2253000
2253,1000,2254000
2254,1000,2255000
2255,1000,2256000
2256,1000,2257000
2257,1000,2258000
2258,1000,2259000
2259,1000,2260000
2260,1000,2261000
2261,1000,2262000
2262,1000,2263000
2263,1000,2264000
2264,1000,2265000
2265,1000,2266000
2266,1000,2267000
2267,1000,2268000
2268,1000,2269000
2269,1000,2270000
2270,1000,2271000
2271,1000,2272000
2272,1000,2273000
2273,1000,2274000
2274,1000,2275000
2275,1000,2276000
2276,1000,2277000
2277,1000,2278000
2278,1000,2279000
2279,1000,2280000
2280,1000,2281000
2281,1000,2282000
2282,1000,2283000
2283,1000,2284000
2284,1000,2285000
2285,1000,2286000
2286,1000,2287000
2287,1000,2288000
2288,1000,2289000
2289,1000,2290000
2290,1000,2291000
2291,1000,2292000
2292,1000,2293000
2293,1000,2294000
2294,1000,2295000
2295,1000,2296000
2296,1000,2297000
2297,1000,2298000
2298,1000,2299000
2299,1000,2300000
2300,1000,2301000
2301,1000,2302000
2302,1000,2303000
2303,1000,2304000
2304,1000,2305000
2305,1000,2306000
2306,1000,2307000
2307,1000,2308000
2308,1000,2309000
2309,1000,2310000
2310,1000,2311000
2311,1000,2312000
2312,1000,2313000
2313,1000,2314000
2314,1000,2315000
2315,1000,2316000
2316,1000,2317000
2317,1000,2318000
2318,1000,2319000
2319,1000,2320000
2320,1000,2321000
2321,1000,2322000
2322,1000,2323000
2323,1000,2324000
2324,1000,2325000
2325,1000,2326000
2326,1000,2327000
2327,1000,2328000
2328,1000,2329000
2329,1000,2330000
2330,1000,2331000
2331,1000,2332000
2332,1000,2333000
2333,1000,2334000
2334,1000,2335000
2335,1000,2336000
2336,1000,2337000
2337,1000,2338000
2338,1000,2339000
2339,1000,2340000
2340,1000,2341000
2341,1000,2342000
2342,1000,2343000
2343,1000,2344000
2344,1000,2345000
2345,1000,2346000
2346,1000,2347000
2347,1000,2348000
2348,1000,2349000
2349,1000,2350000
2350,1000,2351000
2351,1000,2352000
2352,1000,2353000
2353,1000,2354000
2354,1000,2355000
2355,1000,2356000
2356,1000,2357000
2357,1000,2358000
2358,1000,2359000
2359,1000,2360000
2360,1000,2361000
2361,1000,2362000
2362,1000,2363000
2363,1000,2364000
2364,1000,2365000
2365,1000,2366000
2366,1000,2367000
2367,1000,2368000
2368,1000,2369000
2369,1000,2370000
2370,1000,2371000
2371,1000,2372000
2372,1000,2373000
2373,1000,2374000
2374,1000,2375000
2375,1000,2376000
2376,1000,2377000
2377,1000,2378000
2378,1000,2379000
2379,1000,2380000
2380,1000,2381000
2381,1000,2382000
2382,1000,2383000
2383,1000,2384000
2384,1000,2385000
2385,1000,2386000
2386,1000,2387000
2387,1000,2388000
2388,1000,2389000
2389,1000,2390000
2390,1000,2391000
2391,1000,2392000
2392,1000,2393000
2393,1000,2394000
2394,1000,2395000
2395,1000,2396000
2396,1000,2397000
2397,1000,2398000
2398,1000,2399000
2399,1000,2400000
2400,1000,2401000
2401,1000,2402000
2402,1000,2403000
2403,1000,2404000
2404,1000,2405000
2405,1000,2406000
2406,1000,2407000
2407,1000,2408000
2408,1000,2409000
2409,1000,2410000
2410,1000,2411000
2411,1000,2412000
2412,1000,2413000
2413,1000,2414000
2414,1000,2415000
2415,1000,2416000
2416,1000,2417000
2417,1000,2418000
2418,1000,2419000
2419,1000,2420000
2420,1000,2421000
2421,1000,2422000
2422,1000,2423000
2423,1000,2424000
2424,1000,2425000
2425,1000,2426000
2426,1000,2427000
2427,1000,2428000
2428,1000,2429000
2429,1000,2430000
2430,1000,2431000
2431,1000,2432000
2432,1000,2433000
2433,1000,2434000
2434,1000,2435000
2435,1000,2436000
2436,1000,2437000
2437,1000,2438000
2438,1000,2439000
2439,1000,2440000
2440,1000,2441000
2441,1000,2442000
2442,1000,2443000
2443,1000,2444000
2444,1000,2445000
2445,1000,2446000
2446,1000,2447000
2447,1000,2448000
2448,1000,2449000
2449,1000,2450000
2450,1000,2451000
2451,1000,2452000
2452,1000,2453000
2453,1000,2454000
2454,1000,2455000
2455,1000,2456000
2456,1000,2457000
2457,1000,2458000
2458,1000,2459000
2459,1000,2460000
2460,1000,2461000
2461,1000,2462000
2462,1000,2463000
2463,1000,2464000
2464,1000,2465000
2465,1000,2466000
2466,1000,2467000
2467,1000,2468000
2468,1000,2469000
2469,1000,2470000
2470,1000,2471000
2471,1000,2472000
2472,1000,2473000
2473,1000,2474000
2474,1000,2475000
2475,1000,2476000
2476,1000,2477000
2477,1000,2478000
2478,1000,2479000
2479,1000,2480000
2480,1000,2481000
2481,1000,2482000
2482,1000,2483000
2483,1000,2484000
2484,1000,2485000
2485,1000,2486000
2486,1000,2487000
2487,1000,2488000
2488,1000,2489000
2489,1000,2490000
2490,1000,2491000
2491,1000,2492000
2492,1000,2493000
2493,1000,2494000
2494,1000,2495000
2495,1000,2496000
2496,1000,2497000
2497,1000,2498000
2498,1000,2499000
2499,1000,2500000
2500,1000,2501000
2501,1000,2502000
2502,1000,2503000
2503,1000,2504000
2504,1000,2505000
2505,1000,2506000
2506,1000,2507000
2507,1000,2508000
2508,1000,2509000
2509,1000,2510000
2510,1000,2511000
2511,1000,2512000
2512,1000,2513000
2513,1000,2514000
2514,1000,2515000
2515,1000,2516000
2516,1000,2517000
2517,1000,2518000
2518,1000,2519000
2519,1000,2520000
2520,1000,2521000
2521,1000,2522000
2522,1000,2523000
2523,1000,2524000
2524,1000,2525000
2525,1000,2526000
2526,1000,2527000
2527,1000,2528000
2528,1000,2529000
2529,1000,2530000
2530,1000,2531000
2531,1000,2532000
2532,1000,2533000
2533,1000,2534000
2534,1000,2535000
2535,1000,2536000
2536,1000,2537000
2537,1000,2538000
2538,1000,2539000
2539,1000,2540000
2540,1000,2541000
2541,1000,2542000
2542,1000,2543000
2543,1000,2544000
2544,1000,2545000
2545,1000,2546000
2546,1000,2547000
2547,1000,2548000
2548,1000,2549000
2549,1000,2550000
2550,1000,2551000
2551,1000,2552000
2552,1000,2553000
2553,1000,2554000
2554,1000,2555000
2555,1000,2556000
2556,1000,2557000
2557,1000,2558000
2558,1000,2559000
2559,1000,2560000
2560,1000,2561000
2561,1000,2562000
2562,1000,2563000
2563,1000,2564000
2564,1000,2565000
2565,1000,2566000
2566,1000,2567000
2567,1000,2568000
2568,1000,2569000
2569,1000,2570000
2570,1000,2571000
2571,1000,2572000
2572,1000,2573000
2573,1000,2574000
2574,1000,2575000
2575,1000,2576000
2576,1000,2577000
2577,1000,2578000
2578,1000,2579000
2579,1000,2580000
2580,1000,2581000
2581,1000,2582000
2582,1000,2583000
2583,1000,2584000
2584,1000,2585000
2585,1000,2586000
2586,1000,2587000
2587,1000,2588000
2588,1000,2589000
2589,1000,2590000
2590,1000,2591000
2591,1000,2592000
2592,1000,2593000
2593,1000,2594000
2594,1000,2595000
2595,1000,2596000
2596,1000,2597000
2597,1000,2598000
2598,1000,2599000
2599,1000,2600000
2600,1000,2601000
2601,1000,2602000
2602,1000,2603000
2603,1000,2604000
2604,1000,2605000
2605,1000,2606000
2606,1000,2607000
2607,1000,2608000
2608,1000,2609000
2609,1000,2610000
2610,1000,2611000
2611,1000,2612000
2612,1000,2613000
2613,1000,2614000
2614,1000,2615000
2615,1000,2616000
2616,1000,2617000
2617,1000,2618000
2618,1000,2619000
2619,1000,2620000
2620,1000,2621000
2621,1000,2622000
2622,1000,2623000
2623,1000,2624000
2624,1000,2625000
2625,1000,2626000
2626,1000,2627000
2627,1000,2628000
2628,1000,2629000
2629,1000,2630000
2630,1000,2631000
2631,1000,2632000
2632,1000,2633000
2633,1000,2634000
2634,1000,2635000
2635,1000,2636000
2636,1000,2637000
2637,1000,2638000
2638,1000,2639000
2639,1000,2640000
2640,1000,2641000
2641,1000,2642000
2642,1000,2643000
2643,1000,2644000
2644,1000,2645000
2645,1000,2646000
2646,1000,2647000
2647,1000,2648000
2648,1000,2649000
2649,1000,2650000
2650,1000,2651000
2651,1000,2652000
2652,1000,2653000
2653,1000,2654000
2654,1000,2655000
2655,1000,2656000
2656,1000,2657000
2657,1000,2658000
2658,1000,2659000
2659,1000,2660000
2660,1000,2661000
2661,1000,2662000
2662,1000,2663000
2663,1000,2664000
2664,1000,2665000
2665,1000,2666000
2666,1000,2667000
2667,1000,2668000
2668,1000,2669000
2669,1000,2670000
2670,1000,2671000
2671,1000,2672000
2672,1000,2673000
2673,1000,2674000
2674,1000,2675000
2675,1000,2676000
2676,1000,2677000
2677,1000,2678000
2678,1000,2679000
2679,1000,2680000
2680,1000,2681000
2681,1000,2682000
2682,1000,2683000
2683,1000,2684000
2684,1000,2685000
2685,1000,2686000
2686,1000,2687000
2687,1000,2688000
2688,1000,2689000
2689,1000,2690000
2690,1000,2691000
2691,1000,2692000
2692,1000,2693000
2693,1000,2694000
2694,1000,2695000
2695,1000,2696000
2696,1000,2697000
2697,1000,2698000
2698,1000,2699000
2699,1000,2700000
2700,1000,2701000
2701,1000,2702000
2702,1000,2703000
2703,1000,2704000
2704,1000,2705000
2705,1000,2706000
2706,1000,2707000
2707,1000,2708000
2708,1000,2709000
2709,1000,2710000
2710,1000,2711000
2711,1000,2712000
2712,1000,2713000
2713,1000,2714000
2714,1000,2715000
2715,1000,2716000
2716,1000,2717000
2717,1000,2718000
2718,1000,2719000
2719,1000,2720000
2720,1000,2721000
2721,1000,2722000
2722,1000,2723000
2723,1000,2724000
2724,1000,2725000
2725,1000,2726000
2726,1000,2727000
2727,1000,2728000
2728,1000,2729000
2729,1000,2730000
2730,1000,2731000
2731,1000,2732000
2732,1000,2733000
2733,1000,2734000
2734,1000,2735000
2735,1000,2736000
2736,1000,2737000
2737,1000,2738000
2738,1000,2739000
2739,1000,2740000
2740,1000,2741000
2741,1000,2742000
2742,1000,2743000
2743,1000,2744000
2744,1000,2745000
2745,1000,2746000
2746,1000,2747000
2747,1000,2748000
2748,1000,2749000
2749,1000,2750000
2750,1000,2751000
2751,1000,2752000
2752,1000,2753000
2753,1000,2754000
2754,1000,2755000
2755,1000,2756000
2756,1000,2757000
2757,1000,2758000
2758,1000,2759000
2759,1000,2760000
2760,1000,2761000
2761,1000,2762000
2762,1000,2763000
2763,1000,2764000
2764,1000,2765000
2765,1000,2766000
2766,1000,2767000
2767,1000,2768000
2768,1000,2769000
2769,1000,2770000
2770,1000,2771000
2771,1000,2772000
2772,1000,2773000
2773,1000,2774000
2774,1000,2775000
2775,1000,2776000
2776,1000,2777000
2777,1000,2778000
2778,1000,2779000
2779,1000,2780000
2780,1000,2781000
2781,1000,2782000
2782,1000,2783000
2783,1000,2784000
2784,1000,2785000
2785,1000,2786000
2786,1000,2787000
2787,1000,2788000
2788,1000,2789000
2789,1000,2790000
2790,1000,2791000
2791,1000,2792000
2792,1000,2793000
2793,1000,2794000
2794,1000,2795000
2795,1000,2796000
2796,1000,2797000
2797,1000,2798000
2798,1000,2799000
2799,1000,2800000
2800,1000,2801000
2801,1000,2802000
2802,1000,2803000
2803,1000,2804000
2804,1000,2805000
2805,1000,2806000
2806,1000,2807000
2807,1000,2808000
2808,1000,2809000
2809,1000,2810000
2810,1000,2811000
2811,1000,2812000
2812,1000,2813000
2813,1000,2814000
2814,1000,2815000
2815,1000,2816000
2816,1000,2817000
2817,1000,2818000
2818,1000,2819000
2819,1000,2820000
2820,1000,2821000
2821,1000,2822000
2822,1000,2823000
2823,1000,2824000
2824,1000,2825000
2825,1000,2826000
2826,1000,2827000
2827,1000,2828000
2828,1000,2829000
2829,1000,2830000
2830,1000,2831000
2831,1000,2832000
2832,1000,2833000
2833,1000,2834000
2834,1000,2835000
2835,1000,2836000
2836,1000,2837000
2837,1000,2838000
2838,1000,2839000
2839,1000,2840000
2840,1000,2841000
2841,1000,2842000
2842,1000,2843000
2843,1000,2844000
2844,1000,2845000
2845,1000,2846000
2846,1000,2847000
2847,1000,2848000
2848,1000,2849000
2849,1000,2850000
2850,1000,2851000
2851,1000,2852000
2852,1000,2853000
2853,1000,2854000
2854,1000,2855000
2855,1000,2856000
2856,1000,2857000
2857,1000,2858000
2858,1000,2859000
2859,1000,2860000
2860,1000,2861000
2861,1000,2862000
2862,1000,2863000
2863,1000,2864000
2864,1000,2865000
2865,1000,2866000
2866,1000,2867000
2867,1000,2868000
2868,1000,2869000
2869,1000,2870000
2870,1000,2871000
2871,1000,2872000
2872,1000,2873000
2873,1000,2874000
2874,1000,2875000
2875,1000,2876000
2876,1000,2877000
2877,1000,2878000
2878,1000,2879000
2879,1000,2880000
2880,1000,2881000
2881,1000,2882000
2882,1000,2883000
2883,1000,2884000
2884,1000,2885000
2885,1000,2886000
2886,1000,2887000
2887,1000,2888000
2888,1000,2889000
2889,1000,2890000
2890,1000,2891000
2891,1000,2892000
2892,1000,2893000
2893,1000,2894000
2894,1000,2895000
2895,1000,2896000
2896,1000,2897000
2897,1000,2898000
2898,1000,2899000
2899,1000,2900000
2900,1000,2901000
2901,1000,2902000
2902,1000,2903000
2903,1000,2904000
2904,1000,2905000
2905,1000,2906000
2906,1000,2907000
2907,1000,2908000
2908,1000,2909000
2909,1000,2910000
2910,1000,2911000
2911,1000,2912000
2912,1000,2913000
2913,1000,2914000
2914,1000,2915000
2915,1000,2916000
2916,1000,2917000
2917,1000,2918000
2918,1000,2919000
2919,1000,2920000
2920,1000,2921000
2921,1000,2922000
2922,1000,2923000
2923,1000,2924000
2924,1000,2925000
2925,1000,2926000
2926,1000,2927000
2927,1000,2928000
2928,1000,2929000
2929,1000,2930000
2930,1000,2931000
2931,1000,2932000
2932,1000,2933000
2933,1000,2934000
2934,1000,2935000
2935,1000,2936000
2936,1000,2937000
2937,1000,2938000
2938,1000,2939000
2939,1000,2940000
2940,1000,2941000
2941,1000,2942000
2942,1000,2943000
2943,1000,2944000
2944,1000,2945000
2945,1000,2946000
2946,1000,2947000
2947,1000,2948000
2948,1000,2949000
2949,1000,2950000
2950,1000,2951000
2951,1000,2952000
2952,1000,2953000
2953,1000,2954000
2954,1000,2955000
2955,1000,2956000
2956,1000,2957000
2957,1000,2958000
2958,1000,2959000
2959,1000,2960000
2960,1000,2961000
2961,1000,2962000
2962,1000,2963000
2963,1000,2964000
2964,1000,2965000
2965,1000,2966000
2966,1000,2967000
2967,1000,2968000
2968,1000,2969000
2969,1000,2970000
2970,1000,2971000
2971,1000,2972000
2972,1000,2973000
2973,1000,2974000
2974,1000,2975000
2975,1000,2976000
2976,1000,2977000
2977,1000,2978000
2978,1000,2979000
2979,1000,2980000
2980,1000,2981000
2981,1000,2982000
2982,1000,2983000
2983,1000,2984000
2984,1000,2985000
2985,1000,2986000
2986,1000,2987000
2987,1000,2988000
2988,1000,2989000
2989,1000,2990000
2990,1000,2991000
2991,1000,2992000
2992,1000,2993000
2993,1000,2994000
2994,1000,2995000
2995,1000,2996000
2996,1000,2997000
2997,1000,2998000
2998,1000,2999000
2999,1000,3000000
3000,1000,3001000
3001,1000,3002000
3002,1000,3003000
3003,1000,3004000
3004,1000,3005000
3005,1000,3006000
3006,1000,3007000
3007,1000,3008000
3008,1000,3009000
3009,1000,3010000
3010,1000,3011000
3011,1000,3012000
3012,1000,3013000
3013,1000,3014000
3014,1000,3015000
3015,1000,3016000
3016,1000,3017000
3017,1000,3018000
3018,1000,3019000
3019,1000,3020000
3020,1000,3021000
3021,1000,3022000
3022,1000,3023000
3023,1000,3024000
3024,1000,3025000
3025,1000,3026000
3026,1000,3027000
3027,1000,3028000
3028,1000,3029000
3029,1000,3030000
3030,1000,3031000
3031,1000,3032000
3032,1000,3033000
3033,1000,3034000
3034,1000,3035000
3035,1000,3036000
3036,1000,3037000
3037,1000,3038000
3038,1000,3039000
3039,1000,3040000
3040,1000,3041000
3041,1000,3042000
3042,1000,3043000
3043,1000,3044000
3044,1000,3045000
3045,1000,3046000
3046,1000,3047000
3047,1000,3048000
3048,1000,3049000
3049,1000,3050000
3050,1000,3051000
3051,1000,3052000
3052,1000,3053000
3053,1000,3054000
3054,1000,3055000
3055,1000,3056000
3056,1000,3057000
3057,1000,3058000
3058,1000,3059000
3059,1000,3060000
3060,1000,3061000
3061,1000,3062000
3062,1000,3063000
3063,1000,3064000
3064,1000,3065000
3065,1000,3066000
3066,1000,3067000
3067,1000,3068000
3068,1000,3069000
3069,1000,3070000
3070,1000,3071000
3071,1000,3072000
3072,1000,3073000
3073,1000,3074000
3074,1000,3075000
3075,1000,3076000
3076,1000,3077000
3077,1000,3078000
3078,1000,3079000
3079,1000,3080000
3080,1000,3081000
3081,1000,3082000
3082,1000,3083000
3083,1000,3084000
3084,1000,3085000
3085,1000,3086000
3086,1000,3087000
3087,1000,3088000
3088,1000,3089000
3089,1000,3090000
3090,1000,3091000
3091,1000,3092000
3092,1000,3093000
3093,1000,3094000
3094,1000,3095000
3095,1000,3096000
3096,1000,3097000
3097,1000,3098000
3098,1000,3099000
3099,1000,3100000
3100,1000,3101000
3101,1000,3102000
3102,1000,3103000
3103,1000,3104000
3104,1000,3105000
3105,1000,3106000
3106,1000,3107000
3107,1000,3108000
3108,1000,3109000
3109,1000,3110000
3110,1000,3111000
3111,1000,3112000
3112,1000,3113000
3113,1000,3114000
3114,1000,3115000
3115,1000,3116000
3116,1000,3117000
3117,1000,3118000
3118,1000,3119000
3119,1000,3120000
3120,1000,3121000
3121,1000,3122000
3122,1000,3123000
3123,1000,3124000
3124,1000,3125000
3125,1000,3126000
3126,1000,3127000
3127,1000,3128000
3128,1000,3129000
3129,1000,3130000
3130,1000,3131000
3131,1000,3132000
3132,1000,3133000
3133,1000,3134000
3134,1000,3135000
3135,1000,3136000
3136,1000,3137000
3137,1000,3138000
3138,1000,3139000
3139,1000,3140000
3140,1000,3141000
3141,1000,3142000
3142,1000,3143000
3143,1000,3144000
3144,1000,3145000
3145,1000,3146000
3146,1000,3147000
3147,1000,3148000
3148,1000,3149000
3149,1000,3150000
3150,1000,3151000
3151,1000,3152000
3152,1000,3153000
3153,1000,3154000
3154,1000,3155000
3155,1000,3156000
3156,1000,3157000
3157,1000,3158000
3158,1000,3159000
3159,1000,3160000
3160,1000,3161000
3161,1000,3162000
3162,1000,3163000
3163,1000,3164000
3164,1000,3165000
3165,1000,3166000
3166,1000,3167000
3167,1000,3168000
3168,1000,3169000
3169,1000,3170000
3170,1000,3171000
3171,1000,3172000
3172,1000,3173000
3173,1000,3174000
3174,1000,3175000
3175,1000,3176000
3176,1000,3177000
3177,1000,3178000
3178,1000,3179000
3179,1000,3180000
3180,1000,3181000
3181,1000,3182000
3182,1000,3183000
3183,1000,3184000
3184,1000,3185000
3185,1000,3186000
3186,1000,3187000
3187,1000,3188000
3188,1000,3189000
3189,1000,3190000
3190,1000,3191000
3191,1000,3192000
3192,1000,3193000
3193,1000,3194000
3194,1000,3195000
3195,1000,3196000
3196,1000,3197000
3197,1000,3198000
3198,1000,3199000
3199,1000,3200000
3200,1000,3201000
3201,1000,3202000
3202,1000,3203000
3203,1000,3204000
3204,1000,3205000
3205,1000,3206000
3206,1000,3207000
3207,1000,3208000
3208,1000,3209000
3209,1000,3210000
3210,1000,3211000
3211,1000,3212000
3212,1000,3213000
3213,1000,3214000
3214,1000,3215000
3215,1000,3216000
3216,1000,3217000
3217,1000,3218000
3218,1000,3219000
3219,1000,3220000
3220,1000,3221000
3221,1000,3222000
3222,1000,3223000
3223,1000,3224000
3224,1000,3225000
3225,1000,3226000
3226,1000,3227000
3227,1000,3228000
3228,1000,3229000
3229,1000,3230000
3230,1000,3231000
3231,1000,3232000
3232,1000,3233000
3233,1000,3234000
3234,1000,3235000
3235,1000,3236000
3236,1000,3237000
3237,1000,3238000
3238,1000,3239000
3239,1000,3240000
3240,1000,3241000
3241,1000,3242000
3242,1000,3243000
3243,1000,3244000
3244,1000,3245000
3245,1000,3246000
3246,1000,3247000
3247,1000,3248000
3248,1000,3249000
3249,1000,3250000
3250,1000,3251000
3251,1000,3252000
3252,1000,3253000
3253,1000,3254000
3254,1000,3255000
3255,1000,3256000
3256,1000,3257000
3257,1000,3258000
3258,1000,3259000
3259,1000,3260000
3260,1000,3261000
3261,1000,3262000
3262,1000,3263000
3263,1000,3264000
3264,1000,3265000
3265,1000,3266000
3266,1000,3267000
3267,1000,3268000
3268,1000,3269000
3269,1000,3270000
3270,1000,3271000
3271,1000,3272000
3272,1000,3273000
3273,1000,3274000
3274,1000,3275000
3275,1000,3276000
3276,1000,3277000
3277,1000,3278000
3278,1000,3279000
3279,1000,3280000
3280,1000,3281000
3281,1000,3282000
3282,1000,3283000
3283,1000,3284000
3284,1000,3285000
3285,1000,3286000
3286,1000,3287000
3287,1000,3288000
3288,1000,3289000
3289,1000,3290000
3290,1000,3291000
3291,1000,3292000
3292,1000,3293000
3293,1000,3294000
3294,1000,3295000
3295,1000,3296000
3296,1000,3297000
3297,1000,3298000
3298,1000,3299000
3299,1000,3300000
3300,1000,3301000
3301,1000,3302000
3302,1000,3303000
3303,1000,3304000
3304,1000,3305000
3305,1000,3306000
3306,1000,3307000
3307,1000,3308000
3308,1000,3309000
3309,1000,3310000
3310,1000,3311000
3311,1000,3312000
3312,1000,3313000
3313,1000,3314000
3314,1000,3315000
3315,1000,3316000
3316,1000,3317000
3317,1000,3318000
3318,1000,3319000
3319,1000,3320000
3320,1000,3321000
3321,1000,3322000
3322,1000,3323000
3323,1000,3324000
3324,1000,3325000
3325,1000,3326000
3326,1000,3327000
3327,1000,3328000
3328,1000,3329000
3329,1000,3330000
3330,1000,3331000
3331,1000,3332000
3332,1000,3333000
3333,1000,3334000
3334,1000,3335000
3335,1000,3336000
3336,1000,3337000
3337,1000,3338000
3338,1000,3339000
3339,1000,3340000
3340,1000,3341000
3341,1000,3342000
3342,1000,3343000
3343,1000,3344000
3344,1000,3345000
3345,1000,3346000
3346,1000,3347000
3347,1000,3348000
3348,1000,3349000
3349,1000,3350000
3350,1000,3351000
3351,1000,3352000
3352,1000,3353000
3353,1000,3354000
3354,1000,3355000
3355,1000,3356000
3356,1000,3357000
3357,1000,3358000
3358,1000,3359000
3359,1000,3360000
3360,1000,3361000
3361,1000,3362000
3362,1000,3363000
3363,1000,3364000
3364,1000,3365000
3365,1000,3366000
3366,1000,3367000
3367,1000,3368000
3368,1000,3369000
3369,1000,3370000
3370,1000,3371000
3371,1000,3372000
3372,1000,3373000
3373,1000,3374000
3374,1000,3375000
3375,1000,3376000
3376,1000,3377000
3377,1000,3378000
3378,1000,3379000
3379,1000,3380000
3380,1000,3381000
3381,1000,3382000
3382,1000,3383000
3383,1000,3384000
3384,1000,3385000
3385,1000,3386000
3386,1000,3387000
3387,1000,3388000
3388,1000,3389000
3389,1000,3390000
3390,1000,3391000
3391,1000,3392000
3392,1000,3393000
3393,1000,3394000
3394,1000,3395000
3395,1000,3396000
3396,1000,3397000
3397,1000,3398000
3398,1000,3399000
3399,1000,3400000
3400,1000,3401000
3401,1000,3402000
3402,1000,3403000
3403,1000,3404000
3404,1000,3405000
3405,1000,3406000
3406,1000,3407000
3407,1000,3408000
3408,1000,3409000
3409,1000,3410000
3410,1000,3411000
3411,1000,3412000
3412,1000,3413000
3413,1000,3414000
3414,1000,3415000
3415,1000,3416000
3416,1000,3417000
3417,1000,3418000
3418,1000,3419000
3419,1000,3420000
3420,1000,3421000
3421,1000,3422000
3422,1000,3423000
3423,1000,3424000
3424,1000,3425000
3425,1000,3426000
3426,1000,3427000
3427,1000,3428000
3428,1000,3429000
3429,1000,3430000
3430,1000,3431000
3431,1000,3432000
3432,1000,3433000
3433,1000,3434000
3434,1000,3435000
3435,1000,3436000
3436,1000,3437000
3437,1000,3438000
3438,1000,3439000
3439,1000,3440000
3440,1000,3441000
3441,1000,3442000
3442,1000,3443000
3443,1000,3444000
3444,1000,3445000
3445,1000,3446000
3446,1000,3447000
3447,1000,3448000
3448,1000,3449000
3449,1000,3450000
3450,1000,3451000
3451,1000,3452000
3452,1000,3453000
3453,1000,3454000
3454,1000,3455000
3455,1000,3456000
3456,1000,3457000
3457,1000,3458000
3458,1000,3459000
3459,1000,3460000
3460,1000,3461000
3461,1000,3462000
3462,1000,3463000
3463,1000,3464000
3464,1000,3465000
3465,1000,3466000
3466,1000,3467000
3467,1000,3468000
3468,1000,3469000
3469,1000,3470000
3470,1000,3471000
3471,1000,3472000
3472,1000,3473000
3473,1000,3474000
3474,1000,3475000
3475,1000,3476000
3476,1000,3477000
3477,1000,3478000
3478,1000,3479000
3479,1000,3480000
3480,1000,3481000
3481,1000,3482000
3482,1000,3483000
3483,1000,3484000
3484,1000,3485000
3485,1000,3486000
3486,1000,3487000
3487,1000,3488000
3488,1000,3489000
3489,1000,3490000
3490,1000,3491000
3491,1000,3492000
3492,1000,3493000
3493,1000,3494000
3494,1000,3495000
3495,1000,3496000
3496,1000,3497000
3497,1000,3498000
3498,1000,3499000
3499,1000,3500000
3500,1000,3501000
3501,1000,3502000
3502,1000,3503000
3503,1000,3504000
3504,1000,3505000
3505,1000,3506000
3506,1000,3507000
3507,1000,3508000
3508,1000,3509000
3509,1000,3510000
3510,1000,3511000
3511,1000,3512000
3512,1000,3513000
3513,1000,3514000
3514,1000,3515000
3515,1000,3516000
3516,1000,3517000
3517,1000,3518000
3518,1000,3519000
3519,1000,3520000
3520,1000,3521000
3521,1000,3522000
3522,1000,3523000
3523,1000,3524000
3524,1000,3525000
3525,1000,3526000
3526,1000,3527000
3527,1000,3528000
3528,1000,3529000
3529,1000,3530000
3530,1000,3531000
3531,1000,3532000
3532,1000,3533000
3533,1000,3534000
3534,1000,3535000
3535,1000,3536000
3536,1000,3537000
3537,1000,3538000
3538,1000,3539000
3539,1000,3540000
3540,1000,3541000
3541,1000,3542000
3542,1000,3543000
3543,1000,3544000
3544,1000,3545000
3545,1000,3546000
3546,1000,3547000
3547,1000,3548000
3548,1000,3549000
3549,1000,3550000
3550,1000,3551000
3551,1000,3552000
3552,1000,3553000
3553,1000,3554000
3554,1000,3555000
3555,1000,3556000
3556,1000,3557000
3557,1000,3558000
3558,1000,3559000
3559,1000,3560000
3560,1000,3561000
3561,1000,3562000
3562,1000,3563000
3563,1000,3564000
3564,1000,3565000
3565,1000,3566000
3566,1000,3567000
3567,1000,3568000
3568,1000,3569000
3569,1000,3570000
3570,1000,3571000
3571,1000,3572000
3572,1000,3573000
3573,1000,3574000
3574,1000,3575000
3575,1000,3576000
3576,1000,3577000
3577,1000,3578000
3578,1000,3579000
3579,1000,3580000
3580,1000,3581000
3581,1000,3582000
3582,1000,3583000
3583,1000,3584000
3584,1000,3585000
3585,1000,3586000
3586,1000,3587000
3587,1000,3588000
3588,1000,3589000
3589,1000,3590000
3590,1000,3591000
3591,1000,3592000
3592,1000,3593000
3593,1000,3594000
3594,1000,3595000
3595,1000,3596000
3596,1000,3597000
3597,1000,3598000
3598,1000,3599000
3599,1000,3600000
3600,1000,3601000
3601,1000,3602000
3602,1000,3603000
3603,1000,3604000
3604,1000,3605000
3605,1000,3606000
3606,1000,3607000
3607,1000,3608000
3608,1000,3609000
3609,1000,3610000
3610,1000,3611000
3611,1000,3612000
3612,1000,3613000
3613,1000,3614000
3614,1000,3615000
3615,1000,3616000
3616,1000,3617000
3617,1000,3618000
3618,1000,3619000
3619,1000,3620000
3620,1000,3621000
3621,1000,3622000
3622,1000,3623000
3623,1000,3624000
3624,1000,3625000
3625,1000,3626000
3626,1000,3627000
3627,1000,3628000
3628,1000,3629000
3629,1000,3630000
3630,1000,3631000
3631,1000,3632000
3632,1000,3633000
3633,1000,3634000
3634,1000,3635000
3635,1000,3636000
3636,1000,3637000
3637,1000,3638000
3638,1000,3639000
3639,1000,3640000
3640,1000,3641000
3641,1000,3642000
3642,1000,3643000
3643,1000,3644000
3644,1000,3645000
3645,1000,3646000
3646,1000,3647000
3647,1000,3648000
3648,1000,3649000
3649,1000,3650000
3650,1000,3651000
3651,1000,3652000
3652,1000,3653000
3653,1000,3654000
3654,1000,3655000
3655,1000,3656000
3656,1000,3657000
3657,1000,3658000
3658,1000,3659000
3659,1000,3660000
3660,1000,3661000
3661,1000,3662000
3662,1000,3663000
3663,1000,3664000
3664,1000,3665000
3665,1000,3666000
3666,1000,3667000
3667,1000,3668000
3668,1000,3669000
3669,1000,3670000
3670,1000,3671000
3671,1000,3672000
3672,1000,3673000
3673,1000,3674000
3674,1000,3675000
3675,1000,3676000
3676,1000,3677000
3677,1000,3678000
3678,1000,3679000
3679,1000,3680000
3680,1000,3681000
3681,1000,3682000
3682,1000,3683000
3683,1000,3684000
3684,1000,3685000
3685,1000,3686000
3686,1000,3687000
3687,1000,3688000
3688,1000,3689000
3689,1000,3690000
3690,1000,3691000
3691,1000,3692000
3692,1000,3693000
3693,1000,3694000
3694,1000,3695000
3695,1000,3696000
3696,1000,3697000
3697,1000,3698000
3698,1000,3699000
3699,1000,3700000
3700,1000,3701000
3701,1000,3702000
3702,1000,3703000
3703,1000,3704000
3704,1000,3705000
3705,1000,3706000
3706,1000,3707000
3707,1000,3708000
3708,1000,3709000
3709,1000,3710000
3710,1000,3711000
3711,1000,3712000
3712,1000,3713000
3713,1000,3714000
3714,1000,3715000
3715,1000,3716000
3716,1000,3717000
3717,1000,3718000
3718,1000,3719000
3719,1000,3720000
3720,1000,3721000
3721,1000,3722000
3722,1000,3723000
3723,1000,3724000
3724,1000,3725000
3725,1000,3726000
3726,1000,3727000
3727,1000,3728000
3728,1000,3729000
3729,1000,3730000
3730,1000,3731000
3731,1000,3732000
3732,1000,3733000
3733,1000,3734000
3734,1000,3735000
3735,1000,3736000
3736,1000,3737000
3737,1000,3738000
3738,1000,3739000
3739,1000,3740000
3740,1000,3741000
3741,1000,3742000
3742,1000,3743000
3743,1000,3744000
3744,1000,3745000
3745,1000,3746000
3746,1000,3747000
3747,1000,3748000
3748,1000,3749000
3749,1000,3750000
3750,1000,3751000
3751,1000,3752000
3752,1000,3753000
3753,1000,3754000
3754,1000,3755000
3755,1000,3756000
3756,1000,3757000
3757,1000,3758000
3758,1000,3759000
3759,1000,3760000
3760,1000,3761000
3761,1000,3762000
3762,1000,3763000
3763,1000,3764000
3764,1000,3765000
3765,1000,3766000
3766,1000,3767000
3767,1000,3768000
3768,1000,3769000
3769,1000,3770000
3770,1000,3771000
3771,1000,3772000
3772,1000,3773000
3773,1000,3774000
3774,1000,3775000
3775,1000,3776000
3776,1000,3777000
3777,1000,3778000
3778,1000,3779000
3779,1000,3780000
3780,1000,3781000
3781,1000,3782000
3782,1000,3783000
3783,1000,3784000
3784,1000,3785000
3785,1000,3786000
3786,1000,3787000
3787,1000,3788000
3788,1000,3789000
3789,1000,3790000
3790,1000,3791000
3791,1000,3792000
3792,1000,3793000
3793,1000,3794000
3794,1000,3795000
3795,1000,3796000
3796,1000,3797000
3797,1000,3798000
3798,1000,3799000
3799,1000,3800000
3800,1000,3801000
3801,1000,3802000
3802,1000,3803000
3803,1000,3804000
3804,1000,3805000
3805,1000,3806000
3806,1000,3807000
3807,1000,3808000
3808,1000,3809000
3809,1000,3810000
3810,1000,3811000
3811,1000,3812000
3812,1000,3813000
3813,1000,3814000
3814,1000,3815000
3815,1000,3816000
3816,1000,3817000
3817,1000,3818000
3818,1000,3819000
3819,1000,3820000
3820,1000,3821000
3821,1000,3822000
3822,1000,3823000
3823,1000,3824000
3824,1000,3825000
3825,1000,3826000
3826,1000,3827000
3827,1000,3828000
3828,1000,3829000
3829,1000,3830000
3830,1000,3831000
3831,1000,3832000
3832,1000,3833000
3833,1000,3834000
3834,1000,3835000
3835,1000,3836000
3836,1000,3837000
3837,1000,3838000
3838,1000,3839000
3839,1000,3840000
3840,1000,3841000
3841,1000,3842000
3842,1000,3843000
3843,1000,3844000
3844,1000,3845000
3845,1000,3846000
3846,1000,3847000
3847,1000,3848000
3848,1000,3849000
3849,1000,3850000
3850,1000,3851000
3851,1000,3852000
3852,1000,3853000
3853,1000,3854000
3854,1000,3855000
3855,1000,3856000
3856,1000,3857000
3857,1000,3858000
3858,1000,3859000
3859,1000,3860000
3860,1000,3861000
3861,1000,3862000
3862,1000,3863000
3863,1000,3864000
3864,1000,3865000
3865,1000,3866000
3866,1000,3867000
3867,1000,3868000
3868,1000,3869000
3869,1000,3870000
3870,1000,3871000
3871,1000,3872000
3872,1000,3873000
3873,1000,3874000
3874,1000,3875000
3875,1000,3876000
3876,1000,3877000
3877,1000,3878000
3878,1000,3879000
3879,1000,3880000
3880,1000,3881000
3881,1000,3882000
3882,1000,3883000
3883,1000,3884000
3884,1000,3885000
3885,1000,3886000
3886,1000,3887000
3887,1000,3888000
3888,1000,3889000
3889,1000,3890000
3890,1000,3891000
3891,1000,3892000
3892,1000,3893000
3893,1000,3894000
3894,1000,3895000
3895,1000,3896000
3896,1000,3897000
3897,1000,3898000
3898,1000,3899000
3899,1000,3900000
3900,1000,3901000
3901,1000,3902000
3902,1000,3903000
3903,1000,3904000
3904,1000,3905000
3905,1000,3906000
3906,1000,3907000
3907,1000,3908000
3908,1000,3909000
3909,1000,3910000
3910,1000,3911000
3911,1000,3912000
3912,1000,3913000
3913,1000,3914000
3914,1000,3915000
3915,1000,3916000
3916,1000,3917000
3917,1000,3918000
3918,1000,3919000
3919,1000,3920000
3920,1000,3921000
3921,1000,3922000
3922,1000,3923000
3923,1000,3924000
3924,1000,3925000
3925,1000,3926000
3926,1000,3927000
3927,1000,3928000
3928,1000,3929000
3929,1000,3930000
3930,1000,3931000
3931,1000,3932000
3932,1000,3933000
3933,1000,3934000
3934,1000,3935000
3935,1000,3936000
3936,1000,3937000
3937,1000,3938000
3938,1000,3939000
3939,1000,3940000
3940,1000,3941000
3941,1000,3942000
3942,1000,3943000
3943,1000,3944000
3944,1000,3945000
3945,1000,3946000
3946,1000,3947000
3947,1000,3948000
3948,1000,3949000
3949,1000,3950000
3950,1000,3951000
3951,1000,3952000
3952,1000,3953000
3953,1000,3954000
3954,1000,3955000
3955,1000,3956000
3956,1000,3957000
3957,1000,3958000
3958,1000,3959000
3959,1000,3960000
3960,1000,3961000
3961,1000,3962000
3962,1000,3963000
3963,1000,3964000
3964,1000,3965000
3965,1000,3966000
3966,1000,3967000
3967,1000,3968000
3968,1000,3969000
3969,1000,3970000
3970,1000,3971000
3971,1000,3972000
3972,1000,3973000
3973,1000,3974000
3974,1000,3975000
3975,1000,3976000
3976,1000,3977000
3977,1000,3978000
3978,1000,3979000
3979,1000,3980000
3980,1000,3981000
3981,1000,3982000
3982,1000,3983000
3983,1000,3984000
3984,1000,3985000
3985,1000,3986000
3986,1000,3987000
3987,1000,3988000
3988,1000,3989000
3989,1000,3990000
3990,1000,3991000
3991,1000,3992000
3992,1000,3993000
3993,1000,3994000
3994,1000,3995000
3995,1000,3996000
3996,1000,3997000
3997,1000,3998000
3998,1000,3999000
3999,1000,4000000
4000,1000,4001000
4001,1000,4002000
4002,1000,4003000
4003,1000,4004000
4004,1000,4005000
4005,1000,4006000
4006,1000,4007000
4007,1000,4008000
4008,1000,4009000
4009,1000,4010000
4010,1000,4011000
4011,1000,4012000
4012,1000,4013000
4013,1000,4014000
4014,1000,4015000
4015,1000,4016000
4016,1000,4017000
4017,1000,4018000
4018,1000,4019000
4019,1000,4020000
4020,1000,4021000
4021,1000,4022000
4022,1000,4023000
4023,1000,4024000
4024,1000,4025000
4025,1000,4026000
4026,1000,4027000
4027,1000,4028000
4028,1000,4029000
4029,1000,4030000
4030,1000,4031000
4031,1000,4032000
4032,1000,4033000
4033,1000,4034000
4034,1000,4035000
4035,1000,4036000
4036,1000,4037000
4037,1000,4038000
4038,1000,4039000
4039,1000,4040000
4040,1000,4041000
4041,1000,4042000
4042,1000,4043000
4043,1000,4044000
4044,1000,4045000
4045,1000,4046000
4046,1000,4047000
4047,1000,4048000
4048,1000,4049000
4049,1000,4050000
4050,1000,4051000
4051,1000,4052000
4052,1000,4053000
4053,1000,4054000
4054,1000,4055000
4055,1000,4056000
4056,1000,4057000
4057,1000,4058000
4058,1000,4059000
4059,1000,4060000
4060,1000,4061000
4061,1000,4062000
4062,1000,4063000
4063,1000,4064000
4064,1000,4065000
4065,1000,4066000
4066,1000,4067000
4067,1000,4068000
4068,1000,4069000
4069,1000,4070000
4070,1000,4071000
4071,1000,4072000
4072,1000,4073000
4073,1000,4074000
4074,1000,4075000
4075,1000,4076000
4076,1000,4077000
4077,1000,4078000
4078,1000,4079000
4079,1000,4080000
4080,1000,4081000
4081,1000,4082000
4082,1000,4083000
4083,1000,4084000
4084,1000,4085000
4085,1000,4086000
4086,1000,4087000
4087,1000,4088000
4088,1000,4089000
4089,1000,4090000
4090,1000,4091000
4091,1000,4092000
4092,1000,4093000
4093,1000,4094000
4094,1000,4095000
4095,1000,4096000
4096,1000,4097000
4097,1000,4098000
4098,1000,4099000
4099,1000,4100000
4100,1000,4101000
4101,1000,4102000
4102,1000,4103000
4103,1000,4104000
4104,1000,4105000
4105,1000,4106000
4106,1000,4107000
4107,1000,4108000
4108,1000,4109000
4109,1000,4110000
4110,1000,4111000
4111,1000,4112000
4112,1000,4113000
4113,1000,4114000
4114,1000,4115000
4115,1000,4116000
4116,1000,4117000
4117,1000,4118000
4118,1000,4119000
4119,1000,4120000
4120,1000,4121000
4121,1000,4122000
4122,1000,4123000
4123,1000,4124000
4124,1000,4125000
4125,1000,4126000
4126,1000,4127000
4127,1000,4128000
4128,1000,4129000
4129,1000,4130000
4130,1000,4131000
4131,1000,4132000
4132,1000,4133000
4133,1000,4134000
4134,1000,4135000
4135,1000,4136000
4136,1000,4137000
4137,1000,4138000
4138,1000,4139000
4139,1000,4140000
4140,1000,4141000
4141,1000,4142000
4142,1000,4143000
4143,1000,4144000
4144,1000,4145000
4145,1000,4146000
4146,1000,4147000
4147,1000,4148000
4148,1000,4149000
4149,1000,4150000
4150,1000,4151000
4151,1000,4152000
4152,1000,4153000
4153,1000,4154000
4154,1000,4155000
4155,1000,4156000
4156,1000,4157000
4157,1000,4158000
4158,1000,4159000
4159,1000,4160000
4160,1000,4161000
4161,1000,4162000
4162,1000,4163000
4163,1000,4164000
4164,1000,4165000
4165,1000,4166000
4166,1000,4167000
4167,1000,4168000
4168,1000,4169000
4169,1000,4170000
4170,1000,4171000
4171,1000,4172000
4172,1000,4173000
4173,1000,4174000
4174,1000,4175000
4175,1000,4176000
4176,1000,4177000
4177,1000,4178000
4178,1000,4179000
4179,1000,4180000
4180,1000,4181000
4181,1000,4182000
4182,1000,4183000
4183,1000,4184000
4184,1000,4185000
4185,1000,4186000
4186,1000,4187000
4187,1000,4188000
4188,1000,4189000
4189,1000,4190000
4190,1000,4191000
4191,1000,4192000
4192,1000,4193000
4193,1000,4194000
4194,1000,4195000
4195,1000,4196000
4196,1000,4197000
4197,1000,4198000
4198,1000,4199000
4199,1000,4200000
4200,1000,4201000
4201,1000,4202000
4202,1000,4203000
4203,1000,4204000
4204,1000,4205000
4205,1000,4206000
4206,1000,4207000
4207,1000,4208000
4208,1000,4209000
4209,1000,4210000
4210,1000,4211000
4211,1000,4212000
4212,1000,4213000
4213,1000,4214000
4214,1000,4215000
4215,1000,4216000
4216,1000,4217000
4217,1000,4218000
4218,1000,4219000
4219,1000,4220000
4220,1000,4221000
4221,1000,4222000
4222,1000,4223000
4223,1000,4224000
4224,1000,4225000
4225,1000,4226000
4226,1000,4227000
4227,1000,4228000
4228,1000,4229000
4229,1000,4230000
4230,1000,4231000
4231,1000,4232000
4232,1000,4233000
4233,1000,4234000
4234,1000,4235000
4235,1000,4236000
4236,1000,4237000
4237,1000,4238000
4238,1000,4239000
4239,1000,4240000
4240,1000,4241000
4241,1000,4242000
4242,1000,4243000
4243,1000,4244000
4244,1000,4245000
4245,1000,4246000
4246,1000,4247000
4247,1000,4248000
4248,1000,4249000
4249,1000,4250000
4250,1000,4251000
4251,1000,4252000
4252,1000,4253000
4253,1000,4254000
4254,1000,4255000
4255,1000,4256000
4256,1000,4257000
4257,1000,4258000
4258,1000,4259000
4259,1000,4260000
4260,1000,4261000
4261,1000,4262000
4262,1000,4263000
4263,1000,4264000
4264,1000,4265000
4265,1000,4266000
4266,1000,4267000
4267,1000,4268000
4268,1000,4269000
4269,1000,4270000
4270,1000,4271000
4271,1000,4272000
4272,1000,4273000
4273,1000,4274000
4274,1000,4275000
4275,1000,4276000
4276,1000,4277000
4277,1000,4278000
4278,1000,4279000
4279,1000,4280000
4280,1000,4281000
4281,1000,4282000
4282,1000,4283000
4283,1000,4284000
4284,1000,4285000
4285,1000,4286000
4286,1000,4287000
4287,1000,4288000
4288,1000,4289000
4289,1000,4290000
4290,1000,4291000
4291,1000,4292000
4292,1000,4293000
4293,1000,4294000
4294,1000,4295000
4295,1000,4296000
4296,1000,4297000
4297,1000,4298000
4298,1000,4299000
4299,1000,4300000
4300,1000,4301000
4301,1000,4302000
4302,1000,4303000
4303,1000,4304000
4304,1000,4305000
4305,1000,4306000
4306,1000,4307000
4307,1000,4308000
4308,1000,4309000
4309,1000,4310000
4310,1000,4311000
4311,1000,4312000
4312,1000,4313000
4313,1000,4314000
4314,1000,4315000
4315,1000,4316000
4316,1000,4317000
4317,1000,4318000
4318,1000,4319000
4319,1000,4320000
4320,1000,4321000
4321,1000,4322000
4322,1000,4323000
4323,1000,4324000
4324,1000,4325000
4325,1000,4326000
4326,1000,4327000
4327,1000,4328000
4328,1000,4329000
4329,1000,4330000
4330,1000,4331000
4331,1000,4332000
4332,1000,4333000
4333,1000,4334000
4334,1000,4335000
4335,1000,4336000
4336,1000,4337000
4337,1000,4338000
4338,1000,4339000
4339,1000,4340000
4340,1000,4341000
4341,1000,4342000
4342,1000,4343000
4343,1000,4344000
4344,1000,4345000
4345,1000,4346000
4346,1000,4347000
4347,1000,4348000
4348,1000,4349000
4349,1000,4350000
4350,1000,4351000
4351,1000,4352000
4352,1000,4353000
4353,1000,4354000
4354,1000,4355000
4355,1000,4356000
4356,1000,4357000
4357,1000,4358000
4358,1000,4359000
4359,1000,4360000
4360,1000,4361000
4361,1000,4362000
4362,1000,4363000
4363,1000,4364000
4364,1000,4365000
4365,1000,4366000
4366,1000,4367000
4367,1000,4368000
4368,1000,4369000
4369,1000,4370000
4370,1000,4371000
4371,1000,4372000
4372,1000,4373000
4373,1000,4374000
4374,1000,4375000
4375,1000,4376000
4376,1000,4377000
4377,1000,4378000
4378,1000,4379000
4379,1000,4380000
4380,1000,4381000
4381,1000,4382000
4382,1000,4383000
4383,1000,4384000
4384,1000,4385000
4385,1000,4386000
4386,1000,4387000
4387,1000,4388000
4388,1000,4389000
4389,1000,4390000
4390,1000,4391000
4391,1000,4392000
4392,1000,4393000
4393,1000,4394000
4394,1000,4395000
4395,1000,4396000
4396,1000,4397000
4397,1000,4398000
4398,1000,4399000
4399,1000,4400000
4400,1000,4401000
4401,1000,4402000
4402,1000,4403000
4403,1000,4404000
4404,1000,4405000
4405,1000,4406000
4406,1000,4407000
4407,1000,4408000
4408,1000,4409000
4409,1000,4410000
4410,1000,4411000
4411,1000,4412000
4412,1000,4413000
4413,1000,4414000
4414,1000,4415000
4415,1000,4416000
4416,1000,4417000
4417,1000,4418000
4418,1000,4419000
4419,1000,4420000
4420,1000,4421000
4421,1000,4422000
4422,1000,4423000
4423,1000,4424000
4424,1000,4425000
4425,1000,4426000
4426,1000,4427000
4427,1000,4428000
4428,1000,4429000
4429,1000,4430000
4430,1000,4431000
4431,1000,4432000
4432,1000,4433000
4433,1000,4434000
4434,1000,4435000
4435,1000,4436000
4436,1000,4437000
4437,1000,4438000
4438,1000,4439000
4439,1000,4440000
4440,1000,4441000
4441,1000,4442000
4442,1000,4443000
4443,1000,4444000
4444,1000,4445000
4445,1000,4446000
4446,1000,4447000
4447,1000,4448000
4448,1000,4449000
4449,1000,4450000
4450,1000,4451000
4451,1000,4452000
4452,1000,4453000
4453,1000,4454000
4454,1000,4455000
4455,1000,4456000
4456,1000,4457000
4457,1000,4458000
4458,1000,4459000
4459,1000,4460000
4460,1000,4461000
4461,1000,4462000
4462,1000,4463000
4463,1000,4464000
4464,1000,4465000
4465,1000,4466000
4466,1000,4467000
4467,1000,4468000
4468,1000,4469000
4469,1000,4470000
4470,1000,4471000
4471,1000,4472000
4472,1000,4473000
4473,1000,4474000
4474,1000,4475000
4475,1000,4476000
4476,1000,4477000
4477,1000,4478000
4478,1000,4479000
4479,1000,4480000
4480,1000,4481000
4481,1000,4482000
4482,1000,4483000
4483,1000,4484000
4484,1000,4485000
4485,1000,4486000
4486,1000,4487000
4487,1000,4488000
4488,1000,4489000
4489,1000,4490000
4490,1000,4491000
4491,1000,4492000
4492,1000,4493000
4493,1000,4494000
4494,1000,4495000
4495,1000,4496000
4496,1000,4497000
4497,1000,4498000
4498,1000,4499000
4499,1000,4500000
4500,1000,4501000
4501,1000,4502000
4502,1000,4503000
4503,1000,4504000
4504,1000,4505000
4505,1000,4506000
4506,1000,4507000
4507,1000,4508000
4508,1000,4509000
4509,1000,4510000
4510,1000,4511000
4511,1000,4512000
4512,1000,4513000
4513,1000,4514000
4514,1000,4515000
4515,1000,4516000
4516,1000,4517000
4517,1000,4518000
4518,1000,4519000
4519,1000,4520000
4520,1000,4521000
4521,1000,4522000
4522,1000,4523000
4523,1000,4524000
4524,1000,4525000
4525,1000,4526000
4526,1000,4527000
4527,1000,4528000
4528,1000,4529000
4529,1000,4530000
4530,1000,4531000
4531,1000,4532000
4532,1000,4533000
4533,1000,4534000
4534,1000,4535000
4535,1000,4536000
4536,1000,4537000
4537,1000,4538000
4538,1000,4539000
4539,1000,4540000
4540,1000,4541000
4541,1000,4542000
4542,1000,4543000
4543,1000,4544000
4544,1000,4545000
4545,1000,4546000
4546,1000,4547000
4547,1000,4548000
4548,1000,4549000
4549,1000,4550000
4550,1000,4551000
4551,1000,4552000
4552,1000,4553000
4553,1000,4554000
4554,1000,4555000
4555,1000,4556000
4556,1000,4557000
4557,1000,4558000
4558,1000,4559000
4559,1000,4560000
4560,1000,4561000
4561,1000,4562000
4562,1000,4563000
4563,1000,4564000
4564,1000,4565000
4565,1000,4566000
4566,1000,4567000
4567,1000,4568000
4568,1000,4569000
4569,1000,4570000
4570,1000,4571000
4571,1000,4572000
4572,1000,4573000
4573,1000,4574000
4574,1000,4575000
4575,1000,4576000
4576,1000,4577000
4577,1000,4578000
4578,1000,4579000
4579,1000,4580000
4580,1000,4581000
4581,1000,4582000
4582,1000,4583000
4583,1000,4584000
4584,1000,4585000
4585,1000,4586000
4586,1000,4587000
4587,1000,4588000
4588,1000,4589000
4589,1000,4590000
4590,1000,4591000
4591,1000,4592000
4592,1000,4593000
4593,1000,4594000
4594,1000,4595000
4595,1000,4596000
4596,1000,4597000
4597,1000,4598000
4598,1000,4599000
4599,1000,4600000
4600,1000,4601000
4601,1000,4602000
4602,1000,4603000
4603,1000,4604000
4604,1000,4605000
4605,1000,4606000
4606,1000,4607000
4607,1000,4608000
4608,1000,4609000
4609,1000,4610000
4610,1000,4611000
4611,1000,4612000
4612,1000,4613000
4613,1000,4614000
4614,1000,4615000
4615,1000,4616000
4616,1000,4617000
4617,1000,4618000
4618,1000,4619000
4619,1000,4620000
4620,1000,4621000
4621,1000,4622000
4622,1000,4623000
4623,1000,4624000
4624,1000,4625000
4625,1000,4626000
4626,1000,4627000
4627,1000,4628000
4628,1000,4629000
4629,1000,4630000
4630,1000,4631000
4631,1000,4632000
4632,1000,4633000
4633,1000,4634000
4634,1000,4635000
4635,1000,4636000
4636,1000,4637000
4637,1000,4638000
4638,1000,4639000
4639,1000,4640000
4640,1000,4641000
4641,1000,4642000
4642,1000,4643000
4643,1000,4644000
4644,1000,4645000
4645,1000,4646000
4646,1000,4647000
4647,1000,4648000
4648,1000,4649000
4649,1000,4650000
4650,1000,4651000
4651,1000,4652000
4652,1000,4653000
4653,1000,4654000
4654,1000,4655000
4655,1000,4656000
4656,1000,4657000
4657,1000,4658000
4658,1000,4659000
4659,1000,4660000
4660,1000,4661000
4661,1000,4662000
4662,1000,4663000
4663,1000,4664000
4664,1000,4665000
4665,1000,4666000
4666,1000,4667000
4667,1000,4668000
4668,1000,4669000
4669,1000,4670000
4670,1000,4671000
4671,1000,4672000
4672,1000,4673000
4673,1000,4674000
4674,1000,4675000
4675,1000,4676000
4676,1000,4677000
4677,1000,4678000
4678,1000,4679000
4679,1000,4680000
4680,1000,4681000
4681,1000,4682000
4682,1000,4683000
4683,1000,4684000
4684,1000,4685000
4685,1000,4686000
4686,1000,4687000
4687,1000,4688000
4688,1000,4689000
4689,1000,4690000
4690,1000,4691000
4691,1000,4692000
4692,1000,4693000
4693,1000,4694000
4694,1000,4695000
4695,1000,4696000
4696,1000,4697000
4697,1000,4698000
4698,1000,4699000
4699,1000,4700000
4700,1000,4701000
4701,1000,4702000
4702,1000,4703000
4703,1000,4704000
4704,1000,4705000
4705,1000,4706000
4706,1000,4707000
4707,1000,4708000
4708,1000,4709000
4709,1000,4710000
4710,1000,4711000
4711,1000,4712000
4712,1000,4713000
4713,1000,4714000
4714,1000,4715000
4715,1000,4716000
4716,1000,4717000
4717,1000,4718000
4718,1000,4719000
4719,1000,4720000
4720,1000,4721000
4721,1000,4722000
4722,1000,4723000
4723,1000,4724000
4724,1000,4725000
4725,1000,4726000
4726,1000,4727000
4727,1000,4728000
4728,1000,4729000
4729,1000,4730000
4730,1000,4731000
4731,1000,4732000
4732,1000,4733000
4733,1000,4734000
4734,1000,4735000
4735,1000,4736000
4736,1000,4737000
4737,1000,4738000
4738,1000,4739000
4739,1000,4740000
4740,1000,4741000
4741,1000,4742000
4742,1000,4743000
4743,1000,4744000
4744,1000,4745000
4745,1000,4746000
4746,1000,4747000
4747,1000,4748000
4748,1000,4749000
4749,1000,4750000
4750,1000,4751000
4751,1000,4752000
4752,1000,4753000
4753,1000,4754000
4754,1000,4755000
4755,1000,4756000
4756,1000,4757000
4757,1000,4758000
4758,1000,4759000
4759,1000,4760000
4760,1000,4761000
4761,1000,4762000
4762,1000,4763000
4763,1000,4764000
4764,1000,4765000
4765,1000,4766000
4766,1000,4767000
4767,1000,4768000
4768,1000,4769000
4769,1000,4770000
4770,1000,4771000
4771,1000,4772000
4772,1000,4773000
4773,1000,4774000
4774,1000,4775000
4775,1000,4776000
4776,1000,4777000
4777,1000,4778000
4778,1000,4779000
4779,1000,4780000
4780,1000,4781000
4781,1000,4782000
4782,1000,4783000
4783,1000,4784000
4784,1000,4785000
4785,1000,4786000
4786,1000,4787000
4787,1000,4788000
4788,1000,4789000
4789,1000,4790000
4790,1000,4791000
4791,1000,4792000
4792,1000,4793000
4793,1000,4794000
4794,1000,4795000
4795,1000,4796000
4796,1000,4797000
4797,1000,4798000
4798,1000,4799000
4799,1000,4800000
4800,1000,4801000
4801,1000,4802000
4802,1000,4803000
4803,1000,4804000
4804,1000,4805000
4805,1000,4806000
4806,1000,4807000
4807,1000,4808000
4808,1000,4809000
4809,1000,4810000
4810,1000,4811000
4811,1000,4812000
4812,1000,4813000
4813,1000,4814000
4814,1000,4815000
4815,1000,4816000
4816,1000,4817000
4817,1000,4818000
4818,1000,4819000
4819,1000,4820000
4820,1000,4821000
4821,1000,4822000
4822,1000,4823000
4823,1000,4824000
4824,1000,4825000
4825,1000,4826000
4826,1000,4827000
4827,1000,4828000
4828,1000,4829000
4829,1000,4830000
4830,1000,4831000
4831,1000,4832000
4832,1000,4833000
4833,1000,4834000
4834,1000,4835000
4835,1000,4836000
4836,1000,4837000
4837,1000,4838000
4838,1000,4839000
4839,1000,4840000
4840,1000,4841000
4841,1000,4842000
4842,1000,4843000
4843,1000,4844000
4844,1000,4845000
4845,1000,4846000
4846,1000,4847000
4847,1000,4848000
4848,1000,4849000
4849,1000,4850000
4850,1000,4851000
4851,1000,4852000
4852,1000,4853000
4853,1000,4854000
4854,1000,4855000
4855,1000,4856000
4856,1000,4857000
4857,1000,4858000
4858,1000,4859000
4859,1000,4860000
4860,1000,4861000
4861,1000,4862000
4862,1000,4863000
4863,1000,4864000
4864,1000,4865000
4865,1000,4866000
4866,1000,4867000
4867,1000,4868000
4868,1000,4869000
4869,1000,4870000
4870,1000,4871000
4871,1000,4872000
4872,1000,4873000
4873,1000,4874000
4874,1000,4875000
4875,1000,4876000
4876,1000,4877000
4877,1000,4878000
4878,1000,4879000
4879,1000,4880000
4880,1000,4881000
4881,1000,4882000
4882,1000,4883000
4883,1000,4884000
4884,1000,4885000
4885,1000,4886000
4886,1000,4887000
4887,1000,4888000
4888,1000,4889000
4889,1000,4890000
4890,1000,4891000
4891,1000,4892000
4892,1000,4893000
4893,1000,4894000
4894,1000,4895000
4895,1000,4896000
4896,1000,4897000
4897,1000,4898000
4898,1000,4899000
4899,1000,4900000
4900,1000,4901000
4901,1000,4902000
4902,1000,4903000
4903,1000,4904000
4904,1000,4905000
4905,1000,4906000
4906,1000,4907000
4907,1000,4908000
4908,1000,4909000
4909,1000,4910000
4910,1000,4911000
4911,1000,4912000
4912,1000,4913000
4913,1000,4914000
4914,1000,4915000
4915,1000,4916000
4916,1000,4917000
4917,1000,4918000
4918,1000,4919000
4919,1000,4920000
4920,1000,4921000
4921,1000,4922000
4922,1000,4923000
4923,1000,4924000
4924,1000,4925000
4925,1000,4926000
4926,1000,4927000
4927,1000,4928000
4928,1000,4929000
4929,1000,4930000
4930,1000,4931000
4931,1000,4932000
4932,1000,4933000
4933,1000,4934000
4934,1000,4935000
4935,1000,4936000
4936,1000,4937000
4937,1000,4938000
4938,1000,4939000
4939,1000,4940000
4940,1000,4941000
4941,1000,4942000
4942,1000,4943000
4943,1000,4944000
4944,1000,4945000
4945,1000,4946000
4946,1000,4947000
4947,1000,4948000
4948,1000,4949000
4949,1000,4950000
4950,1000,4951000
4951,1000,4952000
4952,1000,4953000
4953,1000,4954000
4954,1000,4955000
4955,1000,4956000
4956,1000,4957000
4957,1000,4958000
4958,1000,4959000
4959,1000,4960000
4960,1000,4961000
4961,1000,4962000
4962,1000,4963000
4963,1000,4964000
4964,1000,4965000
4965,1000,4966000
4966,1000,4967000
4967,1000,4968000
4968,1000,4969000
4969,1000,4970000
4970,1000,4971000
4971,1000,4972000
4972,1000,4973000
4973,1000,4974000
4974,1000,4975000
4975,1000,4976000
4976,1000,4977000
4977,1000,4978000
4978,1000,4979000
4979,1000,4980000
4980,1000,4981000
4981,1000,4982000
4982,1000,4983000
4983,1000,4984000
4984,1000,4985000
4985,1000,4986000
4986,1000,4987000
4987,1000,4988000
4988,1000,4989000
4989,1000,4990000
4990,1000,4991000
4991,1000,4992000
4992,1000,4993000
4993,1000,4994000
4994,1000,4995000
4995,1000,4996000
4996,1000,4997000
4997,1000,4998000
4998,1000,4999000
4999,1000,5000000
5000,1000,5001000
5001,1000,5002000
5002,1000,5003000
5003,1000,5004000
5004,1000,5005000
5005,1000,5006000
5006,1000,5007000
5007,1000,5008000
5008,1000,5009000
5009,1000,5010000
5010,1000,5011000
5011,1000,5012000
5012,1000,5013000
5013,1000,5014000
5014,1000,5015000
5015,1000,5016000
5016,1000,5017000
5017,1000,5018000
5018,1000,5019000
5019,1000,5020000
5020,1000,5021000
5021,1000,5022000
5022,1000,5023000
5023,1000,5024000
5024,1000,5025000
5025,1000,5026000
5026,1000,5027000
5027,1000,5028000
5028,1000,5029000
5029,1000,5030000
5030,1000,5031000
5031,1000,5032000
5032,1000,5033000
5033,1000,5034000
5034,1000,5035000
5035,1000,5036000
5036,1000,5037000
5037,1000,5038000
5038,1000,5039000
5039,1000,5040000
5040,1000,5041000
5041,1000,5042000
5042,1000,5043000
5043,1000,5044000
5044,1000,5045000
5045,1000,5046000
5046,1000,5047000
5047,1000,5048000
5048,1000,5049000
5049,1000,5050000
5050,1000,5051000
5051,1000,5052000
5052,1000,5053000
5053,1000,5054000
5054,1000,5055000
5055,1000,5056000
5056,1000,5057000
5057,1000,5058000
5058,1000,5059000
5059,1000,5060000
5060,1000,5061000
5061,1000,5062000
5062,1000,5063000
5063,1000,5064000
5064,1000,5065000
5065,1000,5066000
5066,1000,5067000
5067,1000,5068000
5068,1000,5069000
5069,1000,5070000
5070,1000,5071000
5071,1000,5072000
5072,1000,5073000
5073,1000,5074000
5074,1000,5075000
5075,1000,5076000
5076,1000,5077000
5077,1000,5078000
5078,1000,5079000
5079,1000,5080000
5080,1000,5081000
5081,1000,5082000
5082,1000,5083000
5083,1000,5084000
5084,1000,5085000
5085,1000,5086000
5086,1000,5087000
5087,1000,5088000
5088,1000,5089000
5089,1000,5090000
5090,1000,5091000
5091,1000,5092000
5092,1000,5093000
5093,1000,5094000
5094,1000,5095000
5095,1000,5096000
5096,1000,5097000
5097,1000,5098000
5098,1000,5099000
5099,1000,5100000
5100,1000,5101000
5101,1000,5102000
5102,1000,5103000
5103,1000,5104000
5104,1000,5105000
5105,1000,5106000
5106,1000,5107000
5107,1000,5108000
5108,1000,5109000
5109,1000,5110000
5110,1000,5111000
5111,1000,5112000
5112,1000,5113000
5113,1000,5114000
5114,1000,5115000
5115,1000,5116000
5116,1000,5117000
5117,1000,5118000
5118,1000,5119000
5119,1000,5120000
5120,1000,5121000
5121,1000,5122000
5122,1000,5123000
5123,1000,5124000
5124,1000,5125000
5125,1000,5126000
5126,1000,5127000
5127,1000,5128000
5128,1000,5129000
5129,1000,5130000
5130,1000,5131000
5131,1000,5132000
5132,1000,5133000
5133,1000,5134000
5134,1000,5135000
5135,1000,5136000
5136,1000,5137000
5137,1000,5138000
5138,1000,5139000
5139,1000,5140000
5140,1000,5141000
5141,1000,5142000
5142,1000,5143000
5143,1000,5144000
5144,1000,5145000
5145,1000,5146000
5146,1000,5147000
5147,1000,5148000
5148,1000,5149000
5149,1000,5150000
5150,1000,5151000
5151,1000,5152000
5152,1000,5153000
5153,1000,5154000
5154,1000,5155000
5155,1000,5156000
5156,1000,5157000
5157,1000,5158000
5158,1000,5159000
5159,1000,5160000
5160,1000,5161000
5161,1000,5162000
5162,1000,5163000
5163,1000,5164000
5164,1000,5165000
5165,1000,5166000
5166,1000,5167000
5167,1000,5168000
5168,1000,5169000
5169,1000,5170000
5170,1000,5171000
5171,1000,5172000
5172,1000,5173000
5173,1000,5174000
5174,1000,5175000
5175,1000,5176000
5176,1000,5177000
5177,1000,5178000
5178,1000,5179000
5179,1000,5180000
5180,1000,5181000
5181,1000,5182000
5182,1000,5183000
5183,1000,5184000
5184,1000,5185000
5185,1000,5186000
5186,1000,5187000
5187,1000,5188000
5188,1000,5189000
5189,1000,5190000
5190,1000,5191000
5191,1000,5192000
5192,1000,5193000
5193,1000,5194000
5194,1000,5195000
5195,1000,5196000
5196,1000,5197000
5197,1000,5198000
5198,1000,5199000
5199,1000,5200000
5200,1000,5201000
5201,1000,5202000
5202,1000,5203000
5203,1000,5204000
5204,1000,5205000
5205,1000,5206000
5206,1000,5207000
5207,1000,5208000
5208,1000,5209000
5209,1000,5210000
5210,1000,5211000
5211,1000,5212000
5212,1000,5213000
5213,1000,5214000
5214,1000,5215000
5215,1000,5216000
5216,1000,5217000
5217,1000,5218000
5218,1000,5219000
5219,1000,5220000
5220,1000,5221000
5221,1000,5222000
5222,1000,5223000
5223,1000,5224000
5224,1000,5225000
5225,1000,5226000
5226,1000,5227000
5227,1000,5228000
5228,1000,5229000
5229,1000,5230000
5230,1000,5231000
5231,1000,5232000
5232,1000,5233000
5233,1000,5234000
5234,1000,5235000
5235,1000,5236000
5236,1000,5237000
5237,1000,5238000
5238,1000,5239000
5239,1000,5240000
5240,1000,5241000
5241,1000,5242000
5242,1000,5243000
5243,1000,5244000
5244,1000,5245000
5245,1000,5246000
5246,1000,5247000
5247,1000,5248000
5248,1000,5249000
5249,1000,5250000
5250,1000,5251000
5251,1000,5252000
5252,1000,5253000
5253,1000,5254000
5254,1000,5255000
5255,1000,5256000
5256,1000,5257000
5257,1000,5258000
5258,1000,5259000
5259,1000,5260000
5260,1000,5261000
5261,1000,5262000
5262,1000,5263000
5263,1000,5264000
5264,1000,5265000
5265,1000,5266000
5266,1000,5267000
5267,1000,5268000
5268,1000,5269000
5269,1000,5270000
5270,1000,5271000
5271,1000,5272000
5272,1000,5273000
5273,1000,5274000
5274,1000,5275000
5275,1000,5276000
5276,1000,5277000
5277,1000,5278000
5278,1000,5279000
5279,1000,5280000
5280,1000,5281000
5281,1000,5282000
5282,1000,5283000
5283,1000,5284000
5284,1000,5285000
5285,1000,5286000
5286,1000,5287000
5287,1000,5288000
5288,1000,5289000
5289,1000,5290000
5290,1000,5291000
5291,1000,5292000
5292,1000,5293000
5293,1000,5294000
5294,1000,5295000
5295,1000,5296000
5296,1000,5297000
5297,1000,5298000
5298,1000,5299000
5299,1000,5300000
5300,1000,5301000
5301,1000,5302000
5302,1000,5303000
5303,1000,5304000
5304,1000,5305000
5305,1000,5306000
5306,1000,5307000
5307,1000,5308000
5308,1000,5309000
5309,1000,5310000
5310,1000,5311000
5311,1000,5312000
5312,1000,5313000
5313,1000,5314000
5314,1000,5315000
5315,1000,5316000
5316,1000,5317000
5317,1000,5318000
5318,1000,5319000
5319,1000,5320000
5320,1000,5321000
5321,1000,5322000
5322,1000,5323000
5323,1000,5324000
5324,1000,5325000
5325,1000,5326000
5326,1000,5327000
5327,1000,5328000
5328,1000,5329000
5329,1000,5330000
5330,1000,5331000
5331,1000,5332000
5332,1000,5333000
5333,1000,5334000
5334,1000,5335000
5335,1000,5336000
5336,1000,5337000
5337,1000,5338000
5338,1000,5339000
5339,1000,5340000
5340,1000,5341000
5341,1000,5342000
5342,1000,5343000
5343,1000,5344000
5344,1000,5345000
5345,1000,5346000
5346,1000,5347000
5347,1000,5348000
5348,1000,5349000
5349,1000,5350000
5350,1000,5351000
5351,1000,5352000
5352,1000,5353000
5353,1000,5354000
5354,1000,5355000
5355,1000,5356000
5356,1000,5357000
5357,1000,5358000
5358,1000,5359000
5359,1000,5360000
5360,1000,5361000
5361,1000,5362000
5362,1000,5363000
5363,1000,5364000
5364,1000,5365000
5365,1000,5366000
5366,1000,5367000
5367,1000,5368000
5368,1000,5369000
5369,1000,5370000
5370,1000,5371000
5371,1000,5372000
5372,1000,5373000
5373,1000,5374000
5374,1000,5375000
5375,1000,5376000
5376,1000,5377000
5377,1000,5378000
5378,1000,5379000
5379,1000,5380000
5380,1000,5381000
5381,1000,5382000
5382,1000,5383000
5383,1000,5384000
5384,1000,5385000
5385,1000,5386000
5386,1000,5387000
5387,1000,5388000
5388,1000,5389000
5389,1000,5390000
5390,1000,5391000
5391,1000,5392000
5392,1000,5393000
5393,1000,5394000
5394,1000,5395000
5395,1000,5396000
5396,1000,5397000
5397,1000,5398000
5398,1000,5399000
5399,1000,5400000
5400,1000,5401000
5401,1000,5402000
5402,1000,5403000
5403,1000,5404000
5404,1000,5405000
5405,1000,5406000
5406,1000,5407000
5407,1000,5408000
5408,1000,5409000
5409,1000,5410000
5410,1000,5411000
5411,1000,5412000
5412,1000,5413000
5413,1000,5414000
5414,1000,5415000
5415,1000,5416000
5416,1000,5417000
5417,1000,5418000
5418,1000,5419000
5419,1000,5420000
5420,1000,5421000
5421,1000,5422000
5422,1000,5423000
5423,1000,5424000
5424,1000,5425000
5425,1000,5426000
5426,1000,5427000
5427,1000,5428000
5428,1000,5429000
5429,1000,5430000
5430,1000,5431000
5431,1000,5432000
5432,1000,5433000
5433,1000,5434000
5434,1000,5435000
5435,1000,5436000
5436,1000,5437000
5437,1000,5438000
5438,1000,5439000
5439,1000,5440000
5440,1000,5441000
5441,1000,5442000
5442,1000,5443000
5443,1000,5444000
5444,1000,5445000
5445,1000,5446000
5446,1000,5447000
5447,1000,5448000
5448,1000,5449000
5449,1000,5450000
5450,1000,5451000
5451,1000,5452000
5452,1000,5453000
5453,1000,5454000
5454,1000,5455000
5455,1000,5456000
5456,1000,5457000
5457,1000,5458000
5458,1000,5459000
5459,1000,5460000
5460,1000,5461000
5461,1000,5462000
5462,1000,5463000
5463,1000,5464000
5464,1000,5465000
5465,1000,5466000
5466,1000,5467000
5467,1000,5468000
5468,1000,5469000
5469,1000,5470000
5470,1000,5471000
5471,1000,5472000
5472,1000,5473000
5473,1000,5474000
5474,1000,5475000
5475,1000,5476000
5476,1000,5477000
5477,1000,5478000
5478,1000,5479000
5479,1000,5480000
5480,1000,5481000
5481,1000,5482000
5482,1000,5483000
5483,1000,5484000
5484,1000,5485000
5485,1000,5486000
5486,1000,5487000
5487,1000,5488000
5488,1000,5489000
5489,1000,5490000
5490,1000,5491000
5491,1000,5492000
5492,1000,5493000
5493,1000,5494000
5494,1000,5495000
5495,1000,5496000
5496,1000,5497000
5497,1000,5498000
5498,1000,5499000
5499,1000,5500000
5500,1000,5501000
5501,1000,5502000
5502,1000,5503000
5503,1000,5504000
5504,1000,5505000
5505,1000,5506000
5506,1000,5507000
5507,1000,5508000
5508,1000,5509000
5509,1000,5510000
5510,1000,5511000
5511,1000,5512000
5512,1000,5513000
5513,1000,5514000
5514,1000,5515000
5515,1000,5516000
5516,1000,5517000
5517,1000,5518000
5518,1000,5519000
5519,1000,5520000
5520,1000,5521000
5521,1000,5522000
5522,1000,5523000
5523,1000,5524000
5524,1000,5525000
5525,1000,5526000
5526,1000,5527000
5527,1000,5528000
5528,1000,5529000
5529,1000,5530000
5530,1000,5531000
5531,1000,5532000
5532,1000,5533000
5533,1000,5534000
5534,1000,5535000
5535,1000,5536000
5536,1000,5537000
5537,1000,5538000
5538,1000,5539000
5539,1000,5540000
5540,1000,5541000
5541,1000,5542000
5542,1000,5543000
5543,1000,5544000
5544,1000,5545000
5545,1000,5546000
5546,1000,5547000
5547,1000,5548000
5548,1000,5549000
5549,1000,5550000
5550,1000,5551000
5551,1000,5552000
5552,1000,5553000
5553,1000,5554000
5554,1000,5555000
5555,1000,5556000
5556,1000,5557000
5557,1000,5558000
5558,1000,5559000
5559,1000,5560000
5560,1000,5561000
5561,1000,5562000
5562,1000,5563000
5563,1000,5564000
5564,1000,5565000
5565,1000,5566000
5566,1000,5567000
5567,1000,5568000
5568,1000,5569000
5569,1000,5570000
5570,1000,5571000
5571,1000,5572000
5572,1000,5573000
5573,1000,5574000
5574,1000,5575000
5575,1000,5576000
5576,1000,5577000
5577,1000,5578000
5578,1000,5579000
5579,1000,5580000
5580,1000,5581000
5581,1000,5582000
5582,1000,5583000
5583,1000,5584000
5584,1000,5585000
5585,1000,5586000
5586,1000,5587000
5587,1000,5588000
5588,1000,5589000
5589,1000,5590000
5590,1000,5591000
5591,1000,5592000
5592,1000,5593000
5593,1000,5594000
5594,1000,5595000
5595,1000,5596000
5596,1000,5597000
5597,1000,5598000
5598,1000,5599000
5599,1000,5600000
5600,1000,5601000
5601,1000,5602000
5602,1000,5603000
5603,1000,5604000
5604,1000,5605000
5605,1000,5606000
5606,1000,5607000
5607,1000,5608000
5608,1000,5609000
5609,1000,5610000
5610,1000,5611000
5611,1000,5612000
5612,1000,5613000
5613,1000,5614000
5614,1000,5615000
5615,1000,5616000
5616,1000,5617000
5617,1000,5618000
5618,1000,5619000
5619,1000,5620000
5620,1000,5621000
5621,1000,5622000
5622,1000,5623000
5623,1000,5624000
5624,1000,5625000
5625,1000,5626000
5626,1000,5627000
5627,1000,5628000
5628,1000,5629000
5629,1000,5630000
5630,1000,5631000
5631,1000,5632000
5632,1000,5633000
5633,1000,5634000
5634,1000,5635000
5635,1000,5636000
5636,1000,5637000
5637,1000,5638000
5638,1000,5639000
5639,1000,5640000
5640,1000,5641000
5641,1000,5642000
5642,1000,5643000
5643,1000,5644000
5644,1000,5645000
5645,1000,5646000
5646,1000,5647000
5647,1000,5648000
5648,1000,5649000
5649,1000,5650000
5650,1000,5651000
5651,1000,5652000
5652,1000,5653000
5653,1000,5654000
5654,1000,5655000
5655,1000,5656000
5656,1000,5657000
5657,1000,5658000
5658,1000,5659000
5659,1000,5660000
5660,1000,5661000
5661,1000,5662000
5662,1000,5663000
5663,1000,5664000
5664,1000,5665000
5665,1000,5666000
5666,1000,5667000
5667,1000,5668000
5668,1000,5669000
5669,1000,5670000
5670,1000,5671000
5671,1000,5672000
5672,1000,5673000
5673,1000,5674000
5674,1000,5675000
5675,1000,5676000
5676,1000,5677000
5677,1000,5678000
5678,1000,5679000
5679,1000,5680000
5680,1000,5681000
5681,1000,5682000
5682,1000,5683000
5683,1000,5684000
5684,1000,5685000
5685,1000,5686000
5686,1000,5687000
5687,1000,5688000
5688,1000,5689000
5689,1000,5690000
5690,1000,5691000
5691,1000,5692000
5692,1000,5693000
5693,1000,5694000
5694,1000,5695000
5695,1000,5696000
5696,1000,5697000
5697,1000,5698000
5698,1000,5699000
5699,1000,5700000
5700,1000,5701000
5701,1000,5702000
5702,1000,5703000
5703,1000,5704000
5704,1000,5705000
5705,1000,5706000
5706,1000,5707000
5707,1000,5708000
5708,1000,5709000
5709,1000,5710000
5710,1000,5711000
5711,1000,5712000
5712,1000,5713000
5713,1000,5714000
5714,1000,5715000
5715,1000,5716000
5716,1000,5717000
5717,1000,5718000
5718,1000,5719000
5719,1000,5720000
5720,1000,5721000
5721,1000,5722000
5722,1000,5723000
5723,1000,5724000
5724,1000,5725000
5725,1000,5726000
5726,1000,5727000
5727,1000,5728000
5728,1000,5729000
5729,1000,5730000
5730,1000,5731000
5731,1000,5732000
5732,1000,5733000
5733,1000,5734000
5734,1000,5735000
5735,1000,5736000
5736,1000,5737000
5737,1000,5738000
5738,1000,5739000
5739,1000,5740000
5740,1000,5741000
5741,1000,5742000
5742,1000,5743000
5743,1000,5744000
5744,1000,5745000
5745,1000,5746000
5746,1000,5747000
5747,1000,5748000
5748,1000,5749000
5749,1000,5750000
5750,1000,5751000
5751,1000,5752000
5752,1000,5753000
5753,1000,5754000
5754,1000,5755000
5755,1000,5756000
5756,1000,5757000
5757,1000,5758000
5758,1000,5759000
5759,1000,5760000
5760,1000,5761000
5761,1000,5762000
5762,1000,5763000
5763,1000,5764000
5764,1000,5765000
5765,1000,5766000
5766,1000,5767000
5767,1000,5768000
5768,1000,5769000
5769,1000,5770000
5770,1000,5771000
5771,1000,5772000
5772,1000,5773000
5773,1000,5774000
5774,1000,5775000
5775,1000,5776000
5776,1000,5777000
5777,1000,5778000
5778,1000,5779000
5779,1000,5780000
5780,1000,5781000
5781,1000,5782000
5782,1000,5783000
5783,1000,5784000
5784,1000,5785000
5785,1000,5786000
5786,1000,5787000
5787,1000,5788000
5788,1000,5789000
5789,1000,5790000
5790,1000,5791000
5791,1000,5792000
5792,1000,5793000
5793,1000,5794000
5794,1000,5795000
5795,1000,5796000
5796,1000,5797000
5797,1000,5798000
5798,1000,5799000
5799,1000,5800000
5800,1000,5801000
5801,1000,5802000
5802,1000,5803000
5803,1000,5804000
5804,1000,5805000
5805,1000,5806000
5806,1000,5807000
5807,1000,5808000
5808,1000,5809000
5809,1000,5810000
5810,1000,5811000
5811,1000,5812000
5812,1000,5813000
5813,1000,5814000
5814,1000,5815000
5815,1000,5816000
5816,1000,5817000
5817,1000,5818000
5818,1000,5819000
5819,1000,5820000
5820,1000,5821000
5821,1000,5822000
5822,1000,5823000
5823,1000,5824000
5824,1000,5825000
5825,1000,5826000
5826,1000,5827000
5827,1000,5828000
5828,1000,5829000
5829,1000,5830000
5830,1000,5831000
5831,1000,5832000
5832,1000,5833000
5833,1000,5834000
5834,1000,5835000
5835,1000,5836000
5836,1000,5837000
5837,1000,5838000
5838,1000,5839000
5839,1000,5840000
5840,1000,5841000
5841,1000,5842000
5842,1000,5843000
5843,1000,5844000
5844,1000,5845000
5845,1000,5846000
5846,1000,5847000
5847,1000,5848000
5848,1000,5849000
5849,1000,5850000
5850,1000,5851000
5851,1000,5852000
5852,1000,5853000
5853,1000,5854000
5854,1000,5855000
5855,1000,5856000
5856,1000,5857000
5857,1000,5858000
5858,1000,5859000
5859,1000,5860000
5860,1000,5861000
5861,1000,5862000
5862,1000,5863000
5863,1000,5864000
5864,1000,5865000
5865,1000,5866000
5866,1000,5867000
5867,1000,5868000
5868,1000,5869000
5869,1000,5870000
5870,1000,5871000
5871,1000,5872000
5872,1000,5873000
5873,1000,5874000
5874,1000,5875000
5875,1000,5876000
5876,1000,5877000
5877,1000,5878000
5878,1000,5879000
5879,1000,5880000
5880,1000,5881000
5881,1000,5882000
5882,1000,5883000
5883,1000,5884000
5884,1000,5885000
5885,1000,5886000
5886,1000,5887000
5887,1000,5888000
5888,1000,5889000
5889,1000,5890000
5890,1000,5891000
5891,1000,5892000
5892,1000,5893000
5893,1000,5894000
5894,1000,5895000
5895,1000,5896000
5896,1000,5897000
5897,1000,5898000
5898,1000,5899000
5899,1000,5900000
5900,1000,5901000
5901,1000,5902000
5902,1000,5903000
5903,1000,5904000
5904,1000,5905000
5905,1000,5906000
5906,1000,5907000
5907,1000,5908000
5908,1000,5909000
5909,1000,5910000
5910,1000,5911000
5911,1000,5912000
5912,1000,5913000
5913,1000,5914000
5914,1000,5915000
5915,1000,5916000
5916,1000,5917000
5917,1000,5918000
5918,1000,5919000
5919,1000,5920000
5920,1000,5921000
5921,1000,5922000
5922,1000,5923000
5923,1000,5924000
5924,1000,5925000
5925,1000,5926000
5926,1000,5927000
5927,1000,5928000
5928,1000,5929000
5929,1000,5930000
5930,1000,5931000
5931,1000,5932000
5932,1000,5933000
5933,1000,5934000
5934,1000,5935000
5935,1000,5936000
5936,1000,5937000
5937,1000,5938000
5938,1000,5939000
5939,1000,5940000
5940,1000,5941000
5941,1000,5942000
5942,1000,5943000
5943,1000,5944000
5944,1000,5945000
5945,1000,5946000
5946,1000,5947000
5947,1000,5948000
5948,1000,5949000
5949,1000,5950000
5950,1000,5951000
5951,1000,5952000
5952,1000,5953000
5953,1000,5954000
5954,1000,5955000
5955,1000,5956000
5956,1000,5957000
5957,1000,5958000
5958,1000,5959000
5959,1000,5960000
5960,1000,5961000
5961,1000,5962000
5962,1000,5963000
5963,1000,5964000
5964,1000,5965000
5965,1000,5966000
5966,1000,5967000
5967,1000,5968000
5968,1000,5969000
5969,1000,5970000
5970,1000,5971000
5971,1000,5972000
5972,1000,5973000
5973,1000,5974000
5974,1000,5975000
5975,1000,5976000
5976,1000,5977000
5977,1000,5978000
5978,1000,5979000
5979,1000,5980000
5980,1000,5981000
5981,1000,5982000
5982,1000,5983000
5983,1000,5984000
5984,1000,5985000
5985,1000,5986000
5986,1000,5987000
5987,1000,5988000
5988,1000,5989000
5989,1000,5990000
5990,1000,5991000
5991,1000,5992000
5992,1000,5993000
5993,1000,5994000
5994,1000,5995000
5995,1000,5996000
5996,1000,5997000
5997,1000,5998000
5998,1000,5999000
5999,1000,6000000
6000,1000,6001000
6001,1000,6002000
6002,1000,6003000
6003,1000,6004000
6004,1000,6005000
6005,1000,6006000
6006,1000,6007000
6007,1000,6008000
6008,1000,6009000
6009,1000,6010000
6010,1000,6011000
6011,1000,6012000
6012,1000,6013000
6013,1000,6014000
6014,1000,6015000
6015,1000,6016000
6016,1000,6017000
6017,1000,6018000
6018,1000,6019000
6019,1000,6020000
6020,1000,6021000
6021,1000,6022000
6022,1000,6023000
6023,1000,6024000
6024,1000,6025000
6025,1000,6026000
6026,1000,6027000
6027,1000,6028000
6028,1000,6029000
6029,1000,6030000
6030,1000,6031000
6031,1000,6032000
6032,1000,6033000
6033,1000,6034000
6034,1000,6035000
6035,1000,6036000
6036,1000,6037000
6037,1000,6038000
6038,1000,6039000
6039,1000,6040000
6040,1000,6041000
6041,1000,6042000
6042,1000,6043000
6043,1000,6044000
6044,1000,6045000
6045,1000,6046000
6046,1000,6047000
6047,1000,6048000
6048,1000,6049000
6049,1000,6050000
6050,1000,6051000
6051,1000,6052000
6052,1000,6053000
6053,1000,6054000
6054,1000,6055000
6055,1000,6056000
6056,1000,6057000
6057,1000,6058000
6058,1000,6059000
6059,1000,6060000
6060,1000,6061000
6061,1000,6062000
6062,1000,6063000
6063,1000,6064000
6064,1000,6065000
6065,1000,6066000
6066,1000,6067000
6067,1000,6068000
6068,1000,6069000
6069,1000,6070000
6070,1000,6071000
6071,1000,6072000
6072,1000,6073000
6073,1000,6074000
6074,1000,6075000
6075,1000,6076000
6076,1000,6077000
6077,1000,6078000
6078,1000,6079000
6079,1000,6080000
6080,1000,6081000
6081,1000,6082000
6082,1000,6083000
6083,1000,6084000
6084,1000,6085000
6085,1000,6086000
6086,1000,6087000
6087,1000,6088000
6088,1000,6089000
6089,1000,6090000
6090,1000,6091000
6091,1000,6092000
6092,1000,6093000
6093,1000,6094000
6094,1000,6095000
6095,1000,6096000
6096,1000,6097000
6097,1000,6098000
6098,1000,6099000
6099,1000,6100000
6100,1000,6101000
6101,1000,6102000
6102,1000,6103000
6103,1000,6104000
6104,1000,6105000
6105,1000,6106000
6106,1000,6107000
6107,1000,6108000
6108,1000,6109000
6109,1000,6110000
6110,1000,6111000
6111,1000,6112000
6112,1000,6113000
6113,1000,6114000
6114,1000,6115000
6115,1000,6116000
6116,1000,6117000
6117,1000,6118000
6118,1000,6119000
6119,1000,6120000
6120,1000,6121000
6121,1000,6122000
6122,1000,6123000
6123,1000,6124000
6124,1000,6125000
6125,1000,6126000
6126,1000,6127000
6127,1000,6128000
6128,1000,6129000
6129,1000,6130000
6130,1000,6131000
6131,1000,6132000
6132,1000,6133000
6133,1000,6134000
6134,1000,6135000
6135,1000,6136000
6136,1000,6137000
6137,1000,6138000
6138,1000,6139000
6139,1000,6140000
6140,1000,6141000
6141,1000,6142000
6142,1000,6143000
6143,1000,6144000
6144,1000,6145000
6145,1000,6146000
6146,1000,6147000
6147,1000,6148000
6148,1000,6149000
6149,1000,6150000
6150,1000,6151000
6151,1000,6152000
6152,1000,6153000
6153,1000,6154000
6154,1000,6155000
6155,1000,6156000
6156,1000,6157000
6157,1000,6158000
6158,1000,6159000
6159,1000,6160000
6160,1000,6161000
6161,1000,6162000
6162,1000,6163000
6163,1000,6164000
6164,1000,6165000
6165,1000,6166000
6166,1000,6167000
6167,1000,6168000
6168,1000,6169000
6169,1000,6170000
6170,1000,6171000
6171,1000,6172000
6172,1000,6173000
6173,1000,6174000
6174,1000,6175000
6175,1000,6176000
6176,1000,6177000
6177,1000,6178000
6178,1000,6179000
6179,1000,6180000
6180,1000,6181000
6181,1000,6182000
6182,1000,6183000
6183,1000,6184000
6184,1000,6185000
6185,1000,6186000
6186,1000,6187000
6187,1000,6188000
6188,1000,6189000
6189,1000,6190000
6190,1000,6191000
6191,1000,6192000
6192,1000,6193000
6193,1000,6194000
6194,1000,6195000
6195,1000,6196000
6196,1000,6197000
6197,1000,6198000
6198,1000,6199000
6199,1000,6200000
6200,1000,6201000
6201,1000,6202000
6202,1000,6203000
6203,1000,6204000
6204,1000,6205000
6205,1000,6206000
6206,1000,6207000
6207,1000,6208000
6208,1000,6209000
6209,1000,6210000
6210,1000,6211000
6211,1000,6212000
6212,1000,6213000
6213,1000,6214000
6214,1000,6215000
6215,1000,6216000
6216,1000,6217000
6217,1000,6218000
6218,1000,6219000
6219,1000,6220000
6220,1000,6221000
6221,1000,6222000
6222,1000,6223000
6223,1000,6224000
6224,1000,6225000
6225,1000,6226000
6226,1000,6227000
6227,1000,6228000
6228,1000,6229000
6229,1000,6230000
6230,1000,6231000
6231,1000,6232000
6232,1000,6233000
6233,1000,6234000
6234,1000,6235000
6235,1000,6236000
6236,1000,6237000
6237,1000,6238000
6238,1000,6239000
6239,1000,6240000
6240,1000,6241000
6241,1000,6242000
6242,1000,6243000
6243,1000,6244000
6244,1000,6245000
6245,1000,6246000
6246,1000,6247000
6247,1000,6248000
6248,1000,6249000
6249,1000,6250000
6250,1000,6251000
6251,1000,6252000
6252,1000,6253000
6253,1000,6254000
6254,1000,6255000
6255,1000,6256000
6256,1000,6257000
6257,1000,6258000
6258,1000,6259000
6259,1000,6260000
6260,1000,6261000
6261,1000,6262000
6262,1000,6263000
6263,1000,6264000
6264,1000,6265000
6265,1000,6266000
6266,1000,6267000
6267,1000,6268000
6268,1000,6269000
6269,1000,6270000
6270,1000,6271000
6271,1000,6272000
6272,1000,6273000
6273,1000,6274000
6274,1000,6275000
6275,1000,6276000
6276,1000,6277000
6277,1000,6278000
6278,1000,6279000
6279,1000,6280000
6280,1000,6281000
6281,1000,6282000
6282,1000,6283000
6283,1000,6284000
6284,1000,6285000
6285,1000,6286000
6286,1000,6287000
6287,1000,6288000
6288,1000,6289000
6289,1000,6290000
6290,1000,6291000
6291,1000,6292000
6292,1000,6293000
6293,1000,6294000
6294,1000,6295000
6295,1000,6296000
6296,1000,6297000
6297,1000,6298000
6298,1000,6299000
6299,1000,6300000
6300,1000,6301000
6301,1000,6302000
6302,1000,6303000
6303,1000,6304000
6304,1000,6305000
6305,1000,6306000
6306,1000,6307000
6307,1000,6308000
6308,1000,6309000
6309,1000,6310000
6310,1000,6311000
6311,1000,6312000
6312,1000,6313000
6313,1000,6314000
6314,1000,6315000
6315,1000,6316000
6316,1000,6317000
6317,1000,6318000
6318,1000,6319000
6319,1000,6320000
6320,1000,6321000
6321,1000,6322000
6322,1000,6323000
6323,1000,6324000
6324,1000,6325000
6325,1000,6326000
6326,1000,6327000
6327,1000,6328000
6328,1000,6329000
6329,1000,6330000
6330,1000,6331000
6331,1000,6332000
6332,1000,6333000
6333,1000,6334000
6334,1000,6335000
6335,1000,6336000
6336,1000,6337000
6337,1000,6338000
6338,1000,6339000
6339,1000,6340000
6340,1000,6341000
6341,1000,6342000
6342,1000,6343000
6343,1000,6344000
6344,1000,6345000
6345,1000,6346000
6346,1000,6347000
6347,1000,6348000
6348,1000,6349000
6349,1000,6350000
6350,1000,6351000
6351,1000,6352000
6352,1000,6353000
6353,1000,6354000
6354,1000,6355000
6355,1000,6356000
6356,1000,6357000
6357,1000,6358000
6358,1000,6359000
6359,1000,6360000
6360,1000,6361000
6361,1000,6362000
6362,1000,6363000
6363,1000,6364000
6364,1000,6365000
6365,1000,6366000
6366,1000,6367000
6367,1000,6368000
6368,1000,6369000
6369,1000,6370000
6370,1000,6371000
6371,1000,6372000
6372,1000,6373000
6373,1000,6374000
6374,1000,6375000
6375,1000,6376000
6376,1000,6377000
6377,1000,6378000
6378,1000,6379000
6379,1000,6380000
6380,1000,6381000
6381,1000,6382000
6382,1000,6383000
6383,1000,6384000
6384,1000,6385000
6385,1000,6386000
6386,1000,6387000
6387,1000,6388000
6388,1000,6389000
6389,1000,6390000
6390,1000,6391000
6391,1000,6392000
6392,1000,6393000
6393,1000,6394000
6394,1000,6395000
6395,1000,6396000
6396,1000,6397000
6397,1000,6398000
6398,1000,6399000
6399,1000,6400000
6400,1000,6401000
6401,1000,6402000
6402,1000,6403000
6403,1000,6404000
6404,1000,6405000
6405,1000,6406000
6406,1000,6407000
6407,1000,6408000
6408,1000,6409000
6409,1000,6410000
6410,1000,6411000
6411,1000,6412000
6412,1000,6413000
6413,1000,6414000
6414,1000,6415000
6415,1000,6416000
6416,1000,6417000
6417,1000,6418000
6418,1000,6419000
6419,1000,6420000
6420,1000,6421000
6421,1000,6422000
6422,1000,6423000
6423,1000,6424000
6424,1000,6425000
6425,1000,6426000
6426,1000,6427000
6427,1000,6428000
6428,1000,6429000
6429,1000,6430000
6430,1000,6431000
6431,1000,6432000
6432,1000,6433000
6433,1000,6434000
6434,1000,6435000
6435,1000,6436000
6436,1000,6437000
6437,1000,6438000
6438,1000,6439000
6439,1000,6440000
6440,1000,6441000
6441,1000,6442000
6442,1000,6443000
6443,1000,6444000
6444,1000,6445000
6445,1000,6446000
6446,1000,6447000
6447,1000,6448000
6448,1000,6449000
6449,1000,6450000
6450,1000,6451000
6451,1000,6452000
6452,1000,6453000
6453,1000,6454000
6454,1000,6455000
6455,1000,6456000
6456,1000,6457000
6457,1000,6458000
6458,1000,6459000
6459,1000,6460000
6460,1000,6461000
6461,1000,6462000
6462,1000,6463000
6463,1000,6464000
6464,1000,6465000
6465,1000,6466000
6466,1000,6467000
6467,1000,6468000
6468,1000,6469000
6469,1000,6470000
6470,1000,6471000
6471,1000,6472000
6472,1000,6473000
6473,1000,6474000
6474,1000,6475000
6475,1000,6476000
6476,1000,6477000
6477,1000,6478000
6478,1000,6479000
6479,1000,6480000
6480,1000,6481000
6481,1000,6482000
6482,1000,6483000
6483,1000,6484000
6484,1000,6485000
6485,1000,6486000
6486,1000,6487000
6487,1000,6488000
6488,1000,6489000
6489,1000,6490000
6490,1000,6491000
6491,1000,6492000
6492,1000,6493000
6493,1000,6494000
6494,1000,6495000
6495,1000,6496000
6496,1000,6497000
6497,1000,6498000
6498,1000,6499000
6499,1000,6500000
6500,1000,6501000
6501,1000,6502000
6502,1000,6503000
6503,1000,6504000
6504,1000,6505000
6505,1000,6506000
6506,1000,6507000
6507,1000,6508000
6508,1000,6509000
6509,1000,6510000
6510,1000,6511000
6511,1000,6512000
6512,1000,6513000
6513,1000,6514000
6514,1000,6515000
6515,1000,6516000
6516,1000,6517000
6517,1000,6518000
6518,1000,6519000
6519,1000,6520000
6520,1000,6521000
6521,1000,6522000
6522,1000,6523000
6523,1000,6524000
6524,1000,6525000
6525,1000,6526000
6526,1000,6527000
6527,1000,6528000
6528,1000,6529000
6529,1000,6530000
6530,1000,6531000
6531,1000,6532000
6532,1000,6533000
6533,1000,6534000
6534,1000,6535000
6535,1000,6536000
6536,1000,6537000
6537,1000,6538000
6538,1000,6539000
6539,1000,6540000
6540,1000,6541000
6541,1000,6542000
6542,1000,6543000
6543,1000,6544000
6544,1000,6545000
6545,1000,6546000
6546,1000,6547000
6547,1000,6548000
6548,1000,6549000
6549,1000,6550000
6550,1000,6551000
6551,1000,6552000
6552,1000,6553000
6553,1000,6554000
6554,1000,6555000
6555,1000,6556000
6556,1000,6557000
6557,1000,6558000
6558,1000,6559000
6559,1000,6560000
6560,1000,6561000
6561,1000,6562000
6562,1000,6563000
6563,1000,6564000
6564,1000,6565000
6565,1000,6566000
6566,1000,6567000
6567,1000,6568000
6568,1000,6569000
6569,1000,6570000
6570,1000,6571000
6571,1000,6572000
6572,1000,6573000
6573,1000,6574000
6574,1000,6575000
6575,1000,6576000
6576,1000,6577000
6577,1000,6578000
6578,1000,6579000
6579,1000,6580000
6580,1000,6581000
6581,1000,6582000
6582,1000,6583000
6583,1000,6584000
6584,1000,6585000
6585,1000,6586000
6586,1000,6587000
6587,1000,6588000
6588,1000,6589000
6589,1000,6590000
6590,1000,6591000
6591,1000,6592000
6592,1000,6593000
6593,1000,6594000
6594,1000,6595000
6595,1000,6596000
6596,1000,6597000
6597,1000,6598000
6598,1000,6599000
6599,1000,6600000
6600,1000,6601000
6601,1000,6602000
6602,1000,6603000
6603,1000,6604000
6604,1000,6605000
6605,1000,6606000
6606,1000,6607000
6607,1000,6608000
6608,1000,6609000
6609,1000,6610000
6610,1000,6611000
6611,1000,6612000
6612,1000,6613000
6613,1000,6614000
6614,1000,6615000
6615,1000,6616000
6616,1000,6617000
6617,1000,6618000
6618,1000,6619000
6619,1000,6620000
6620,1000,6621000
6621,1000,6622000
6622,1000,6623000
6623,1000,6624000
6624,1000,6625000
6625,1000,6626000
6626,1000,6627000
6627,1000,6628000
6628,1000,6629000
6629,1000,6630000
6630,1000,6631000
6631,1000,6632000
6632,1000,6633000
6633,1000,6634000
6634,1000,6635000
6635,1000,6636000
6636,1000,6637000
6637,1000,6638000
6638,1000,6639000
6639,1000,6640000
6640,1000,6641000
6641,1000,6642000
6642,1000,6643000
6643,1000,6644000
6644,1000,6645000
6645,1000,6646000
6646,1000,6647000
6647,1000,6648000
6648,1000,6649000
6649,1000,6650000
6650,1000,6651000
6651,1000,6652000
6652,1000,6653000
6653,1000,6654000
6654,1000,6655000
6655,1000,6656000
6656,1000,6657000
6657,1000,6658000
6658,1000,6659000
6659,1000,6660000
6660,1000,6661000
6661,1000,6662000
6662,1000,6663000
6663,1000,6664000
6664,1000,6665000
6665,1000,6666000
6666,1000,6667000
6667,1000,6668000
6668,1000,6669000
6669,1000,6670000
6670,1000,6671000
6671,1000,6672000
6672,1000,6673000
6673,1000,6674000
6674,1000,6675000
6675,1000,6676000
6676,1000,6677000
6677,1000,6678000
6678,1000,6679000
6679,1000,6680000
6680,1000,6681000
6681,1000,6682000
6682,1000,6683000
6683,1000,6684000
6684,1000,6685000
6685,1000,6686000
6686,1000,6687000
6687,1000,6688000
6688,1000,6689000
6689,1000,6690000
6690,1000,6691000
6691,1000,6692000
6692,1000,6693000
6693,1000,6694000
6694,1000,6695000
6695,1000,6696000
6696,1000,6697000
6697,1000,6698000
6698,1000,6699000
6699,1000,6700000
6700,1000,6701000
6701,1000,6702000
6702,1000,6703000
6703,1000,6704000
6704,1000,6705000
6705,1000,6706000
6706,1000,6707000
6707,1000,6708000
6708,1000,6709000
6709,1000,6710000
6710,1000,6711000
6711,1000,6712000
6712,1000,6713000
6713,1000,6714000
6714,1000,6715000
6715,1000,6716000
6716,1000,6717000
6717,1000,6718000
6718,1000,6719000
6719,1000,6720000
6720,1000,6721000
6721,1000,6722000
6722,1000,6723000
6723,1000,6724000
6724,1000,6725000
6725,1000,6726000
6726,1000,6727000
6727,1000,6728000
6728,1000,6729000
6729,1000,6730000
6730,1000,6731000
6731,1000,6732000
6732,1000,6733000
6733,1000,6734000
6734,1000,6735000
6735,1000,6736000
6736,1000,6737000
6737,1000,6738000
6738,1000,6739000
6739,1000,6740000
6740,1000,6741000
6741,1000,6742000
6742,1000,6743000
6743,1000,6744000
6744,1000,6745000
6745,1000,6746000
6746,1000,6747000
6747,1000,6748000
6748,1000,6749000
6749,1000,6750000
6750,1000,6751000
6751,1000,6752000
6752,1000,6753000
6753,1000,6754000
6754,1000,6755000
6755,1000,6756000
6756,1000,6757000
6757,1000,6758000
6758,1000,6759000
6759,1000,6760000
6760,1000,6761000
6761,1000,6762000
6762,1000,6763000
6763,1000,6764000
6764,1000,6765000
6765,1000,6766000
6766,1000,6767000
6767,1000,6768000
6768,1000,6769000
6769,1000,6770000
6770,1000,6771000
6771,1000,6772000
6772,1000,6773000
6773,1000,6774000
6774,1000,6775000
6775,1000,6776000
6776,1000,6777000
6777,1000,6778000
6778,1000,6779000
6779,1000,6780000
6780,1000,6781000
6781,1000,6782000
6782,1000,6783000
6783,1000,6784000
6784,1000,6785000
6785,1000,6786000
6786,1000,6787000
6787,1000,6788000
6788,1000,6789000
6789,1000,6790000
6790,1000,6791000
6791,1000,6792000
6792,1000,6793000
6793,1000,6794000
6794,1000,6795000
6795,1000,6796000
6796,1000,6797000
6797,1000,6798000
6798,1000,6799000
6799,1000,6800000
6800,1000,6801000
6801,1000,6802000
6802,1000,6803000
6803,1000,6804000
6804,1000,6805000
6805,1000,6806000
6806,1000,6807000
6807,1000,6808000
6808,1000,6809000
6809,1000,6810000
6810,1000,6811000
6811,1000,6812000
6812,1000,6813000
6813,1000,6814000
6814,1000,6815000
6815,1000,6816000
6816,1000,6817000
6817,1000,6818000
6818,1000,6819000
6819,1000,6820000
6820,1000,6821000
6821,1000,6822000
6822,1000,6823000
6823,1000,6824000
6824,1000,6825000
6825,1000,6826000
6826,1000,6827000
6827,1000,6828000
6828,1000,6829000
6829,1000,6830000
6830,1000,6831000
6831,1000,6832000
6832,1000,6833000
6833,1000,6834000
6834,1000,6835000
6835,1000,6836000
6836,1000,6837000
6837,1000,6838000
6838,1000,6839000
6839,1000,6840000
6840,1000,6841000
6841,1000,6842000
6842,1000,6843000
6843,1000,6844000
6844,1000,6845000
6845,1000,6846000
6846,1000,6847000
6847,1000,6848000
6848,1000,6849000
6849,1000,6850000
6850,1000,6851000
6851,1000,6852000
6852,1000,6853000
6853,1000,6854000
6854,1000,6855000
6855,1000,6856000
6856,1000,6857000
6857,1000,6858000
6858,1000,6859000
6859,1000,6860000
6860,1000,6861000
6861,1000,6862000
6862,1000,6863000
6863,1000,6864000
6864,1000,6865000
6865,1000,6866000
6866,1000,6867000
6867,1000,6868000
6868,1000,6869000
6869,1000,6870000
6870,1000,6871000
6871,1000,6872000
6872,1000,6873000
6873,1000,6874000
6874,1000,6875000
6875,1000,6876000
6876,1000,6877000
6877,1000,6878000
6878,1000,6879000
6879,1000,6880000
6880,1000,6881000
6881,1000,6882000
6882,1000,6883000
6883,1000,6884000
6884,1000,6885000
6885,1000,6886000
6886,1000,6887000
6887,1000,6888000
6888,1000,6889000
6889,1000,6890000
6890,1000,6891000
6891,1000,6892000
6892,1000,6893000
6893,1000,6894000
6894,1000,6895000
6895,1000,6896000
6896,1000,6897000
6897,1000,6898000
6898,1000,6899000
6899,1000,6900000
6900,1000,6901000
6901,1000,6902000
6902,1000,6903000
6903,1000,6904000
6904,1000,6905000
6905,1000,6906000
6906,1000,6907000
6907,1000,6908000
6908,1000,6909000
6909,1000,6910000
6910,1000,6911000
6911,1000,6912000
6912,1000,6913000
6913,1000,6914000
6914,1000,6915000
6915,1000,6916000
6916,1000,6917000
6917,1000,6918000
6918,1000,6919000
6919,1000,6920000
6920,1000,6921000
6921,1000,6922000
6922,1000,6923000
6923,1000,6924000
6924,1000,6925000
6925,1000,6926000
6926,1000,6927000
6927,1000,6928000
6928,1000,6929000
6929,1000,6930000
6930,1000,6931000
6931,1000,6932000
6932,1000,6933000
6933,1000,6934000
6934,1000,6935000
6935,1000,6936000
6936,1000,6937000
6937,1000,6938000
6938,1000,6939000
6939,1000,6940000
6940,1000,6941000
6941,1000,6942000
6942,1000,6943000
6943,1000,6944000
6944,1000,6945000
6945,1000,6946000
6946,1000,6947000
6947,1000,6948000
6948,1000,6949000
6949,1000,6950000
6950,1000,6951000
6951,1000,6952000
6952,1000,6953000
6953,1000,6954000
6954,1000,6955000
6955,1000,6956000
6956,1000,6957000
6957,1000,6958000
6958,1000,6959000
6959,1000,6960000
6960,1000,6961000
6961,1000,6962000
6962,1000,6963000
6963,1000,6964000
6964,1000,6965000
6965,1000,6966000
6966,1000,6967000
6967,1000,6968000
6968,1000,6969000
6969,1000,6970000
6970,1000,6971000
6971,1000,6972000
6972,1000,6973000
6973,1000,6974000
6974,1000,6975000
6975,1000,6976000
6976,1000,6977000
6977,1000,6978000
6978,1000,6979000
6979,1000,6980000
6980,1000,6981000
6981,1000,6982000
6982,1000,6983000
6983,1000,6984000
6984,1000,6985000
6985,1000,6986000
6986,1000,6987000
6987,1000,6988000
6988,1000,6989000
6989,1000,6990000
6990,1000,6991000
6991,1000,6992000
6992,1000,6993000
6993,1000,6994000
6994,1000,6995000
6995,1000,6996000
6996,1000,6997000
6997,1000,6998000
6998,1000,6999000
6999,1000,7000000
7000,1000,7001000
7001,1000,7002000
7002,1000,7003000
7003,1000,7004000
7004,1000,7005000
7005,1000,7006000
7006,1000,7007000
7007,1000,7008000
7008,1000,7009000
7009,1000,7010000
7010,1000,7011000
7011,1000,7012000
7012,1000,7013000
7013,1000,7014000
7014,1000,7015000
7015,1000,7016000
7016,1000,7017000
7017,1000,7018000
7018,1000,7019000
7019,1000,7020000
7020,1000,7021000
7021,1000,7022000
7022,1000,7023000
7023,1000,7024000
7024,1000,7025000
7025,1000,7026000
7026,1000,7027000
7027,1000,7028000
7028,1000,7029000
7029,1000,7030000
7030,1000,7031000
7031,1000,7032000
7032,1000,7033000
7033,1000,7034000
7034,1000,7035000
7035,1000,7036000
7036,1000,7037000
7037,1000,7038000
7038,1000,7039000
7039,1000,7040000
7040,1000,7041000
7041,1000,7042000
7042,1000,7043000
7043,1000,7044000
7044,1000,7045000
7045,1000,7046000
7046,1000,7047000
7047,1000,7048000
7048,1000,7049000
7049,1000,7050000
7050,1000,7051000
7051,1000,7052000
7052,1000,7053000
7053,1000,7054000
7054,1000,7055000
7055,1000,7056000
7056,1000,7057000
7057,1000,7058000
7058,1000,7059000
7059,1000,7060000
7060,1000,7061000
7061,1000,7062000
7062,1000,7063000
7063,1000,7064000
7064,1000,7065000
7065,1000,7066000
7066,1000,7067000
7067,1000,7068000
7068,1000,7069000
7069,1000,7070000
7070,1000,7071000
7071,1000,7072000
7072,1000,7073000
7073,1000,7074000
7074,1000,7075000
7075,1000,7076000
7076,1000,7077000
7077,1000,7078000
7078,1000,7079000
7079,1000,7080000
7080,1000,7081000
7081,1000,7082000
7082,1000,7083000
7083,1000,7084000
7084,1000,7085000
7085,1000,7086000
7086,1000,7087000
7087,1000,7088000
7088,1000,7089000
7089,1000,7090000
7090,1000,7091000
7091,1000,7092000
7092,1000,7093000
7093,1000,7094000
7094,1000,7095000
7095,1000,7096000
7096,1000,7097000
7097,1000,7098000
7098,1000,7099000
7099,1000,7100000
7100,1000,7101000
7101,1000,7102000
7102,1000,7103000
7103,1000,7104000
7104,1000,7105000
7105,1000,7106000
7106,1000,7107000
7107,1000,7108000
7108,1000,7109000
7109,1000,7110000
7110,1000,7111000
7111,1000,7112000
7112,1000,7113000
7113,1000,7114000
7114,1000,7115000
7115,1000,7116000
7116,1000,7117000
7117,1000,7118000
7118,1000,7119000
7119,1000,7120000
7120,1000,7121000
7121,1000,7122000
7122,1000,7123000
7123,1000,7124000
7124,1000,7125000
7125,1000,7126000
7126,1000,7127000
7127,1000,7128000
7128,1000,7129000
7129,1000,7130000
7130,1000,7131000
7131,1000,7132000
7132,1000,7133000
7133,1000,7134000
7134,1000,7135000
7135,1000,7136000
7136,1000,7137000
7137,1000,7138000
7138,1000,7139000
7139,1000,7140000
7140,1000,7141000
7141,1000,7142000
7142,1000,7143000
7143,1000,7144000
7144,1000,7145000
7145,1000,7146000
7146,1000,7147000
7147,1000,7148000
7148,1000,7149000
7149,1000,7150000
7150,1000,7151000
7151,1000,7152000
7152,1000,7153000
7153,1000,7154000
7154,1000,7155000
7155,1000,7156000
7156,1000,7157000
7157,1000,7158000
7158,1000,7159000
7159,1000,7160000
7160,1000,7161000
7161,1000,7162000
7162,1000,7163000
7163,1000,7164000
7164,1000,7165000
7165,1000,7166000
7166,1000,7167000
7167,1000,7168000
7168,1000,7169000
7169,1000,7170000
7170,1000,7171000
7171,1000,7172000
7172,1000,7173000
7173,1000,7174000
7174,1000,7175000
7175,1000,7176000
7176,1000,7177000
7177,1000,7178000
7178,1000,7179000
7179,1000,7180000
7180,1000,7181000
7181,1000,7182000
7182,1000,7183000
7183,1000,7184000
7184,1000,7185000
7185,1000,7186000
7186,1000,7187000
7187,1000,7188000
7188,1000,7189000
7189,1000,7190000
7190,1000,7191000
7191,1000,7192000
7192,1000,7193000
7193,1000,7194000
7194,1000,7195000
7195,1000,7196000
7196,1000,7197000
7197,1000,7198000
7198,1000,7199000
7199,1000,7200000
7200,1000,7201000
7201,1000,7202000
7202,1000,7203000
7203,1000,7204000
7204,1000,7205000
7205,1000,7206000
7206,1000,7207000
7207,1000,7208000
7208,1000,7209000
7209,1000,7210000
7210,1000,7211000
7211,1000,7212000
7212,1000,7213000
7213,1000,7214000
7214,1000,7215000
7215,1000,7216000
7216,1000,7217000
7217,1000,7218000
7218,1000,7219000
7219,1000,7220000
7220,1000,7221000
7221,1000,7222000
7222,1000,7223000
7223,1000,7224000
7224,1000,7225000
7225,1000,7226000
7226,1000,7227000
7227,1000,7228000
7228,1000,7229000
7229,1000,7230000
7230,1000,7231000
7231,1000,7232000
7232,1000,7233000
7233,1000,7234000
7234,1000,7235000
7235,1000,7236000
7236,1000,7237000
7237,1000,7238000
7238,1000,7239000
7239,1000,7240000
7240,1000,7241000
7241,1000,7242000
7242,1000,7243000
7243,1000,7244000
7244,1000,7245000
7245,1000,7246000
7246,1000,7247000
7247,1000,7248000
7248,1000,7249000
7249,1000,7250000
7250,1000,7251000
7251,1000,7252000
7252,1000,7253000
7253,1000,7254000
7254,1000,7255000
7255,1000,7256000
7256,1000,7257000
7257,1000,7258000
7258,1000,7259000
7259,1000,7260000
7260,1000,7261000
7261,1000,7262000
7262,1000,7263000
7263,1000,7264000
7264,1000,7265000
7265,1000,7266000
7266,1000,7267000
7267,1000,7268000
7268,1000,7269000
7269,1000,7270000
7270,1000,7271000
7271,1000,7272000
7272,1000,7273000
7273,1000,7274000
7274,1000,7275000
7275,1000,7276000
7276,1000,7277000
7277,1000,7278000
7278,1000,7279000
7279,1000,7280000
7280,1000,7281000
7281,1000,7282000
7282,1000,7283000
7283,1000,7284000
7284,1000,7285000
7285,1000,7286000
7286,1000,7287000
7287,1000,7288000
7288,1000,7289000
7289,1000,7290000
7290,1000,7291000
7291,1000,7292000
7292,1000,7293000
7293,1000,7294000
7294,1000,7295000
7295,1000,7296000
7296,1000,7297000
7297,1000,7298000
7298,1000,7299000
7299,1000,7300000
7300,1000,7301000
7301,1000,7302000
7302,1000,7303000
7303,1000,7304000
7304,1000,7305000
7305,1000,7306000
7306,1000,7307000
7307,1000,7308000
7308,1000,7309000
7309,1000,7310000
7310,1000,7311000
7311,1000,7312000
7312,1000,7313000
7313,1000,7314000
7314,1000,7315000
7315,1000,7316000
7316,1000,7317000
7317,1000,7318000
7318,1000,7319000
7319,1000,7320000
7320,1000,7321000
7321,1000,7322000
7322,1000,7323000
7323,1000,7324000
7324,1000,7325000
7325,1000,7326000
7326,1000,7327000
7327,1000,7328000
7328,1000,7329000
7329,1000,7330000
7330,1000,7331000
7331,1000,7332000
7332,1000,7333000
7333,1000,7334000
7334,1000,7335000
7335,1000,7336000
7336,1000,7337000
7337,1000,7338000
7338,1000,7339000
7339,1000,7340000
7340,1000,7341000
7341,1000,7342000
7342,1000,7343000
7343,1000,7344000
7344,1000,7345000
7345,1000,7346000
7346,1000,7347000
7347,1000,7348000
7348,1000,7349000
7349,1000,7350000
7350,1000,7351000
7351,1000,7352000
7352,1000,7353000
7353,1000,7354000
7354,1000,7355000
7355,1000,7356000
7356,1000,7357000
7357,1000,7358000
7358,1000,7359000
7359,1000,7360000
7360,1000,7361000
7361,1000,7362000
7362,1000,7363000
7363,1000,7364000
7364,1000,7365000
7365,1000,7366000
7366,1000,7367000
7367,1000,7368000
7368,1000,7369000
7369,1000,7370000
7370,1000,7371000
7371,1000,7372000
7372,1000,7373000
7373,1000,7374000
7374,1000,7375000
7375,1000,7376000
7376,1000,7377000
7377,1000,7378000
7378,1000,7379000
7379,1000,7380000
7380,1000,7381000
7381,1000,7382000
7382,1000,7383000
7383,1000,7384000
7384,1000,7385000
7385,1000,7386000
7386,1000,7387000
7387,1000,7388000
7388,1000,7389000
7389,1000,7390000
7390,1000,7391000
7391,1000,7392000
7392,1000,7393000
7393,1000,7394000
7394,1000,7395000
7395,1000,7396000
7396,1000,7397000
7397,1000,7398000
7398,1000,7399000
7399,1000,7400000
7400,1000,7401000
7401,1000,7402000
7402,1000,7403000
7403,1000,7404000
7404,1000,7405000
7405,1000,7406000
7406,1000,7407000
7407,1000,7408000
7408,1000,7409000
7409,1000,7410000
7410,1000,7411000
7411,1000,7412000
7412,1000,7413000
7413,1000,7414000
7414,1000,7415000
7415,1000,7416000
7416,1000,7417000
7417,1000,7418000
7418,1000,7419000
7419,1000,7420000
7420,1000,7421000
7421,1000,7422000
7422,1000,7423000
7423,1000,7424000
7424,1000,7425000
7425,1000,7426000
7426,1000,7427000
7427,1000,7428000
7428,1000,7429000
7429,1000,7430000
7430,1000,7431000
7431,1000,7432000
7432,1000,7433000
7433,1000,7434000
7434,1000,7435000
7435,1000,7436000
7436,1000,7437000
7437,1000,7438000
7438,1000,7439000
7439,1000,7440000
7440,1000,7441000
7441,1000,7442000
7442,1000,7443000
7443,1000,7444000
7444,1000,7445000
7445,1000,7446000
7446,1000,7447000
7447,1000,7448000
7448,1000,7449000
7449,1000,7450000
7450,1000,7451000
7451,1000,7452000
7452,1000,7453000
7453,1000,7454000
7454,1000,7455000
7455,1000,7456000
7456,1000,7457000
7457,1000,7458000
7458,1000,7459000
7459,1000,7460000
7460,1000,7461000
7461,1000,7462000
7462,1000,7463000
7463,1000,7464000
7464,1000,7465000
7465,1000,7466000
7466,1000,7467000
7467,1000,7468000
7468,1000,7469000
7469,1000,7470000
7470,1000,7471000
7471,1000,7472000
7472,1000,7473000
7473,1000,7474000
7474,1000,7475000
7475,1000,7476000
7476,1000,7477000
7477,1000,7478000
7478,1000,7479000
7479,1000,7480000
7480,1000,7481000
7481,1000,7482000
7482,1000,7483000
7483,1000,7484000
7484,1000,7485000
7485,1000,7486000
7486,1000,7487000
7487,1000,7488000
7488,1000,7489000
7489,1000,7490000
7490,1000,7491000
7491,1000,7492000
7492,1000,7493000
7493,1000,7494000
7494,1000,7495000
7495,1000,7496000
7496,1000,7497000
7497,1000,7498000
7498,1000,7499000
7499,1000,7500000
7500,1000,7501000
7501,1000,7502000
7502,1000,7503000
7503,1000,7504000
7504,1000,7505000
7505,1000,7506000
7506,1000,7507000
7507,1000,7508000
7508,1000,7509000
7509,1000,7510000
7510,1000,7511000
7511,1000,7512000
7512,1000,7513000
7513,1000,7514000
7514,1000,7515000
7515,1000,7516000
7516,1000,7517000
7517,1000,7518000
7518,1000,7519000
7519,1000,7520000
7520,1000,7521000
7521,1000,7522000
7522,1000,7523000
7523,1000,7524000
7524,1000,7525000
7525,1000,7526000
7526,1000,7527000
7527,1000,7528000
7528,1000,7529000
7529,1000,7530000
7530,1000,7531000
7531,1000,7532000
7532,1000,7533000
7533,1000,7534000
7534,1000,7535000
7535,1000,7536000
7536,1000,7537000
7537,1000,7538000
7538,1000,7539000
7539,1000,7540000
7540,1000,7541000
7541,1000,7542000
7542,1000,7543000
7543,1000,7544000
7544,1000,7545000
7545,1000,7546000
7546,1000,7547000
7547,1000,7548000
7548,1000,7549000
7549,1000,7550000
7550,1000,7551000
7551,1000,7552000
7552,1000,7553000
7553,1000,7554000
7554,1000,7555000
7555,1000,7556000
7556,1000,7557000
7557,1000,7558000
7558,1000,7559000
7559,1000,7560000
7560,1000,7561000
7561,1000,7562000
7562,1000,7563000
7563,1000,7564000
7564,1000,7565000
7565,1000,7566000
7566,1000,7567000
7567,1000,7568000
7568,1000,7569000
7569,1000,7570000
7570,1000,7571000
7571,1000,7572000
7572,1000,7573000
7573,1000,7574000
7574,1000,7575000
7575,1000,7576000
7576,1000,7577000
7577,1000,7578000
7578,1000,7579000
7579,1000,7580000
7580,1000,7581000
7581,1000,7582000
7582,1000,7583000
7583,1000,7584000
7584,1000,7585000
7585,1000,7586000
7586,1000,7587000
7587,1000,7588000
7588,1000,7589000
7589,1000,7590000
7590,1000,7591000
7591,1000,7592000
7592,1000,7593000
7593,1000,7594000
7594,1000,7595000
7595,1000,7596000
7596,1000,7597000
7597,1000,7598000
7598,1000,7599000
7599,1000,7600000
7600,1000,7601000
7601,1000,7602000
7602,1000,7603000
7603,1000,7604000
7604,1000,7605000
7605,1000,7606000
7606,1000,7607000
7607,1000,7608000
7608,1000,7609000
7609,1000,7610000
7610,1000,7611000
7611,1000,7612000
7612,1000,7613000
7613,1000,7614000
7614,1000,7615000
7615,1000,7616000
7616,1000,7617000
7617,1000,7618000
7618,1000,7619000
7619,1000,7620000
7620,1000,7621000
7621,1000,7622000
7622,1000,7623000
7623,1000,7624000
7624,1000,7625000
7625,1000,7626000
7626,1000,7627000
7627,1000,7628000
7628,1000,7629000
7629,1000,7630000
7630,1000,7631000
7631,1000,7632000
7632,1000,7633000
7633,1000,7634000
7634,1000,7635000
7635,1000,7636000
7636,1000,7637000
7637,1000,7638000
7638,1000,7639000
7639,1000,7640000
7640,1000,7641000
7641,1000,7642000
7642,1000,7643000
7643,1000,7644000
7644,1000,7645000
7645,1000,7646000
7646,1000,7647000
7647,1000,7648000
7648,1000,7649000
7649,1000,7650000
7650,1000,7651000
7651,1000,7652000
7652,1000,7653000
7653,1000,7654000
7654,1000,7655000
7655,1000,7656000
7656,1000,7657000
7657,1000,7658000
7658,1000,7659000
7659,1000,7660000
7660,1000,7661000
7661,1000,7662000
7662,1000,7663000
7663,1000,7664000
7664,1000,7665000
7665,1000,7666000
7666,1000,7667000
7667,1000,7668000
7668,1000,7669000
7669,1000,7670000
7670,1000,7671000
7671,1000,7672000
7672,1000,7673000
7673,1000,7674000
7674,1000,7675000
7675,1000,7676000
7676,1000,7677000
7677,1000,7678000
7678,1000,7679000
7679,1000,7680000
7680,1000,7681000
7681,1000,7682000
7682,1000,7683000
7683,1000,7684000
7684,1000,7685000
7685,1000,7686000
7686,1000,7687000
7687,1000,7688000
7688,1000,7689000
7689,1000,7690000
7690,1000,7691000
7691,1000,7692000
7692,1000,7693000
7693,1000,7694000
7694,1000,7695000
7695,1000,7696000
7696,1000,7697000
7697,1000,7698000
7698,1000,7699000
7699,1000,7700000
7700,1000,7701000
7701,1000,7702000
7702,1000,7703000
7703,1000,7704000
7704,1000,7705000
7705,1000,7706000
7706,1000,7707000
7707,1000,7708000
7708,1000,7709000
7709,1000,7710000
7710,1000,7711000
7711,1000,7712000
7712,1000,7713000
7713,1000,7714000
7714,1000,7715000
7715,1000,7716000
7716,1000,7717000
7717,1000,7718000
7718,1000,7719000
7719,1000,7720000
7720,1000,7721000
7721,1000,7722000
7722,1000,7723000
7723,1000,7724000
7724,1000,7725000
7725,1000,7726000
7726,1000,7727000
7727,1000,7728000
7728,1000,7729000
7729,1000,7730000
7730,1000,7731000
7731,1000,7732000
7732,1000,7733000
7733,1000,7734000
7734,1000,7735000
7735,1000,7736000
7736,1000,7737000
7737,1000,7738000
7738,1000,7739000
7739,1000,7740000
7740,1000,7741000
7741,1000,7742000
7742,1000,7743000
7743,1000,7744000
7744,1000,7745000
7745,1000,7746000
7746,1000,7747000
7747,1000,7748000
7748,1000,7749000
7749,1000,7750000
7750,1000,7751000
7751,1000,7752000
7752,1000,7753000
7753,1000,7754000
7754,1000,7755000
7755,1000,7756000
7756,1000,7757000
7757,1000,7758000
7758,1000,7759000
7759,1000,7760000
7760,1000,7761000
7761,1000,7762000
7762,1000,7763000
7763,1000,7764000
7764,1000,7765000
7765,1000,7766000
7766,1000,7767000
7767,1000,7768000
7768,1000,7769000
7769,1000,7770000
7770,1000,7771000
7771,1000,7772000
7772,1000,7773000
7773,1000,7774000
7774,1000,7775000
7775,1000,7776000
7776,1000,7777000
7777,1000,7778000
7778,1000,7779000
7779,1000,7780000
7780,1000,7781000
7781,1000,7782000
7782,1000,7783000
7783,1000,7784000
7784,1000,7785000
7785,1000,7786000
7786,1000,7787000
7787,1000,7788000
7788,1000,7789000
7789,1000,7790000
7790,1000,7791000
7791,1000,7792000
7792,1000,7793000
7793,1000,7794000
7794,1000,7795000
7795,1000,7796000
7796,1000,7797000
7797,1000,7798000
7798,1000,7799000
7799,1000,7800000
7800,1000,7801000
7801,1000,7802000
7802,1000,7803000
7803,1000,7804000
7804,1000,7805000
7805,1000,7806000
7806,1000,7807000
7807,1000,7808000
7808,1000,7809000
7809,1000,7810000
7810,1000,7811000
7811,1000,7812000
7812,1000,7813000
7813,1000,7814000
7814,1000,7815000
7815,1000,7816000
7816,1000,7817000
7817,1000,7818000
7818,1000,7819000
7819,1000,7820000
7820,1000,7821000
7821,1000,7822000
7822,1000,7823000
7823,1000,7824000
7824,1000,7825000
7825,1000,7826000
7826,1000,7827000
7827,1000,7828000
7828,1000,7829000
7829,1000,7830000
7830,1000,7831000
7831,1000,7832000
7832,1000,7833000
7833,1000,7834000
7834,1000,7835000
7835,1000,7836000
7836,1000,7837000
7837,1000,7838000
7838,1000,7839000
7839,1000,7840000
7840,1000,7841000
7841,1000,7842000
7842,1000,7843000
7843,1000,7844000
7844,1000,7845000
7845,1000,7846000
7846,1000,7847000
7847,1000,7848000
7848,1000,7849000
7849,1000,7850000
7850,1000,7851000
7851,1000,7852000
7852,1000,7853000
7853,1000,7854000
7854,1000,7855000
7855,1000,7856000
7856,1000,7857000
7857,1000,7858000
